Feature,Count
man,56.696693
love,40.510807
day,35.061676
night,34.06872
netflix,33.302105
queue,32.816147
netflix queue,32.816147
girl,32.067326
ii,29.197409
boy,28.207335
life,27.641027
la,26.354315
last,25.258623
war,25.246546
king,24.66078
world,24.404774
time,23.791115
dead,23.54012
death,22.332504
american,22.078514
house,21.423645
christmas,21.170965
woman,21.112709
little,20.760176
le,20.349764
big,20.28535
men,20.142138
blue,19.50674
mr,19.29695
high,19.07451
aka,18.759174
dark,18.757576
new,18.12283
black,18.091427
one,18.025227
dog,17.875515
child,17.600256
red,17.424137
game,17.204903
de,16.86556
ghost,16.671774
kid,15.623746
wild,15.455183
go,15.334155
adventure,15.1817665
white,14.985803
earth,14.715575
thing,14.621292
return,14.386491
city,14.385214
heart,14.229695
iii,14.218691
part,14.127573
angel,13.941383
brother,13.328106
star,13.305168
secret,13.19242
school,13.1716175
eye,13.045868
great,12.917262
lost,12.91711
planet,12.913513
dragon,12.81438
get,12.775335
year,12.686984
way,12.569783
tale,12.512741
two,12.451145
legend,12.278523
comedy,12.149709
street,12.135109
family,12.04149
guy,11.847429
blood,11.821572
three,11.692946
first,11.626691
book,11.331364
home,11.216623
live,11.172842
space,11.151696
alien,11.0515585
killer,10.963723
dream,10.861322
people,10.858035
back,10.843075
cop,10.832851
monster,10.799559
kill,10.700542
party,10.617549
baby,10.58938
best,10.518355
town,10.496568
sea,10.4332695
america,10.405348
th,10.394323
doctor,10.255516
end,10.15562
devil,10.145842
wedding,10.089475
son,9.941957
crime,9.89424
hill,9.839742
god,9.835271
perfect,9.790399
iron,9.738389
hero,9.698457
road,9.671799
final,9.666181
train,9.650938
fire,9.581107
business,9.550441
dr,9.47138
money,9.304575
york,9.301736
cat,9.20369
beautiful,9.167723
island,9.1399975
hard,9.056007
summer,9.047603
soldier,9.034685
die,9.004378
spy,9.003108
jack,9.002404
hour,8.977162
new york,8.89402
funny,8.87954
revenge,8.841959
room,8.819343
lady,8.79103
crazy,8.67838
murder,8.641412
music,8.611679
run,8.555836
paradise,8.554048
john,8.479469
father,8.458271
green,8.458058
thief,8.4493265
next,8.415792
evil,8.334146
kiss,8.294906
batman,8.272028
vampire,8.239608
sister,8.173962
shadow,8.161854
true,8.156799
heaven,8.113237
moon,8.042209
gun,7.9969163
ninja,7.963018
young,7.9408646
disney,7.93776
rock,7.9224315
beyond,7.819632
hell,7.7786584
call,7.730887
body,7.665021
superhero,7.651065
long,7.6373267
race,7.635685
double,7.625452
river,7.621283
friday,7.5605307
stranger,7.5517764
im,7.5341177
seven,7.4764237
art,7.4493666
wolf,7.443486
frankenstein,7.4428215
journey,7.4140453
witch,7.4083138
date,7.3972936
hot,7.3892965
beauty,7.260536
diary,7.256428
walk,7.2477202
beast,7.245245
high school,7.24276
fall,7.203788
beach,7.1778255
cold,7.1484733
land,7.134113
park,7.1238785
friend,7.1035175
play,7.041845
carol,6.886034
law,6.873637
shakespeare,6.8700547
giant,6.8255377
company,6.8230796
snow,6.815493
joe,6.809184
atmospheric,6.8013244
generation,6.80018
saw,6.794579
bird,6.779619
league,6.7656097
police,6.750285
battle,6.7484093
rose,6.7376
heist,6.733913
johnny,6.726282
take,6.7042246
animal,6.679723
state,6.6696033
four,6.6681666
religion,6.641604
human,6.6270795
water,6.623544
travel,6.61216
knight,6.6085925
master,6.558599
nothing,6.5475597
ending,6.5227165
escape,6.5019026
let,6.489442
class,6.4808717
paris,6.47895
top,6.463314
holiday,6.429966
captain,6.4269323
ride,6.4250917
bride,6.422565
ice,6.4113584
dont,6.3907423
sex,6.3818674
sherlock,6.374413
harry,6.359822
fury,6.3489275
fear,6.326422
horse,6.316609
deep,6.3125687
politics,6.2668195
wife,6.2569046
ring,6.256004
jane,6.228121
talk,6.218176
meet,6.208554
sky,6.2027154
ball,6.1994686
halloween,6.181936
face,6.180706
know,6.1630936
rush,6.156056
action,6.1306925
hollywood,6.098804
car,6.084852
princess,6.0654073
samurai,6.0605354
il,6.0442705
super,6.0309286
midnight,6.022091
tom,6.0220227
dracula,6.0105205
mother,6.006999
et,5.9938736
pink,5.981096
spirit,5.962688
jungle,5.961753
trip,5.9344163
lord,5.9312844
rise,5.911963
zombie,5.8846507
dance,5.8842006
trouble,5.8677073
never,5.8616424
taxi,5.8585563
jones,5.8525176
camp,5.844996
dawn,5.8442907
magic,5.834693
alice,5.826675
bear,5.817019
hood,5.801897
arthur,5.790905
bone,5.7885027
light,5.783188
project,5.7674932
shot,5.766947
away,5.765658
robot,5.763345
santa,5.75638
without,5.75279
adam,5.752529
side,5.742694
age,5.7423506
sweet,5.7410192
head,5.739811
holmes,5.7380033
miss,5.7190413
club,5.7126656
old,5.6761637
dirty,5.637714
tomorrow,5.6123514
happy,5.6115794
bill,5.594461
warrior,5.590578
stone,5.5769534
place,5.571502
another,5.562133
pride,5.551152
texas,5.5417404
england,5.5303593
golden,5.530112
gold,5.528969
eagle,5.507273
romance,5.484697
henry,5.417867
sun,5.376013
drive,5.360921
da,5.360776
lion,5.3566103
show,5.3547215
twist,5.348909
fly,5.331481
zone,5.3275514
jason,5.3201776
prince,5.2978597
horror,5.2942977
heat,5.287643
welcome,5.286743
fast,5.283926
power,5.237566
sherlock holmes,5.236893
robin,5.23175
guardian,5.207347
boxing,5.1938543
mystery,5.1911874
enemy,5.1802535
five,5.179231
george,5.174061
christmas carol,5.1590667
hamlet,5.1569095
der,5.154429
air,5.145978
miracle,5.144472
max,5.143271
living,5.114983
hunter,5.107548
stand,5.1040287
lover,5.098071
job,5.086035
come,5.073277
fool,5.071945
assassin,5.0662556
real,5.0545177
tokyo,5.0534773
glory,5.039231
michael,5.0284476
cinderella,5.0241623
el,5.0149903
wrong,5.001079
machine,5.0008655
avenger,4.987216
force,4.982951
edge,4.9627976
pirate,4.954624
catch,4.9538364
mummy,4.947707
spider,4.9334126
mountain,4.9272847
wood,4.9143305
journalism,4.8956738
voice,4.8948603
second,4.8902507
shes,4.884737
zero,4.869227
assassination,4.8597846
oscar,4.857591
jackass,4.856356
court,4.8539653
made,4.8371515
wish,4.836306
affair,4.8205976
hotel,4.811768
mine,4.804918
winter,4.797292
mental,4.790128
furious,4.784016
treasure,4.7815194
di,4.7768755
mom,4.740374
stephen,4.733966
name,4.730603
alive,4.721163
door,4.7116547
national,4.7012763
general,4.6911387
mighty,4.6617255
runaway,4.657822
godzilla,4.6542726
phantom,4.650834
amityville,4.6414204
dangerous,4.6375227
mafia,4.632651
hunt,4.6229067
stop,4.6078153
trek,4.594435
star trek,4.594435
mad,4.5932436
army,4.5697093
color,4.563032
jim,4.5413747
stephen king,4.533018
radio,4.5060754
nightmare,4.49961
empire,4.4951344
song,4.485471
scary,4.4791737
president,4.474215
soul,4.471929
fugitive,4.468476
chronicle,4.4619946
express,4.452731
gone,4.4440975
rain,4.44204
truth,4.441334
twin,4.4227824
psychology,4.421306
born,4.4202085
dragon ball,4.4122148
un,4.40356
mar,4.3981175
australia,4.3974466
massacre,4.397385
quest,4.366618
wind,4.3611193
west,4.359858
valley,4.351267
bridge,4.3486605
part ii,4.336343
brain,4.3286676
number,4.3285995
babylon,4.3222733
fog,4.3208585
ben,4.317201
silent,4.287372
cowboy,4.2831087
want,4.281166
demon,4.2773337
story,4.2694616
wizard,4.250673
running,4.242995
remember,4.2413216
adolescence,4.23787
sunset,4.23555
amazing,4.233499
illness,4.2319007
neighbor,4.220468
blade,4.2186036
musketeer,4.2140064
du,4.2133856
point,4.209844
turtle,4.1909037
iv,4.1865215
circus,4.176227
monkey,4.1748147
mask,4.165743
brown,4.165064
duck,4.1637564
vietnam,4.160477
private,4.1570573
safe,4.13918
free,4.1387024
ape,4.1377134
beverly,4.132961
castle,4.1231675
fu,4.1230435
toy,4.1153708
garden,4.10732
queen,4.1055374
planet ape,4.1054387
adultery,4.0990667
better,4.0903063
london,4.0787926
dinosaur,4.0755496
south,4.0722666
eight,4.054584
darkness,4.0530667
curse,4.0449204
time travel,4.0434475
band,4.0398397
comic,4.0388117
country,4.0246735
holocaust,4.0086102
honor,4.004533
divorce,4.001713
revolution,4.000114
robocop,4.0
plan,3.9982975
fish,3.990751
potter,3.98929
right,3.9891915
india,3.9821053
animation,3.9804587
saint,3.9753742
surreal,3.9736397
rio,3.9701345
runner,3.9677262
loser,3.9663622
charlie,3.9614089
visually,3.9610844
rocky,3.955969
thought,3.955642
alone,3.954818
underworld,3.948012
word,3.9463565
mission,3.9407315
pan,3.9362798
spring,3.9345977
memory,3.9210668
disaster,3.918299
paper,3.9169095
strange,3.9134295
dad,3.8967986
mirror,3.887422
rising,3.8791928
blind,3.8788106
doll,3.8713734
food,3.8617995
bring,3.8574288
wonderland,3.8518157
panther,3.84243
control,3.8375788
cry,3.819328
attack,3.8183784
broken,3.7910783
st,3.7874527
easy,3.78477
wanted,3.7728064
china,3.7721577
mile,3.7710009
killing,3.7705135
watch,3.7700498
remake,3.7609813
line,3.7580671
future,3.7557063
quirky,3.7484093
must,3.745798
kingdom,3.7454329
vacation,3.7364202
suspense,3.7337718
plot,3.7336917
honey,3.7287285
psycho,3.7188344
hand,3.714619
drug,3.7146015
star war,3.7109296
nick,3.7037978
world war,3.696252
present,3.6923113
lucky,3.6914463
stay,3.6910574
grace,3.6906672
nine,3.6817846
beverly hill,3.6756258
sugar,3.6720097
short,3.6713138
oh,3.667315
hunger,3.6601253
came,3.6599803
prime,3.6508412
stupid,3.6504128
eddie,3.642316
valentine,3.639616
sunshine,3.6350706
superman,3.6287227
sci fi,3.6269953
fi,3.6269953
sci,3.6269953
foot,3.6259887
justice,3.622827
creep,3.6146483
dave,3.6071594
single,3.6021242
mutant,3.6017299
falling,3.6004143
leprechaun,3.594079
getaway,3.5853636
letter,3.5824475
daddy,3.5575318
emma,3.5574656
daughter,3.5571616
lie,3.549722
terror,3.5496087
cant,3.547873
serial,3.5407956
tango,3.5348415
pokmon,3.5316865
cinematography,3.5281234
quiet,3.5215995
sequel,3.5201652
gentleman,3.501794
pacific,3.5006206
cool,3.4966443
agent,3.495594
inside,3.4946196
thought provoking,3.4934332
provoking,3.4934332
flower,3.4909992
history,3.4884875
africa,3.485144
iron man,3.4840486
fat,3.48368
still,3.4797885
fever,3.4763045
sam,3.4755704
lawyer,3.4750683
humor,3.4743872
meatball,3.4742427
billy,3.4728334
twilight,3.4719934
mental illness,3.4713166
civil,3.4701104
yard,3.4683328
ocean,3.4668255
inferno,3.4638891
sexuality,3.4597242
pie,3.4568372
picture,3.4507668
friday th,3.4440017
kong,3.4359384
gang,3.4323964
damned,3.4247763
rome,3.4246473
genius,3.4219203
peter,3.4207683
bob,3.4196994
gift,3.4153848
flight,3.412449
code,3.4023287
week,3.3994155
missing,3.392973
chair,3.390668
mike,3.385379
death wish,3.3849657
fallen,3.383826
twist ending,3.380118
robert,3.3790119
pooh,3.3729458
winnie,3.3729458
winnie pooh,3.3729458
puppet,3.3692229
louis,3.3665314
happiness,3.3629768
see,3.3622854
epic,3.3605418
scared,3.360367
vega,3.3535624
bandit,3.3517494
bunny,3.3506017
saving,3.3443325
creature,3.3376303
beginning,3.3332102
priest,3.331042
open,3.315805
pink panther,3.3108125
voyage,3.3054824
smith,3.2996724
upon,3.297815
kung,3.294359
madagascar,3.2938983
youth,3.2928941
detective,3.2770798
crow,3.267115
plane,3.262178
military,3.2595763
television,3.2584658
eden,3.2580361
manhattan,3.2572198
ernest,3.2549915
buddy,3.2530537
circle,3.2504356
fun,3.2485652
teacher,3.235661
james,3.234829
rogers,3.2311585
longest,3.2307367
doo,3.2302475
bobby,3.2276316
eve,3.22644
post,3.219587
going,3.2167506
shark,3.2155669
rule,3.2073224
wonder,3.206762
got,3.2054768
visually appealing,3.199957
appealing,3.199957
dune,3.1998005
society,3.1989794
maniac,3.1955638
pinocchio,3.1924114
freak,3.190229
cut,3.1894648
taking,3.1889243
fantastic,3.1815245
comic book,3.1789708
frozen,3.1766694
mind,3.1684241
goodbye,3.165208
doom,3.1638708
bully,3.163858
chapter,3.1596375
mouse,3.151846
deadly,3.1511152
million,3.1506987
could,3.141974
incredible,3.141783
hole,3.1401532
who,3.1390688
luck,3.1274242
racism,3.123877
sunday,3.1216333
milk,3.115484
exorcist,3.1145802
julia,3.107038
fast furious,3.1044075
candy,3.1031156
jump,3.0970516
chocolate,3.096137
sand,3.0941546
muppet,3.0919156
bullet,3.0906086
babe,3.085491
weapon,3.0844157
chainsaw,3.0828855
dinner,3.0796769
grave,3.0689287
gangster,3.0672903
king kong,3.066683
doragon bru,3.0651681
bru,3.0651681
doragon,3.0651681
teenage,3.0604827
season,3.056177
national lampoon,3.0557146
lampoon,3.0557146
requiem,3.0553026
wall,3.0539849
spoof,3.053874
brave,3.053077
disability,3.05011
dick,3.048504
east,3.0465875
nation,3.045687
serial killer,3.0453863
up,3.0441658
begin,3.0439708
transformer,3.0418427
special,3.0404346
nowhere,3.03852
destination,3.0343478
english,3.032246
touch,3.024821
passion,3.0169506
collector,3.0164583
messenger,3.0137658
silence,3.0124905
tv,3.0025444
scooby doo,3.0005095
scooby,3.0005095
rope,3.0
transporter,3.0
airport,3.0
despicable,3.0
expendables,3.0
kidnapping,2.9979076
hope,2.9944339
unknown,2.994183
bright,2.9931483
anne,2.9876246
puppet master,2.9868574
bee,2.9858966
anna,2.983164
shell,2.9826353
ghost shell,2.9826353
fantasy,2.9771442
immigrant,2.972691
liar,2.9677613
captain america,2.9662182
nature,2.966065
muppets,2.9603128
los,2.956586
invincible,2.9564295
blow,2.9508042
civil war,2.950074
american pie,2.9493735
opera,2.9488695
hall,2.947002
predator,2.9452033
bourne,2.9418654
reality,2.9398413
instinct,2.9371605
lake,2.9359546
skin,2.9345307
day night,2.934275
naked,2.93415
academy,2.929801
morning,2.9260921
upon time,2.9201524
yet,2.9198608
sin,2.9140558
thin,2.9111907
emotional,2.909528
pitch,2.9091578
steel,2.9014084
anything,2.90099
list,2.8954358
feast,2.8916216
submarine,2.8891492
step,2.8857644
pretty,2.8849015
walking,2.884225
highlander,2.8830042
citizen,2.881218
drop,2.8766549
carrie,2.87215
making,2.8705935
north,2.8698454
factory,2.8695314
robin hood,2.8694768
whats,2.8663232
phantasm,2.8657243
major,2.865465
slasher,2.8621407
ex,2.8595068
jesus,2.8579965
sing,2.8578253
spider man,2.8574529
forever,2.856229
kind,2.854425
invasion,2.8471384
ugly,2.844886
david,2.8434272
everything,2.840067
deal,2.837832
lethal,2.8366675
screwball,2.8238513
flying,2.8220122
ice age,2.8213406
style,2.820911
miller,2.8198466
dark comedy,2.8197877
arm,2.8188963
behind,2.816916
fairy,2.814375
heavy,2.810514
carter,2.8079484
odyssey,2.807681
prejudice,2.807466
steve,2.8011785
prison,2.7981477
make,2.7973614
gate,2.7949674
based,2.7948143
science,2.7932017
flash,2.7932007
happened,2.7920647
grand,2.7863364
secret life,2.7841864
close,2.7800603
pet,2.7770677
apocalypse,2.7769449
prostitution,2.772431
angry,2.7716422
final destination,2.7713847
impossible,2.770946
ranger,2.7615123
police academy,2.7607884
piranha,2.7599504
ever,2.7576509
win,2.756398
dear,2.7552013
anime,2.754112
team,2.7517972
act,2.7435288
titan,2.739552
emperor,2.7392926
austen,2.738061
jaw,2.7369266
child play,2.7335439
kung fu,2.732652
kelly,2.732105
cure,2.7320614
idiot,2.7281065
wing,2.7271864
tall,2.7260492
broadway,2.7234313
texas chainsaw,2.717485
married,2.7170289
shanghai,2.7160997
wrath,2.7131405
turn,2.7130303
much,2.711996
haunted,2.7108707
bell,2.7101197
siege,2.7069952
public,2.7054436
break,2.697813
cross,2.6957927
suspect,2.692598
elm,2.6924913
nightmare elm,2.6924913
elm street,2.6924913
marriage,2.692014
tiger,2.6851983
barefoot,2.6730514
case,2.6728292
creek,2.669454
extreme,2.6685758
wire,2.6666358
die hard,2.662691
grey,2.6625872
drag,2.6576161
obsession,2.652281
cube,2.6510777
shop,2.6500406
tin,2.6457508
flesh,2.6427228
specie,2.6388245
front,2.6380537
karate,2.6368923
flint,2.6351671
tear,2.634602
war ii,2.6313837
si,2.6307006
youre,2.629426
stuck,2.6271596
rouge,2.6249666
height,2.6216908
playing,2.6190622
lovely,2.6158538
lonely,2.615693
crush,2.6128361
insidious,2.6121902
patriot,2.6106071
silver,2.6084728
funeral,2.607647
magnificent,2.6075299
effect,2.606252
rookie,2.6055975
sword,2.601585
forgotten,2.6015286
disturbing,2.6011205
unforgiven,2.6008046
far,2.599934
hush,2.5994534
baseball,2.5981667
crimson,2.5934782
shrek,2.591867
walker,2.5911157
work,2.5907574
pregnancy,2.5884264
dickens,2.585897
ninja turtle,2.576347
teenage mutant,2.576347
mutant ninja,2.576347
full,2.5762784
awakening,2.573482
bodyguard,2.573482
peter pan,2.5711088
minute,2.570384
united,2.570231
gojira,2.5701835
lee,2.5668907
signal,2.5667114
left,2.5639641
hunted,2.5622082
misrables,2.5619123
misrables le,2.5619123
snowman,2.5608408
order,2.5589142
thunder,2.5556169
oblivion,2.555039
look,2.5492449
beowulf,2.5481982
rec,2.5481982
terrace,2.5481982
focus,2.5481982
ji,2.5468955
bloodsport,2.5461392
casino,2.5455115
apple,2.5426686
smoke,2.538769
tail,2.5385168
bank,2.5369873
mary,2.5362635
miami,2.5355763
squad,2.5351803
notorious,2.5321274
al,2.5278766
proof,2.524713
nobody,2.5221863
shi,2.5185738
femme,2.5172896
terminal,2.5132885
center,2.5117087
paul,2.5069861
college,2.5030143
hannibal,2.494709
harry potter,2.4897795
blindness,2.4877355
brooklyn,2.4834628
doa,2.4825366
stage,2.4801083
violence,2.4799194
panda,2.472001
election,2.4709764
haunting,2.4625006
wait,2.459921
holy,2.4592123
martin,2.4573915
abyss,2.4559388
kicking,2.4501662
vengeance,2.4484665
rider,2.4462607
ordinary,2.444851
grass,2.443614
de la,2.442959
kevin,2.4397135
chance,2.4388757
san,2.4380357
mean,2.4341297
porkys,2.433817
jungle book,2.433607
spiral,2.4327435
shame,2.432651
carnosaur,2.4325829
heartwarming,2.4309812
half,2.42819
dust,2.4279516
classic,2.4271414
titanic,2.427086
ted,2.4259953
passenger,2.4241786
mission impossible,2.4174552
conspiracy,2.415275
king arthur,2.4118385
said,2.40557
may,2.402274
tide,2.4016294
hulk,2.3976607
contact,2.3965943
fight,2.3915799
hidden,2.3898997
bounty,2.3880572
crossing,2.385024
snake,2.3831928
bloody,2.3815966
galaxy,2.3812988
hitman,2.3789103
blonde,2.3781643
bible,2.3778257
help,2.3750162
punisher,2.3745823
hellraiser,2.3724327
resident evil,2.3723328
resident,2.3723328
enchanted,2.370664
dead man,2.3671875
jr,2.3663576
wave,2.3606
satire,2.3598537
metal,2.3568401
lethal weapon,2.3566182
view,2.3545444
connection,2.353983
field,2.3525121
ten,2.351647
lose,2.3502896
care,2.3499987
persuasion,2.349378
buck,2.3488767
mindfuck,2.3486812
butterfly,2.3479834
thirteen,2.3471408
solomon,2.3462048
september,2.345748
atomic,2.34125
charlotte,2.3405757
bruce,2.3384354
savage,2.3371153
williams,2.336671
france,2.3339097
less,2.3338223
joy,2.3318803
tremor,2.3273866
dreamlike,2.3257303
cave,2.3229012
visit,2.320819
monty,2.3197455
social,2.3179977
den,2.3149977
baxter,2.3147151
paranormal activity,2.309401
activity,2.309401
paranormal,2.309401
hollow,2.30797
louis ck,2.307597
ck,2.307597
fan,2.306395
watson,2.3048148
groove,2.3030856
grande,2.3019814
always,2.3017642
dead alive,2.2992983
search,2.2941747
en,2.293966
ruby,2.2936513
bus,2.2931514
alpha,2.2925096
killed,2.2918646
asterix,2.2875235
hit,2.2867532
gambling,2.2855048
purple,2.2827792
scream,2.2805235
salvation,2.2792401
dalmatian,2.27875
dozen,2.278333
actress,2.2759047
universe,2.273439
jackson,2.2703276
th part,2.269027
omen,2.2686572
thor,2.2685957
dave chappelle,2.2660918
chappelle,2.2660918
martial,2.2643976
martial art,2.2643976
raid,2.2633777
con,2.2603018
gothic,2.2560441
astaire rogers,2.250172
astaire,2.250172
fox,2.2497606
french,2.2491589
conan,2.2460165
confession,2.2448583
simon,2.242856
ed,2.2425137
within,2.2419143
une,2.2413564
talking,2.2401834
steal,2.2401571
ant,2.2386312
hatchet,2.236864
ruin,2.2356486
next door,2.2338629
yes,2.2332692
ass,2.2317195
charles,2.2315385
motherhood,2.2306685
chi,2.2304878
resurrection,2.2262337
pit,2.2216368
basketball,2.2207973
hound,2.219812
bittersweet,2.2195494
tell,2.2182853
ringer,2.2173035
small,2.2151976
bos,2.2140343
move,2.2134035
last night,2.2119672
western,2.2098148
howard,2.208611
shining,2.2071013
rent,2.205514
black comedy,2.2031662
along,2.2023072
jane austen,2.1991384
closer,2.1969526
three musketeer,2.1966014
infinity,2.1951308
box,2.1928744
outer,2.1925888
outer space,2.1925888
sorority,2.1925766
guard,2.1911664
sinbad,2.1911309
benji,2.1893678
intelligence,2.187262
reign,2.1851285
versus,2.1834686
modern,2.1826448
jane eyre,2.1824417
eyre,2.1824417
enough,2.1823099
indian,2.181582
movie,2.1811452
fist,2.1804698
lagoon,2.1796832
past,2.1791008
nora,2.1788452
think,2.1763244
bounce,2.1732512
romeo,2.1703224
moonlight,2.1672752
ireland,2.165844
life death,2.1650069
tree,2.163232
mermaid,2.1630082
whatever,2.1626196
jurassic,2.162391
reunion,2.1611812
identity,2.1609674
murderer,2.1601522
fred,2.1599016
basic,2.1592658
noise,2.159197
chainsaw massacre,2.1585975
across,2.1581466
juliet,2.157174
ali,2.1555045
male,2.1554613
karate kid,2.1533427
nerd,2.152506
honeymoon,2.1519976
moving,2.151095
female,2.1499603
autumn,2.149868
carnival,2.1488385
interview,2.146729
jazz,2.1456637
revelation,2.1452925
say,2.1433501
amnesia,2.142911
treasure island,2.1420214
ray,2.1418777
bill burr,2.1345966
burr,2.1345966
fright,2.132945
men drag,2.1326404
clown,2.132592
shallow,2.1325533
terrorism,2.127241
boot,2.1253166
late,2.125299
time machine,2.1251407
cigarette,2.1244164
jury,2.1243575
mist,2.1231055
rambo,2.1218235
belle,2.1213489
vincent,2.1209185
vice,2.118582
snatcher,2.116926
body snatcher,2.116926
pearl,2.1154165
promise,2.1141686
need,2.1115248
anti,2.1108494
glass,2.110783
pride prejudice,2.1083302
thousand,2.107825
poseidon,2.1047482
harvey,2.1046925
freedom,2.1045246
gray,2.1025088
stealing,2.0994775
omega,2.0944252
nanny,2.094256
coming,2.0942497
lolita,2.0939548
stuart,2.0939226
candidate,2.0892763
theory,2.0872092
tarzan,2.0863197
gi,2.0835295
speed,2.0834098
crocodile,2.082277
beat,2.0784616
frank,2.07783
buffalo,2.0761473
mercy,2.0748916
chip,2.074375
em,2.0723314
whale,2.0717645
liberty,2.071739
oliver,2.0691822
keep,2.0685983
turbo,2.067321
fu panda,2.0652175
waiting,2.0651107
orphan,2.0643632
farewell,2.0629604
wong,2.0601828
alaska,2.0557063
bang,2.0540864
hello,2.0530272
delirious,2.0520473
house party,2.0518355
empty,2.0505962
peak,2.0505824
banana,2.0505092
bug,2.0488749
rogue,2.046235
player,2.0452516
third,2.0441477
death race,2.0441117
cradle,2.0440385
che,2.0393002
simple,2.036096
godfather,2.0351362
chuck,2.034769
italian,2.0329745
peace,2.0320568
wo,2.03135
monsieur,2.0313272
breathe,2.0303085
lightning,2.0262122
rabbit,2.0256655
triumph,2.0253284
birth,2.0207562
rim,2.0184567
block,2.0170116
fearless,2.0148664
barbarian,2.0145323
ace,2.0141213
neverending,2.01332
chick,2.0132892
engagement,2.0119011
someone,2.0085595
breakin,2.0072126
adventure sherlock,2.0069268
purge,2.0027268
grudge,2.0015762
forest,2.0014033
spellbound,2.0006642
alamo,2.0
stalingrad,2.0
tangerine,2.0
slacker,2.0
bliss,2.0
sleeper,2.0
rebound,2.0
eternity,2.0
crossroad,2.0
smurfs,2.0
creepshow,2.0
mastermind,2.0
vhs,2.0
crew,2.0
eros,2.0
analyze,2.0
bernie,2.0
conjuring,2.0
metropolis,2.0
footloose,2.0
derailed,2.0
cashback,2.0
freshman,2.0
blob,2.0
hitcher,2.0
ladykillers,2.0
boogeyman,2.0
inbetweeners,2.0
saturn,2.0
brainstorm,2.0
trust,2.0
descent,2.0
zoom,2.0
hercules,2.0
shaft,2.0
marley,2.0
chocolat,2.0
roommate,2.0
ronin,2.0
rescuer,2.0
bedazzled,2.0
hairspray,2.0
bat,2.0
imagine,2.0
rollerball,2.0
visitor,1.9996221
apartment,1.9992675
news,1.9978007
beethoven,1.9972816
couple,1.9951166
battleship,1.9923507
iron eagle,1.9920614
looking,1.9918934
biopic,1.9915674
low,1.9896566
zeitgeist,1.9877346
menace,1.9856489
electric,1.9847226
elephant,1.983892
exit,1.9831556
war world,1.9799805
trial,1.9788522
prime suspect,1.9784158
sense,1.9776896
jimmy,1.9766164
ship,1.9749141
ho,1.9748482
african,1.9740758
russia,1.9727846
post apocalyptic,1.9724234
apocalyptic,1.9724234
ip man,1.9717544
ip,1.9717544
crash,1.9703106
bachelor,1.9690211
clear,1.9687004
guide,1.9628943
yi,1.961596
lincoln,1.9613814
twelve,1.9563515
mortal,1.9555944
public enemy,1.9529665
protocol,1.952631
old men,1.9524027
musical,1.9518558
breakfast,1.9515209
set,1.9515027
chef,1.9500024
central,1.9486744
personal,1.9472294
lieutenant,1.9452875
month,1.9446409
coen,1.9439778
creepy,1.9428595
tracy,1.942744
sport,1.9415817
prom,1.9414834
hunting,1.94083
dancer,1.9379072
candyman,1.9377062
cloverfield,1.9367734
village,1.9366587
border,1.9357812
christ,1.9342015
royal,1.9340096
void,1.9338748
afternoon,1.932126
called,1.9307601
professor,1.930747
mon,1.9304125
anaconda,1.9298321
vie,1.9285245
barbershop,1.927181
carlin,1.9269476
george carlin,1.9269476
astrix,1.9267771
man knew,1.9237118
knew,1.9237118
forbidden,1.9197698
dragonheart,1.9157822
object,1.9126835
soundtrack,1.9125525
burnt,1.91203
washington,1.9115885
amy,1.9109168
save,1.9100562
nd,1.9090778
sniper,1.9082538
thin man,1.9063876
nora charles,1.9063876
nick nora,1.9063876
buster,1.9051965
uncle,1.9050735
rush hour,1.9044696
sharknado,1.9022865
love death,1.9013939
teen,1.9005738
villain,1.9003451
saga,1.8982875
volcano,1.8963574
del,1.8941816
underground,1.8938153
renaissance,1.8918002
coma,1.8916769
juice,1.8900931
alcoholism,1.8888631
source,1.8887916
wicker,1.8882644
nutty,1.8878031
figure,1.8874913
swashbuckler,1.8871002
armed,1.884667
seed,1.8832655
hudson,1.8815944
shoe,1.8787787
annie,1.8787341
predictable,1.8768262
gintama,1.8746123
bull,1.8696089
april,1.8677987
oh god,1.8674792
hill eye,1.8662521
six,1.8658594
scout,1.8655738
note,1.8653774
flintstone,1.8640975
gigolo,1.8611227
macbeth,1.8609259
fighter,1.8596743
venus,1.859622
mighty duck,1.8578751
leonardo,1.8575035
dress,1.8541362
encounter,1.8516365
knock,1.8510542
andy,1.8498068
gulliver travel,1.8457108
gulliver,1.8457108
smart,1.8454084
shaggy,1.8448505
alexander,1.8442502
coen brother,1.8436269
key,1.840435
ying,1.8400285
marathon,1.838979
picnic,1.8370593
waltz,1.8367136
dame,1.8366128
ghostbusters,1.8350673
hellboy,1.830907
heel,1.8290803
suburbia,1.829042
victoria,1.8289667
merry,1.8281412
wonderful,1.8273237
pigeon,1.8261026
goat,1.8254439
running scared,1.8254095
garfield,1.8244534
chicken,1.824445
dolittle,1.8240851
undisputed,1.8231643
dollar,1.8226924
raising,1.8216727
problem,1.8206795
visiting,1.8170942
herbie,1.8159748
shift,1.8147123
memoir,1.8139241
sheep,1.8136034
justice league,1.8128519
benjamin,1.8122443
episode,1.8121129
bay,1.8112588
alternate,1.8112361
noah,1.8103359
venice,1.8079506
theater,1.8057724
bella,1.8048301
beauty beast,1.8041432
upside,1.8033845
python,1.8019814
monty python,1.8019814
ryan,1.8007059
faster,1.7986368
oscar best,1.7977084
king solomon,1.7964103
solomon mine,1.7964103
sight,1.7942178
doc,1.7938004
hitchcock,1.7910264
skull,1.7906396
getting,1.7874699
ralph,1.7873467
witness,1.7872896
sound,1.7867014
judaism,1.7835395
darkest,1.7834759
cage,1.7832106
ash,1.7825251
wallace,1.7819762
wallace gromit,1.7819762
gromit,1.7819762
husband,1.7815502
dundee,1.7799913
intelligent,1.7782401
scotland,1.7779757
awake,1.777683
aardman,1.7772145
invisible,1.777097
homeless,1.7765994
strike,1.776419
richard,1.7755525
redemption,1.7752181
mulholland,1.7751086
end world,1.774935
superhero superman,1.774859
artist,1.773715
cabin,1.7736344
remade,1.7710804
romantic,1.7710745
ferrell,1.7710562
depressing,1.7703155
cobra,1.7698648
blue lagoon,1.7696636
shine,1.7692974
prostokvashino,1.7660003
little woman,1.7650136
philosophical,1.7640942
face death,1.7634575
dumb,1.7634387
rich,1.7625619
suspicion,1.7624494
carry,1.7616913
jeff,1.7600002
danny,1.7595308
boulevard,1.7594651
horrible,1.758837
venom,1.7586343
change,1.7584693
pusher,1.7573915
xiong,1.7560278
sign,1.7548015
moscow,1.7521987
range,1.7499093
hop,1.7488735
hip,1.7488734
psychological,1.7485743
jason friday,1.74829
monday,1.7480724
cheaper dozen,1.7466921
cheaper,1.7466921
inspirational,1.7459702
widow,1.7459633
fright night,1.7455292
assignment,1.745177
covenant,1.7423675
midsummer,1.74185
midsummer night,1.74185
maid,1.7417872
operation,1.7408285
contender,1.7380822
werewolf,1.737193
boss,1.7354251
impact,1.7349743
tense,1.7337955
home alone,1.732923
beloved,1.732227
international,1.7321041
ju,1.7312083
pool,1.7307122
writing,1.7279092
fighting,1.727675
panic,1.724717
elite,1.7236646
caribbean,1.7228234
pirate caribbean,1.7228234
sleeping,1.7226442
burn,1.7193656
vampire hunter,1.7186569
evangelion,1.7171204
pursuit,1.7169241
weekend,1.7158499
desert,1.7156625
machete,1.7143381
wagon,1.7123914
pat,1.7118546
seen,1.708245
breaking,1.7080252
jersey,1.7057772
strong,1.7051246
lane,1.7049888
alice wonderland,1.7044232
dialogue,1.7041664
momma,1.7034868
dicaprio,1.7023767
leonardo dicaprio,1.7023767
philadelphia,1.7011175
planet earth,1.7007911
part iii,1.6990073
experiment,1.696318
conversation,1.6956854
boyz,1.6932472
maximum,1.6918864
stuart little,1.690316
bound,1.6899831
einstein,1.6896892
clause,1.6882787
total,1.6863316
abuse,1.6839443
wicked,1.678883
final chapter,1.6784998
mo,1.678274
bi,1.6770878
liam,1.6759573
drift,1.6743035
penguin,1.6742587
mall,1.6733618
sleep,1.6724752
card,1.672087
even,1.6717371
hate,1.6714855
mad max,1.6656445
executive,1.6631078
camillo,1.6617976
fortune,1.6586716
prom night,1.6579187
finding,1.6578103
birthday,1.6535794
yellow,1.6534505
sympathy,1.652626
map,1.652018
floor,1.651964
murphy,1.6501402
station,1.6478666
meteor,1.6473145
demolition,1.6473145
ledge,1.6473145
taken,1.6462976
father son,1.6450008
original,1.6412903
adaptation,1.6405402
frankie,1.6398622
county,1.6395283
guru,1.6393634
formula,1.6393634
mulan,1.6384665
garage,1.6383119
blueberry,1.6366757
astronaut,1.6364499
together,1.6358709
grease,1.6353338
german,1.6350434
debt,1.6350434
fletch,1.6350434
dying,1.6331455
legion,1.6321213
living dead,1.6314008
larry,1.6312152
somewhere,1.6309367
corn,1.6295178
child corn,1.6295178
bagdad,1.629396
grisham,1.629294
john grisham,1.629294
tommy,1.6291215
brazil,1.6291215
baraka,1.6291215
grindhouse,1.6273916
kick,1.6271571
halloweentown,1.6261313
powder,1.6251209
sacrifice,1.6221371
cocoon,1.6220944
pop,1.6215631
deliver,1.6194016
highway,1.6184304
karenina,1.6175044
anna karenina,1.6175044
salt,1.6168337
century,1.6166959
table,1.6156842
replacement,1.6150806
delta,1.6141007
ill,1.6118965
element,1.6116356
flubber,1.6109638
attraction,1.6102647
fantasia,1.609356
trinity,1.6091421
illusion,1.6089637
bringing,1.6085459
est,1.6083267
shin,1.6081715
pixel,1.6075947
horn,1.6075947
fatal,1.6057138
favorite,1.6055093
trapped,1.6045942
spartan,1.6045942
shelter,1.6045942
pixar,1.6038376
altered,1.6034768
sum,1.6034768
harrison,1.6028433
november,1.602289
tape,1.602289
clue,1.602289
rugrats,1.602289
crowd,1.6010215
matrix,1.6009376
scoundrel,1.5998102
filth,1.5996633
creed,1.5996633
changeling,1.5996633
daylight,1.5996633
switch,1.5996633
jon,1.5986171
hr,1.5982008
round,1.5982008
stakeout,1.5982008
rocket,1.5977415
othello,1.5976149
hur,1.597296
ben hur,1.597296
tai,1.5971673
non,1.5957851
score,1.5952845
urban,1.5949299
riddick,1.5948915
alfie,1.5948915
skeleton,1.5942407
suicide,1.5934795
paddington,1.5929965
watcher,1.5929965
stardust,1.5929965
kite,1.5929965
zulu,1.5929965
spying,1.5928459
hepburn,1.5921897
hepburn tracy,1.5921897
chase,1.590896
boxing rocky,1.5892038
new world,1.5887212
do,1.5886718
flirting,1.5885416
impostor,1.5885416
twister,1.5885416
tangled,1.5885416
gigi,1.5885416
page,1.5879631
greatest,1.587507
royale,1.587359
sandler,1.5870972
adam sandler,1.5870972
creeper,1.5862756
navigator,1.5858653
cross dressing,1.5851395
dressing,1.5851395
brief,1.585067
stiller,1.5849221
idaho,1.5848271
dare,1.584333
weird,1.5834869
mannequin,1.5827675
chaos,1.5827675
reckless,1.5827675
touching,1.5819286
angst,1.5805575
lone,1.5799958
pawn,1.579094
iris,1.579094
hyde,1.5775671
importance,1.5771695
fatherhood,1.576326
volume,1.5752854
overnight,1.5745873
nuremberg,1.5745873
annabelle,1.5745873
paradox,1.5745873
split,1.5745873
risk,1.5745873
survivor,1.5745873
condition,1.5741289
ron,1.571275
assault,1.5709611
collateral,1.5687656
dredd,1.5687656
tourist,1.5687656
solyaris,1.5687656
junior,1.5687656
judge,1.5687656
cargo,1.5687656
surrogate,1.5687656
scanner,1.5687656
lucy,1.5687656
troy,1.5687656
rainbow,1.5687656
solaris,1.5687656
brick,1.5687656
precious,1.5687656
idol,1.5686007
au,1.5674345
anastasia,1.5670679
everest,1.5670679
sleuth,1.5670679
avalon,1.5670679
forward,1.56625
farm,1.5660379
futurama,1.5655832
safety,1.5652838
plain,1.5652779
jefferies,1.5647218
jim jefferies,1.5647218
stan,1.5637476
mona,1.5616841
eat,1.5607817
prophecy,1.5605527
proposal,1.5605527
camille,1.5605527
bedroom,1.5605527
belly,1.5605527
leave,1.5605527
bulletproof,1.5605527
alligator,1.5605527
cell,1.5605527
bugsy,1.5605527
rapture,1.5605527
elektra,1.5605527
roxanne,1.5605527
heartbreaker,1.5605527
solace,1.5605527
chaser,1.5605527
pulse,1.5605527
commando,1.5605527
ladder,1.5605527
host,1.5605527
stitch,1.5605527
malice,1.5605527
mockumentary,1.5604429
true crime,1.560264
papillon,1.5600642
ni,1.5590929
nutty professor,1.5586032
follow,1.5583804
phoenix,1.5578616
war episode,1.5565797
madness,1.5563653
paranoia,1.5561944
superhero batman,1.5561533
evil dead,1.5559428
boat,1.5554942
tomb,1.5552766
softly,1.5535489
roger,1.5535023
version,1.5523756
gai,1.547627
lola,1.5470638
enter,1.546356
coffee,1.5454993
california,1.5443974
loose,1.5438609
last man,1.5426666
maiden,1.5423086
butcher,1.5408387
rex,1.5407745
thriller,1.5381336
corner,1.5381191
outlaw,1.5375944
hawk,1.5375059
might,1.5372784
sisterhood,1.5370047
weather,1.5364213
inc,1.5358318
union,1.5357804
tie,1.5355543
dickens oliver,1.5354996
straight,1.5340111
smokey,1.533226
smokey bandit,1.533226
king comedy,1.5321485
crystal,1.5318108
vu,1.5283645
sunrise,1.528353
temple,1.5274913
hostel,1.5258516
hear,1.5253522
ghost poltergeist,1.5242605
poltergeist,1.5242605
trooper,1.522342
tower,1.5221634
nut,1.5207193
twilight saga,1.5201591
nile,1.5187148
football,1.5169095
mi,1.5145818
road trip,1.5133628
trilogy,1.5127823
butler,1.5125278
many,1.5124123
confidential,1.5122689
fx,1.5111781
bowl,1.5110317
dai,1.5089357
british,1.5088301
diamond,1.5085579
man house,1.5074484
wine,1.5068883
edward,1.5062575
innocent,1.5051985
terminator,1.5051944
missing action,1.5045295
ridiculous,1.50304
witty,1.5026664
coco,1.5023478
fair,1.501772
little girl,1.5001438
fate,1.4996309
last day,1.4994602
milo,1.4994267
bite,1.4992611
suddenly,1.498256
imdb,1.4978058
imdb top,1.4978058
drama,1.4977617
chinese,1.4974965
snow white,1.4961067
horizon,1.4940083
viking,1.4936767
cult,1.4933847
black white,1.4929242
navy,1.492905
van,1.4922327
hype,1.4913621
prisoner,1.4909685
exodus,1.4902599
grandmother,1.4896505
maze,1.4890339
purgatory,1.4881341
saved,1.4880139
harder,1.4879766
land time,1.4873252
re animator,1.4868027
re,1.4868027
animator,1.4868027
marvel,1.4865854
jackal,1.485137
slow,1.4840263
destiny,1.483973
day earth,1.4823817
kickboxer,1.4814531
man year,1.481236
universal soldier,1.4812059
universal,1.4812059
boy life,1.4809761
delivery,1.4801142
bean,1.4797242
fail,1.4775856
bag,1.4775023
et le,1.4774891
tigger,1.4762117
almost,1.4761778
limited,1.4760222
sitter,1.4755027
revenge nerd,1.474192
laura,1.473315
firm,1.4731258
july,1.4727495
phenomenon,1.4712595
android,1.4709601
neon,1.4705803
heavy metal,1.4703273
ha,1.4701174
scarface,1.4697286
hunger game,1.4695855
gold digger,1.4691564
digger,1.4691564
cooler,1.4672858
enforcer,1.4665624
goon,1.4665624
dictator,1.4664174
fei,1.4653533
interesting,1.4652846
escort,1.4646889
misfit,1.4644859
galactica,1.4633367
battlestar,1.4633367
battlestar galactica,1.4633367
diabolique,1.4630594
raven,1.4630594
peacekeeper,1.4625919
power ranger,1.4623754
hat,1.4612269
shall,1.4610305
shattered,1.4606373
first time,1.4605685
gremlin,1.4602592
xxx,1.4599063
crank,1.4596426
superstar,1.459304
little man,1.4587044
yuma,1.4581861
burden,1.4579319
scene,1.4579169
gi joe,1.4579073
shake,1.4577769
witch mountain,1.4567488
jennifer,1.4562315
black christmas,1.4559103
cimarron,1.4553254
tombstone,1.4551587
casper,1.4551587
annihilation,1.4537346
cruise,1.453192
core,1.4528818
dreamer,1.4528818
jade,1.4524119
smile,1.4519643
wolverine,1.450983
atlantis,1.4504284
monogatari,1.4495924
troll,1.4494287
cousin,1.4494287
cloud,1.4494215
logan,1.4490298
dc,1.4484919
transplant,1.4483368
death penalty,1.44815
penalty,1.44815
invisible man,1.4474308
goofy,1.4471148
elle,1.4470047
cloudy,1.4462534
shepherd,1.4456242
immortal,1.444649
matchmaker,1.4439753
alvin chipmunk,1.4438454
chipmunk,1.4438454
alvin,1.4438454
casanova,1.443
simpson,1.4429847
singer,1.4429007
string,1.4428241
doomsday,1.4419346
chopper,1.441641
march,1.4398389
hung,1.4396242
file,1.4393736
santa clause,1.4381974
marshall,1.4380486
lead,1.4374268
match,1.437093
chasing,1.4366022
piece,1.4363077
man land,1.4359999
blank,1.4343749
office,1.4339048
man earth,1.4333012
harold,1.43294
villa,1.4317337
hair,1.4317337
kate,1.4298072
oz,1.429569
back future,1.4294044
kissed,1.4288979
poison,1.4276795
ivy,1.4276795
poison ivy,1.4276795
firework,1.4271109
dentist,1.4218633
performance,1.4206661
caesar,1.420338
pa,1.419227
based tv,1.4191082
tv show,1.4191082
duke,1.4188938
gritty,1.4187224
big momma,1.4183011
swept,1.4165758
greek,1.4145191
maria,1.4142385
drummer,1.4138165
zorro,1.4127202
family guy,1.4115276
guy present,1.4115276
rachel,1.4108956
dark humor,1.4103853
seeking,1.4101201
clever,1.40906
stallion,1.4088668
loving,1.4081627
fuzz,1.4068873
pacino,1.4066776
al pacino,1.4066776
reckoning,1.406041
mississippi,1.4059377
mortal kombat,1.4049596
kombat,1.4049596
last summer,1.4042299
bottle,1.4039004
loud,1.4032371
howling,1.4022274
apollo,1.4013133
commentary,1.4012876
jing,1.4010732
darkman,1.4009762
passage,1.3994052
comeback,1.3990252
drowning,1.3988173
sorcerer,1.3984281
recruit,1.3982096
watchman,1.3980497
daniel,1.3977078
morgan,1.3968991
abominable,1.3968953
doubt,1.3968483
bikini,1.3967166
postman,1.3965214
dou,1.3964939
surf,1.396452
square,1.3944029
nosferatu,1.394169
mule,1.3940722
love affair,1.3940439
stylized,1.3938615
raider,1.3938539
hereafter,1.3932018
chain,1.3921896
fame,1.3915169
piano,1.3908985
hanging,1.3905677
jude,1.3902448
velvet,1.3902158
unforgettable,1.389879
undercover,1.3895826
ricky,1.3889811
believer,1.3880162
lloyd,1.3874745
wild thing,1.3871503
fence,1.3863816
breathless,1.3847605
pussycat,1.3836997
education,1.3831025
train dragon,1.3830247
soup,1.3826764
dawn dead,1.3826755
let go,1.3822265
october,1.3818151
plastic,1.3808656
hitch,1.3800682
muppet christmas,1.3798721
mickey,1.3796382
patlabor,1.3790581
show business,1.3780569
marble,1.3779017
riding,1.3778703
bastard,1.377693
vi,1.3775843
von,1.3769913
pocahontas,1.376909
angus,1.375989
nun,1.375726
last holiday,1.375337
cook,1.3752235
heidi,1.3744156
ready,1.3731506
night dream,1.3725548
report,1.3702602
beginner,1.3698769
noon,1.3686185
anatomy,1.3682601
sky high,1.3682555
capote,1.368021
judgment,1.3674916
endgame,1.3673737
seventh,1.3665533
hill cop,1.3664932
keanu,1.3662492
cherry,1.3662187
taste,1.3662187
barcelona,1.3662187
threesome,1.3662187
willy,1.3657962
stoker,1.3646066
caveman,1.3641887
tattoo,1.3641707
vii,1.3631891
insomnia,1.362612
red dawn,1.3624707
shoot,1.3622284
sex city,1.3603044
cancer,1.3599703
tour,1.3595806
company men,1.3591168
dog day,1.3586843
raise,1.3582076
betty,1.357878
quick,1.3573351
babysitter,1.353719
snipe,1.3532703
think man,1.3527069
course,1.3510714
collision,1.3510714
collision course,1.3510714
metro,1.3499349
spy kid,1.3492994
loss,1.3484325
major league,1.3472155
death note,1.3472085
ningen,1.3471308
went,1.3454034
lewis,1.3444883
wall street,1.3442976
reader,1.3441151
swordsman,1.3418105
clousseau,1.3412855
star born,1.3411715
deuce,1.340099
saturday night,1.3395231
saturday,1.3395231
untold,1.3387897
rewrite,1.3386009
wicker man,1.338407
incident,1.3378828
little big,1.336798
dig,1.3361831
scientology,1.3360506
negro,1.335011
bogus,1.3335557
roman,1.3330618
harvest,1.3327539
angeles,1.3325186
los angeles,1.3325186
mouse men,1.3323915
gypsy,1.3322365
tammy,1.3312635
millennium,1.3311692
league sea,1.3303506
fire ice,1.3303506
confidence,1.3296528
thats,1.3286378
martha,1.3285613
balance,1.3285437
mr smith,1.3280092
hare,1.3276813
guest,1.3276345
who talking,1.3270625
look who,1.3270625
secret agent,1.3266983
twice,1.3261335
anne frank,1.3257482
fuck,1.3255036
tailor,1.3249139
subway,1.3247491
wide,1.324648
toxic avenger,1.323426
toxic,1.323426
batman robin,1.3226188
stranger call,1.3217598
war peace,1.3216174
find,1.3204445
incredibles,1.3199227
best friend,1.3189809
million dollar,1.3178148
la vega,1.3166142
portrait,1.3164157
jacket,1.3163724
hangover,1.3162696
wonder woman,1.3158704
others,1.3151006
slasher spoof,1.3138466
spoof scream,1.3138466
claim,1.3135897
rob,1.3128749
bread,1.3128586
jackie,1.3125914
christopher,1.3124385
blair,1.312383
blair witch,1.312383
hart,1.3108876
death funeral,1.3107337
trap,1.3106093
hustle,1.3096747
innocence,1.3095181
sorry,1.3094323
daddy home,1.3086327
sleepy,1.3082367
sleepy hollow,1.3082367
politics president,1.3076487
stick,1.3072463
natural,1.3063116
mark,1.3042147
falcon,1.3028773
deadpool,1.3028505
beautiful creature,1.3022479
alcatraz,1.3020704
district,1.301074
get carter,1.3006468
in,1.300096
everyone,1.2993498
gossip,1.2988374
black sheep,1.2983184
cyborg,1.2977834
daisy,1.2972839
fortress,1.2967478
hairdresser,1.2961617
jump street,1.2948953
slumber party,1.2946278
slumber,1.2946278
party massacre,1.2946278
big fat,1.2943382
calendar girl,1.2924646
calendar,1.2924646
evil child,1.2924104
unleashed,1.2923055
celebrity,1.2916198
protector,1.290837
lonesome,1.2903688
service,1.2903439
odd,1.2901801
shaggy dog,1.2895334
around,1.2891681
solo,1.2889048
cast,1.2886775
dj,1.288607
dj vu,1.288607
nazi,1.2886039
wayne,1.2884197
wayne world,1.2884197
problem child,1.2879791
met,1.2878022
anger,1.2875586
lily,1.2871923
high heel,1.2857487
seth,1.2854391
pus,1.2846657
pus boot,1.2846657
amityville horror,1.2836863
trainspotting,1.283114
hunchback,1.2826698
hunchback notre,1.2826698
notre,1.2826698
notre dame,1.2826698
hostage,1.2818905
tag,1.2814343
tap,1.2811706
roast,1.2801219
europe,1.279842
blind date,1.2797954
leg,1.2788173
graffiti,1.2779421
american graffiti,1.2779421
boy girl,1.2769994
repo,1.2769752
shakespeare hamlet,1.2758949
frantic,1.2752012
gallows,1.2752012
house wax,1.273871
wax,1.273871
shall dance,1.2737323
astrix et,1.2729126
trail,1.2727528
pitch perfect,1.2723727
cinema,1.271665
parasyte part,1.2716497
parasyte,1.2716497
georgia,1.271492
fairy tale,1.2709572
gatsby,1.2708781
great gatsby,1.2708781
fisher,1.2690378
whole,1.2688241
gone second,1.2682186
ginger,1.2679112
ginger snap,1.2679112
snap,1.2679112
magnificent seven,1.2679074
italy,1.2677112
doctor watson,1.2675397
holmes doctor,1.2675397
art steal,1.2667867
maniac cop,1.2667867
grown,1.2666838
sarah,1.266495
addiction,1.2658755
rushmore,1.2656171
mutiny,1.2649715
dr dolittle,1.2647521
watching,1.2646
golf,1.2644888
on,1.2635822
margot,1.2628543
mommy,1.2611873
social commentary,1.2610824
training,1.2610639
se,1.2608502
day dead,1.2591765
brother brat,1.2590239
brat,1.2590239
bullet head,1.2585211
one day,1.2581781
ride along,1.2541975
shape,1.254112
must die,1.2538955
unicorn,1.2537975
hope spring,1.2535368
dad army,1.252871
cold war,1.2524489
nothing lose,1.2508535
unfinished,1.250124
surviving,1.2499871
per,1.2491477
multiple,1.248865
robbery,1.2487139
cadillac,1.2483361
eye eye,1.2481561
crocodile dundee,1.2480477
tyler perry,1.2454492
tyler,1.2454492
perry,1.2454492
japan,1.245129
thief bagdad,1.2446264
deliver evil,1.243468
somebody,1.2428403
kizumonogatari,1.2425287
darkest hour,1.2421896
father bride,1.242021
labyrinth,1.241661
darn,1.2416275
darn cat,1.2416275
monte,1.2414938
sexual,1.2410787
rough,1.2401526
kindergarten cop,1.2398973
kindergarten,1.2398973
blue planet,1.2388941
twisted,1.2379409
whiplash,1.2370572
frankie johnny,1.2368381
tucker,1.2366544
bloody valentine,1.2360922
guess,1.2358557
best actress,1.2353997
secretary,1.2341948
eva,1.2335372
orlando,1.2335372
lion king,1.2331173
paranoid,1.2330055
creation,1.2328689
hornet,1.2326725
evolution,1.232327
yankee,1.2322187
flag,1.231859
jonah,1.2317438
emperor new,1.2314522
loved,1.2311132
bridget jones,1.2309842
bridget,1.2309842
paradise lost,1.2309325
insidious chapter,1.2301583
longest yard,1.2298979
wheel,1.2298807
freaky,1.2298726
freaky friday,1.2298726
agora,1.2292614
fever pitch,1.228825
year one,1.2287214
jurassic park,1.2276059
stepford,1.2275213
stepford wife,1.2275213
pain,1.2270788
hardcore,1.2270548
later,1.2269022
three men,1.226895
frog,1.226769
berlin,1.2264316
harvard,1.2264087
poetic,1.2260911
standing,1.2256618
lego,1.2255206
maggie,1.2253375
opposite sex,1.2250223
opposite,1.2250223
dangerous mind,1.2247192
nightclub,1.2246373
zoolander,1.2241803
parent,1.2229043
war room,1.2227833
nasa,1.2226119
nasa space,1.2226119
siam,1.2225537
dark knight,1.2222513
keeper,1.2219071
flamingo,1.2218297
stanley,1.2216213
tron,1.2206157
hallucinatory,1.2199267
flyer,1.2182875
spice,1.2182138
cruel,1.2178535
pow,1.2174777
hurricane,1.2170452
dan,1.2169018
ultimate,1.2164255
ultimate avenger,1.2164255
transylvania,1.2164255
hotel transylvania,1.2164255
craft,1.2162884
daze,1.2155495
mister,1.2153474
killing softly,1.2148097
indiana,1.2147331
indiana jones,1.2147331
bourne identity,1.2142643
shark jaw,1.2142643
lyric,1.2141193
caddyshack,1.2130537
boom,1.2121053
scandal,1.2119122
alone dark,1.2118379
gladiator,1.2117673
breakdown,1.2113119
andrew,1.2110423
streak,1.2109861
forster,1.2103679
storm,1.2098837
connecticut,1.2098526
close range,1.2096969
lot,1.2081289
give,1.2076267
casino royale,1.2073731
conan barbarian,1.2073731
writer,1.2071128
dr watson,1.2068914
holmes dr,1.2068914
nice,1.2065917
segura,1.20559
tom segura,1.20559
quentin,1.2055047
navarone,1.2051136
revenant,1.2050332
friendship,1.2047918
flight phoenix,1.203889
sudden,1.2034326
burgundy,1.203084
comedy funny,1.2025597
diary wimpy,1.2024999
wimpy kid,1.2024999
wimpy,1.2024999
city angel,1.202368
red planet,1.2015035
bucket,1.2011979
tooth,1.2010794
tooth fairy,1.2010794
character,1.2008514
battle planet,1.2006555
play game,1.2003645
origin,1.2001811
violet,1.1997081
gorgeous,1.1981952
hustler,1.1978796
temptation,1.1974652
front page,1.1971722
kick ass,1.1971722
horrible boss,1.1971722
basic instinct,1.1971722
complicated,1.1968739
lantern,1.1968055
corruption,1.1964453
broken arrow,1.1961373
arrow,1.1961373
beautiful people,1.1953306
ad,1.1951238
last dance,1.1950629
cake,1.194949
career,1.1948136
bitter,1.1943617
mambo,1.1922104
corporation,1.191518
wrinkle,1.1914895
mathematics,1.1910155
karlson,1.19086
babe toyland,1.1905217
toyland,1.1905217
monument,1.1902133
justin,1.1898469
chill,1.1896741
heartbreak,1.1895738
dystopia,1.188355
young gun,1.1875322
girl want,1.1870626
leap,1.1866794
emerald,1.1855512
bunch,1.1850338
ben stiller,1.1843965
lip,1.1840688
payne,1.184066
wuthering,1.1840249
web,1.1840249
clash titan,1.1840249
wuthering height,1.1840249
clash,1.1840249
elsa,1.1840249
elsa fred,1.1840249
charlotte web,1.1840249
real life,1.183552
cat people,1.1830759
jerry,1.1829569
drunk,1.1829449
aardman wallace,1.1821334
war zone,1.1811111
child abuse,1.1801817
endless,1.1797295
alex,1.1794376
rapid,1.178943
youre dead,1.1781447
dogtown,1.1780641
shaolin,1.1773026
screaming,1.1763251
employee,1.1763251
employee month,1.1763251
kicking screaming,1.1763251
austin,1.176
austin power,1.176
liquid,1.175764
way back,1.1755996
ryan reynolds,1.1753781
reynolds,1.1753781
cole,1.1752216
mr right,1.1736625
michael myers,1.1734858
myers,1.1734858
howl,1.17336
salem,1.1722424
jin,1.1714914
bayou,1.1713091
shooting,1.1711204
sixteen,1.1710546
lucas,1.1700628
lord ring,1.1696366
campus,1.1695522
halloween ii,1.1689919
desperate,1.1684289
rage,1.1676357
jekyll,1.1675422
computer,1.1668987
total recall,1.166885
jeepers,1.166885
jeepers creeper,1.166885
precinct,1.166885
recall,1.166885
assault precinct,1.166885
duel,1.1667311
mercury,1.1654832
stir,1.165147
atmospheric beautiful,1.1648531
hilarious,1.1643877
bros,1.1643375
property,1.1640296
jupiter,1.1640296
farmer,1.1631289
oil,1.1628417
swimming,1.1604526
martian,1.1604526
ant man,1.1598766
fatale,1.1596615
sucker,1.1596615
distance,1.1596615
masked,1.1587535
inn,1.1587535
professional,1.1587014
robin williams,1.158297
self,1.1576529
tribe,1.15717
shotgun,1.15717
deep end,1.1566159
book love,1.156189
war last,1.1561126
license,1.1554444
veronica,1.1554444
mansion,1.1546309
librarian,1.1545401
helsing,1.1536813
king new,1.1536448
norton,1.15362
stripe,1.1535492
producer,1.1529331
patch,1.1525325
measure,1.1515331
inspector,1.1514487
wear,1.1504743
nikita,1.1501188
one night,1.1495862
limit,1.1490943
canyon,1.1490943
wolf man,1.1482439
dumber,1.148092
dumb dumber,1.148092
helen,1.1478596
valor,1.1464181
blame,1.1464181
earnest,1.1457012
auf,1.145684
happy foot,1.1452954
frontier,1.1448678
anti semitism,1.1447163
semitism,1.1447163
kumar,1.1440551
harold kumar,1.1440551
painted,1.1433202
kinky,1.1433202
cent,1.1431338
twenty,1.1427599
big top,1.1422917
psychopath,1.1411048
lord fly,1.1409689
poseidon adventure,1.1408719
silent hill,1.1393247
damage,1.1375312
desire,1.1368914
faust,1.1358335
harlem,1.1352963
everlasting,1.13514
accused,1.13514
check,1.13514
vanity,1.13514
runaway bride,1.1350865
christie,1.1349777
made america,1.1343743
window,1.1339977
world end,1.1334699
man moon,1.1327853
robinson,1.1305137
millionaire,1.1293182
ridge,1.1293182
serpent,1.1293182
scrooge,1.1291541
hank,1.1275929
jean,1.1271719
series,1.1270782
caper,1.127027
flesh blood,1.1266952
dusk,1.1263502
dead end,1.1247897
ii next,1.12459
naked gun,1.1234401
petes dragon,1.1227807
petes,1.1227807
cerebral,1.1227496
dancing,1.1226432
madame,1.1211054
nancy,1.1211054
palace,1.1211054
mafia godfather,1.119815
street dream,1.1188792
comedy dark,1.1174887
traveler,1.1169688
extraordinary,1.1158625
tension,1.1147416
good,1.1130674
afraid,1.1127272
museum,1.1121414
night museum,1.1121414
amazing grace,1.1111288
wasp,1.1099784
art karate,1.1097423
nd street,1.108394
st vincent,1.1079733
big trouble,1.1076251
open water,1.1075948
fullmetal alchemist,1.1071787
fullmetal,1.1071787
alchemist,1.1071787
bless,1.1067992
ballroom,1.1063285
jesse,1.1058834
italian job,1.105464
beth,1.104495
survival,1.1036808
magic mike,1.1034253
meat,1.1022359
tender,1.1017355
cat dog,1.1015909
rogen,1.1014122
seth rogen,1.1014122
in law,1.1013839
ford,1.1000103
johnny english,1.0992794
trucker,1.0989233
last kiss,1.0988035
swan,1.0985315
tough,1.0975512
conquest,1.0963295
eleven,1.0950584
aladdin,1.0948821
love bug,1.0941204
waking,1.0940037
crisis,1.0938377
feel,1.0927137
done,1.0919924
news bear,1.0919094
stylish,1.0904924
magic wizard,1.0892692
wizard harry,1.0892692
camelot,1.0889221
timeline,1.0885751
orient,1.0882491
exorcism,1.0877296
blue brother,1.0875375
dark blue,1.0871959
patton,1.0871162
kurt,1.0867292
delta force,1.0862881
south park,1.0859106
crude humor,1.0856354
crude,1.0856354
fox hound,1.0846039
scorpion,1.0840697
th hour,1.0833423
vermeer,1.0817208
swamp,1.0815226
conqueror,1.0814162
alabama,1.080736
magnolia,1.0807111
beneath,1.0802768
short circuit,1.0798512
circuit,1.0798512
goo si,1.079351
goo,1.079351
building,1.0789458
sematary,1.078893
pet sematary,1.078893
girl power,1.07874
afro samurai,1.0763404
afro,1.0763404
hot shot,1.0762995
stargate,1.0749383
serenade,1.074816
nudity,1.0747966
driver,1.0746179
national treasure,1.0739535
shakespeare sort,1.073792
sort,1.073792
jurassic world,1.073238
meet girl,1.0729849
boy meet,1.0729849
jour,1.0726016
elizabeth,1.0722916
school musical,1.0722779
mobster,1.0714618
shrew,1.0706887
eats,1.0700266
dennis,1.0689473
dennis menace,1.0689473
molly,1.0689454
rescue,1.0685761
parenthood,1.0680346
bernies,1.0679644
weekend bernies,1.0679644
barneys,1.0679502
fell,1.0678446
huck,1.0677353
died,1.0674939
yesterday,1.0674487
mama,1.0667063
som,1.0665835
princess diary,1.0662856
radio day,1.0662637
porter,1.0661926
furious fast,1.0658126
amazing spider,1.0653961
school grease,1.0651132
yes men,1.0643666
final cut,1.0630897
billy jack,1.0626411
steve job,1.0626041
lawnmower,1.0618265
lawnmower man,1.0618265
last vampire,1.0611376
blood last,1.0611376
nymphomaniac volume,1.0606717
nymphomaniac,1.0606717
psycho ii,1.0606145
girl next,1.0599154
dumbo,1.0598959
grandpa,1.0597451
firefly,1.0594759
mysterious,1.058984
cosmic,1.0588188
clothes,1.0584357
acting,1.0581138
ghost rider,1.0581003
chorus,1.057951
io,1.0579376
shaun,1.0575941
best man,1.0573561
bronco,1.0571239
dollhouse,1.0562019
ross,1.0549457
tolkein,1.05473
deed,1.0545537
mr deed,1.0545537
hangover part,1.0537474
xia,1.0525248
pacific rim,1.0517588
ballad,1.0510983
junction,1.0508355
charles thin,1.0505304
dog go,1.0502838
go heaven,1.0502838
rape,1.0497717
gay,1.0491762
freddy,1.0488905
cheap,1.0487146
dorian gray,1.0486253
dorian,1.0486253
poignant,1.0480494
urban legend,1.0474786
august,1.0474203
american psycho,1.0472355
dressed kill,1.0470736
dressed,1.0470736
paint,1.0469543
final fantasy,1.046828
razor,1.0464487
as,1.046427
beautiful loser,1.046175
divorcee,1.045867
wrong turn,1.0456535
william,1.0456424
boring,1.0445766
scott,1.0440006
paris love,1.0439624
mia,1.0428605
mamma mia,1.0428605
mamma,1.0428605
storytelling,1.0422065
diner,1.0422065
dynamite,1.0421491
ned,1.0417278
wendy,1.041024
candle,1.0405203
seller,1.0405173
prayer,1.0405083
eclipse,1.0404354
collins,1.0397314
tale two,1.0397298
brand,1.0393603
incredible journey,1.039026
hannah,1.03843
victory,1.0383157
harsh,1.0382569
cedar,1.0380056
escape planet,1.0376104
deux,1.0375326
tre,1.0366404
raw,1.0365932
conspiracy theory,1.0362974
graham,1.0362383
momma house,1.0357455
best best,1.0352821
nature call,1.03512
ogre,1.0349249
village damned,1.0348337
expectation,1.0345778
great expectation,1.0345778
notte,1.034256
crumb,1.0338159
spark,1.0336843
atlas,1.0335487
gorilla,1.0331033
amish,1.0326347
man golden,1.0323973
lisa,1.0321574
mona lisa,1.0321574
underdog,1.031976
rouge le,1.0310444
narnia,1.0303502
taming,1.0301955
tragedy,1.0295838
swing,1.0290498
gotta,1.0289446
go west,1.0288496
browning version,1.0285487
browning,1.0285487
fourth,1.0284482
random,1.0278066
free willy,1.0270553
black book,1.0269217
little princess,1.0266384
pick,1.0265902
roll,1.0263538
seduction,1.0261045
atlantic,1.026072
pierce,1.0253729
mildred pierce,1.0253729
mildred,1.0253729
bought,1.0252004
steamboat,1.0251489
brass,1.0241294
closet,1.0236121
simone,1.0227153
american tail,1.0222143
ringu,1.0220969
normal,1.0220892
terminal illness,1.022084
lesbian,1.0217636
gas,1.0214355
cafe,1.0208161
secret society,1.0205929
kevin smith,1.0199717
sans,1.0191493
wedding date,1.0187647
gekij,1.018566
madly,1.0185214
size,1.01845
fried,1.0184106
stunning,1.0178008
visually stunning,1.0178008
fifth,1.0175719
sad,1.0175148
sydney,1.0170314
crane,1.0167152
joe dirt,1.0166049
dirt,1.0166049
ya,1.0166048
record,1.0165912
arizona,1.0164506
pig,1.0164034
knew much,1.0163323
charlies,1.0160625
charlies angel,1.0160625
che part,1.016011
europa,1.0155052
enterprise,1.0153567
sierra,1.015149
picture show,1.015065
make love,1.0150175
libre,1.0146971
orange,1.0145466
mozart,1.0145012
spit grave,1.0133603
spit,1.0133603
salesman,1.0127938
rare,1.0126041
man godfrey,1.0112305
godfrey,1.0112305
ja,1.0111959
geisha,1.0108278
marry,1.0107001
orchid,1.0103811
cup,1.010367
little shop,1.0090514
shop horror,1.0090514
five year,1.0086443
armed swordsman,1.0085418
one armed,1.0085418
wheres,1.007401
horse black,1.0066681
kin,1.0065644
shock,1.0057001
party boum,1.0051446
boum,1.0051446
boum la,1.0051446
king men,1.0047283
nut job,1.0043213
middle,1.0042992
joken,1.0038552
ningen joken,1.0038552
human condition,1.0038552
fellini,1.0035527
shrunk,1.0035033
honey shrunk,1.0035033
tennessee williams,1.0029815
tennessee,1.0029815
promised,1.0027323
barry,1.0024873
reindeer,1.0023448
dating,1.0021937
played,1.0017089
masala,1.0016894
queue letter,1.0015769
mr mr,1.0013243
usa,1.0005884
decline,1.0005519
indian summer,1.000288
journey center,1.0000336
center earth,1.0000336
malcolm,1.0
mallrats,1.0
malna,1.0
stander,1.0
starman,1.0
standoff,1.0
scorched,1.0
relic,1.0
nightbreed,1.0
tex,1.0
greenberg,1.0
greenfingers,1.0
outsourced,1.0
duellist,1.0
duet,1.0
whipped,1.0
dilemma,1.0
constantine,1.0
contagion,1.0
aristocrat,1.0
waitress,1.0
andre,1.0
kingpin,1.0
terri,1.0
waterdance,1.0
watermark,1.0
overboard,1.0
oxygen,1.0
okja,1.0
oldboy,1.0
stagecoach,1.0
gbf,1.0
scoop,1.0
pickpocket,1.0
pawnbroker,1.0
payback,1.0
paycheck,1.0
eichmann,1.0
stalker,1.0
vatel,1.0
bfg,1.0
bewitched,1.0
gridlockd,1.0
rosewood,1.0
rubber,1.0
contraband,1.0
rudderless,1.0
housesitter,1.0
brubaker,1.0
betrayed,1.0
themroc,1.0
grind,1.0
stalag,1.0
nirvana,1.0
nighthawk,1.0
envy,1.0
nightwatch,1.0
critter,1.0
revolver,1.0
eurotrip,1.0
disturbia,1.0
starter,1.0
startupcom,1.0
stealth,1.0
maleficent,1.0
stepfather,1.0
dampfnudelblues,1.0
cocktail,1.0
squeeze,1.0
squirm,1.0
gauntlet,1.0
antz,1.0
vow,1.0
screamer,1.0
majestic,1.0
quadrophenia,1.0
antichrist,1.0
antitrust,1.0
outpost,1.0
tenebre,1.0
nightcrawler,1.0
felon,1.0
felony,1.0
neds,1.0
nebraska,1.0
limitless,1.0
lionheart,1.0
housebound,1.0
push,1.0
eulogy,1.0
coffy,1.0
germinal,1.0
geros,1.0
gerry,1.0
gettysburg,1.0
spotlight,1.0
spread,1.0
spun,1.0
widowmaker,1.0
rounder,1.0
hud,1.0
lifted,1.0
duchess,1.0
premonition,1.0
atonement,1.0
turbulence,1.0
buried,1.0
burlesque,1.0
gamer,1.0
bullitt,1.0
bulworth,1.0
splice,1.0
splinter,1.0
bunraku,1.0
burbs,1.0
bridesmaid,1.0
magician,1.0
brigadoon,1.0
stepmom,1.0
teeth,1.0
biggles,1.0
teknolust,1.0
principal,1.0
outlander,1.0
breed,1.0
manderlay,1.0
screwed,1.0
burger,1.0
burglar,1.0
daybreakers,1.0
daytrippers,1.0
presidio,1.0
presto,1.0
prefontaine,1.0
thinner,1.0
thinning,1.0
nerve,1.0
manic,1.0
bushwhacked,1.0
spectre,1.0
speechless,1.0
sphere,1.0
zapped,1.0
rko,1.0
trippin,1.0
pollock,1.0
pollyanna,1.0
dreamcatcher,1.0
inhale,1.0
stigma,1.0
whistleblower,1.0
jerk,1.0
jeffrey,1.0
maelstrm,1.0
dragnet,1.0
digimon,1.0
incendies,1.0
burrowers,1.0
risen,1.0
jubilee,1.0
twinsters,1.0
scratch,1.0
cobb,1.0
cobbler,1.0
octopussy,1.0
oculus,1.0
electroma,1.0
odds,1.0
gambler,1.0
wrestler,1.0
limbo,1.0
limey,1.0
lifeforce,1.0
lifeguard,1.0
benchwarmers,1.0
lilting,1.0
himizu,1.0
madhouse,1.0
tusk,1.0
tutor,1.0
histoire,1.0
consideration,1.0
rumor,1.0
interstate,1.0
bellflower,1.0
irene,1.0
crazybeautiful,1.0
spawn,1.0
specialist,1.0
margaret,1.0
root,1.0
rosetta,1.0
amarcord,1.0
marauder,1.0
spectacular,1.0
octagon,1.0
marine,1.0
anywhere,1.0
spaceballs,1.0
amateur,1.0
jolson,1.0
houseboat,1.0
guinevere,1.0
bent,1.0
thrill,1.0
beguiled,1.0
marnie,1.0
futureworld,1.0
marshal,1.0
southpaw,1.0
butterfield,1.0
buzzard,1.0
bw,1.0
cloudburst,1.0
mouchette,1.0
ferdinand,1.0
clockstoppers,1.0
clockwatchers,1.0
clockwise,1.0
byzantium,1.0
cabaret,1.0
scaramouche,1.0
comandante,1.0
fed,1.0
stoned,1.0
stonewall,1.0
admission,1.0
rundown,1.0
aquamarine,1.0
ararat,1.0
hopscotch,1.0
southbound,1.0
verdict,1.0
click,1.0
cliffhanger,1.0
clockers,1.0
wildcat,1.0
willard,1.0
jcvd,1.0
hypernormalisation,1.0
wimbledon,1.0
anomalisa,1.0
hollywoodland,1.0
beerfest,1.0
cursed,1.0
religulous,1.0
equalizer,1.0
equilibrium,1.0
equus,1.0
eragon,1.0
cootie,1.0
copenhagen,1.0
pagemaster,1.0
beetlejuice,1.0
stork,1.0
albatross,1.0
madeline,1.0
breach,1.0
thumbsucker,1.0
thunderball,1.0
searcher,1.0
calvary,1.0
funhouse,1.0
mortdecai,1.0
mortuary,1.0
marty,1.0
marwencol,1.0
strangeland,1.0
gidget,1.0
reaping,1.0
brake,1.0
boyhood,1.0
adanggaman,1.0
dreamgirls,1.0
paperhouse,1.0
paperman,1.0
exam,1.0
masquerade,1.0
quigley,1.0
quill,1.0
thunderbird,1.0
thursday,1.0
thx,1.0
triangle,1.0
amistad,1.0
wanderlust,1.0
lamerica,1.0
lammbock,1.0
jawbreaker,1.0
hellbender,1.0
krays,1.0
tyrannosaur,1.0
tzameti,1.0
atalante,1.0
hellevator,1.0
pcu,1.0
diva,1.0
quicksilver,1.0
matador,1.0
matewan,1.0
sorrow,1.0
vibe,1.0
matilda,1.0
matinee,1.0
caligula,1.0
thumbelina,1.0
tideland,1.0
tigerland,1.0
gummo,1.0
descendant,1.0
pk,1.0
kika,1.0
whip,1.0
westworld,1.0
schizopolis,1.0
schlussmacher,1.0
schmidt,1.0
colombiana,1.0
colonia,1.0
savior,1.0
pacifier,1.0
icarus,1.0
iceman,1.0
moonwalker,1.0
edgar,1.0
invictus,1.0
coherence,1.0
tuxedo,1.0
heima,1.0
heiress,1.0
kundun,1.0
editor,1.0
edmond,1.0
edtv,1.0
bronson,1.0
walled,1.0
walkabout,1.0
austenland,1.0
sommersby,1.0
maurice,1.0
maverick,1.0
moonraker,1.0
cleanskin,1.0
secretariat,1.0
elizabethtown,1.0
elling,1.0
camino,1.0
campaign,1.0
package,1.0
pact,1.0
wailing,1.0
volver,1.0
libertine,1.0
tampopo,1.0
tarantula,1.0
gifted,1.0
gigli,1.0
lobster,1.0
locke,1.0
waydowntown,1.0
gotti,1.0
outbreak,1.0
outland,1.0
hugo,1.0
apostle,1.0
appaloosa,1.0
faculty,1.0
obsessed,1.0
moonwalkers,1.0
ffolkes,1.0
rogopag,1.0
zathura,1.0
unzipped,1.0
adventureland,1.0
dogman,1.0
winchester,1.0
hysteria,1.0
til,1.0
tilt,1.0
leviathan,1.0
levity,1.0
rollercoaster,1.0
ripd,1.0
fubar,1.0
frontires,1.0
frostnixon,1.0
mayhem,1.0
candleshoe,1.0
philomena,1.0
peacemaker,1.0
captive,1.0
persona,1.0
peanut,1.0
windtalker,1.0
pleasantville,1.0
pledge,1.0
macarthur,1.0
stroszek,1.0
pumpkinhead,1.0
puncture,1.0
comedian,1.0
scalphunters,1.0
loft,1.0
tanguy,1.0
tapeheads,1.0
grabber,1.0
lol,1.0
muse,1.0
rink,1.0
gunman,1.0
tightrope,1.0
snowden,1.0
hombre,1.0
coriolanus,1.0
langoliers,1.0
hazard,1.0
he,1.0
headshot,1.0
nativity,1.0
onibaba,1.0
onion,1.0
apocalypto,1.0
bowfinger,1.0
boxer,1.0
stretch,1.0
solas,1.0
soloist,1.0
croupier,1.0
newsies,1.0
crooklyn,1.0
carandiru,1.0
snitch,1.0
pest,1.0
frisk,1.0
meantime,1.0
frighteners,1.0
snapper,1.0
snatch,1.0
snatched,1.0
lantana,1.0
cornered,1.0
liability,1.0
beastly,1.0
beastmaster,1.0
predestination,1.0
desperado,1.0
birdcage,1.0
redbelt,1.0
redline,1.0
cyrus,1.0
ref,1.0
lockout,1.0
intervista,1.0
macgruber,1.0
mack,1.0
warshawski,1.0
wasabi,1.0
amer,1.0
baywatch,1.0
bc,1.0
lenny,1.0
lemonade,1.0
ultraviolet,1.0
mediterraneo,1.0
persepolis,1.0
carnage,1.0
mechanic,1.0
medallion,1.0
carpool,1.0
megamind,1.0
melancholia,1.0
meddler,1.0
krull,1.0
helvetica,1.0
kuffs,1.0
krampus,1.0
borrowed,1.0
inkheart,1.0
laggies,1.0
humpday,1.0
gothika,1.0
otello,1.0
delirium,1.0
taker,1.0
lumumba,1.0
striptease,1.0
infiltrator,1.0
sweetie,1.0
boundary,1.0
knowing,1.0
krabat,1.0
cosmos,1.0
nadine,1.0
hacker,1.0
timecop,1.0
legionnaire,1.0
timer,1.0
elysium,1.0
clapper,1.0
willow,1.0
partisan,1.0
selena,1.0
selma,1.0
willymilly,1.0
japanese,1.0
wisdom,1.0
smashed,1.0
embassy,1.0
wraith,1.0
wyrmwood,1.0
girlfight,1.0
wackness,1.0
wadjda,1.0
biutiful,1.0
birdy,1.0
gotcha,1.0
webmaster,1.0
oa,1.0
oasis,1.0
desierto,1.0
sleepwalker,1.0
casshern,1.0
frenzy,1.0
insurgent,1.0
batmansuperman,1.0
titanica,1.0
untraceable,1.0
frequency,1.0
fresh,1.0
freejack,1.0
freeway,1.0
freezer,1.0
freedomland,1.0
slither,1.0
sliver,1.0
monkeybone,1.0
karma,1.0
hoodlum,1.0
hoodwinked,1.0
hedge,1.0
tully,1.0
repossessed,1.0
reptilicus,1.0
repulsion,1.0
borrower,1.0
deadfall,1.0
deadhead,1.0
onegin,1.0
woyzeck,1.0
dinotopia,1.0
videodrome,1.0
nicotina,1.0
dragonfly,1.0
dragonslayer,1.0
paranorman,1.0
parasite,1.0
arq,1.0
klute,1.0
eraser,1.0
corruptor,1.0
lean,1.0
experimenter,1.0
ragtime,1.0
norbit,1.0
idiocracy,1.0
airborne,1.0
leatherheads,1.0
basquiat,1.0
dish,1.0
pathology,1.0
kinsey,1.0
unthinkable,1.0
giver,1.0
fanboys,1.0
fandango,1.0
delicatessen,1.0
gordy,1.0
jumper,1.0
prancer,1.0
umberto,1.0
catwalk,1.0
catwoman,1.0
cb,1.0
merlin,1.0
fp,1.0
freaked,1.0
dutch,1.0
osama,1.0
bootlegger,1.0
loverboy,1.0
lovesick,1.0
substitute,1.0
satanic,1.0
pumaman,1.0
earthling,1.0
earthquake,1.0
wishmaster,1.0
drumline,1.0
warcraft,1.0
ward,1.0
handmaiden,1.0
tomorrowland,1.0
blinkytm,1.0
entourage,1.0
entrapment,1.0
duplex,1.0
duplicity,1.0
dupree,1.0
valiant,1.0
valkyrie,1.0
program,1.0
ariel,1.0
vacancy,1.0
skyline,1.0
catfish,1.0
foxfire,1.0
franc,1.0
dancemaker,1.0
sentinel,1.0
fraktus,1.0
swinger,1.0
frankenweenie,1.0
mephisto,1.0
merantau,1.0
cellular,1.0
abduction,1.0
bartleby,1.0
cottage,1.0
extract,1.0
rocker,1.0
rocketeer,1.0
rocknrolla,1.0
nadja,1.0
extremity,1.0
powerrangers,1.0
hanna,1.0
withnail,1.0
unbroken,1.0
underneath,1.0
hesher,1.0
knocked,1.0
knot,1.0
undertow,1.0
citizenfour,1.0
siren,1.0
sinister,1.0
darkon,1.0
recount,1.0
inkwell,1.0
glitter,1.0
suffragette,1.0
mud,1.0
mudbound,1.0
sarafina,1.0
crimewave,1.0
evelyn,1.0
jetsons,1.0
daryl,1.0
emmanuelle,1.0
emoji,1.0
senna,1.0
tonya,1.0
lbj,1.0
baseketball,1.0
tomboy,1.0
tomcat,1.0
topaz,1.0
moneyball,1.0
mongol,1.0
senseless,1.0
kazaam,1.0
champ,1.0
metropolitan,1.0
mexican,1.0
simpatico,1.0
founder,1.0
fountain,1.0
fountainhead,1.0
metroland,1.0
metropia,1.0
pecker,1.0
domino,1.0
vendetta,1.0
superfast,1.0
sandlot,1.0
saboteur,1.0
heartburn,1.0
heartless,1.0
trumbo,1.0
avanti,1.0
tsotsi,1.0
avalanche,1.0
ladybug,1.0
ladyhawke,1.0
fled,1.0
annapolis,1.0
topkapi,1.0
happening,1.0
lawless,1.0
hangar,1.0
disgrace,1.0
barfly,1.0
homefront,1.0
homegrown,1.0
tormented,1.0
imperium,1.0
counselor,1.0
palmetto,1.0
palookaville,1.0
tournament,1.0
tornado,1.0
torque,1.0
chapayev,1.0
sully,1.0
bollywoodhollywood,1.0
innerspace,1.0
innkeeper,1.0
youngblood,1.0
incognito,1.0
imposter,1.0
impromptu,1.0
ink,1.0
hoax,1.0
hoffa,1.0
barbarella,1.0
hardball,1.0
courier,1.0
rango,1.0
penelope,1.0
polyester,1.0
sightseer,1.0
baran,1.0
ridicule,1.0
hidalgo,1.0
hideaway,1.0
hiding,1.0
sidekick,1.0
karakter,1.0
wolfman,1.0
wolfpack,1.0
silverado,1.0
middleton,1.0
bap,1.0
palindrome,1.0
lassie,1.0
haunter,1.0
hatari,1.0
pandorum,1.0
paparazzo,1.0
dreamscape,1.0
azumi,1.0
baara,1.0
blackhat,1.0
blackkklansman,1.0
sandpiper,1.0
salvador,1.0
samsara,1.0
blackrock,1.0
syrup,1.0
tabu,1.0
prometheus,1.0
polytechnique,1.0
condorman,1.0
coneheads,1.0
confess,1.0
sabotage,1.0
fold,1.0
transsiberian,1.0
americathon,1.0
accepted,1.0
accountant,1.0
exotica,1.0
ishtar,1.0
wordplay,1.0
midway,1.0
chappie,1.0
powaqqatsi,1.0
pallbearer,1.0
bandidas,1.0
balto,1.0
bambi,1.0
bamboozled,1.0
driven,1.0
mumford,1.0
munchhausen,1.0
munchies,1.0
bolt,1.0
alibi,1.0
wendigo,1.0
superfly,1.0
boccaccio,1.0
looker,1.0
goony,1.0
lookout,1.0
loop,1.0
blink,1.0
goosebump,1.0
blackfish,1.0
sicko,1.0
ravenous,1.0
chouchou,1.0
charly,1.0
afterglow,1.0
igor,1.0
shrink,1.0
follows,1.0
fantasticks,1.0
survivalist,1.0
looper,1.0
deathgasm,1.0
valmont,1.0
vamp,1.0
proposition,1.0
supermandoomsday,1.0
supernova,1.0
communion,1.0
commuter,1.0
multiplicity,1.0
flyboys,1.0
shrooms,1.0
killshot,1.0
mimic,1.0
infini,1.0
detachment,1.0
detour,1.0
hardware,1.0
cheburashka,1.0
idlewild,1.0
idolmaker,1.0
nashville,1.0
explorer,1.0
exposed,1.0
namesake,1.0
tracer,1.0
severance,1.0
zombeavers,1.0
geostorm,1.0
godsend,1.0
deathtrap,1.0
deb,1.0
internship,1.0
interpreter,1.0
hurlyburly,1.0
competition,1.0
showtime,1.0
fluke,1.0
shooter,1.0
shootist,1.0
scorpio,1.0
mindhunters,1.0
mimino,1.0
shopgirl,1.0
shortbus,1.0
cherish,1.0
cherrybomb,1.0
showgirl,1.0
narc,1.0
narcopolis,1.0
popeye,1.0
trainwreck,1.0
bait,1.0
disclosure,1.0
disconnect,1.0
piper,1.0
harmonists,1.0
cq,1.0
intern,1.0
swat,1.0
suspiria,1.0
sacrament,1.0
murderball,1.0
waterworld,1.0
tadpole,1.0
deceiver,1.0
dope,1.0
paulie,1.0
weirdsville,1.0
naqoyqatsi,1.0
badlands,1.0
juror,1.0
virunga,1.0
virus,1.0
aloha,1.0
mogambo,1.0
mojave,1.0
seve,1.0
greedy,1.0
wiz,1.0
asphyx,1.0
minion,1.0
uninvited,1.0
ashby,1.0
transcendence,1.0
backbeat,1.0
backdraft,1.0
mischief,1.0
swarm,1.0
bloodmoon,1.0
switchback,1.0
interior,1.0
tetro,1.0
golmaal,1.0
bleeder,1.0
blended,1.0
swordfish,1.0
sylvia,1.0
blankman,1.0
blaze,1.0
intermission,1.0
viridiana,1.0
flightplan,1.0
flipped,1.0
flipper,1.0
rampage,1.0
reservation,1.0
resolution,1.0
respiro,1.0
undercurrent,1.0
zootopia,1.0
undead,1.0
unfaithful,1.0
unfaithfully,1.0
fireproof,1.0
firestarter,1.0
firewalker,1.0
firewall,1.0
moana,1.0
flashback,1.0
shiloh,1.0
novecento,1.0
novocaine,1.0
afflicted,1.0
affliction,1.0
rv,1.0
sahara,1.0
orgazmo,1.0
suture,1.0
hitchcocktruffaut,1.0
swelter,1.0
applesauce,1.0
afonya,1.0
sherrybaby,1.0
bakuman,1.0
traitor,1.0
trance,1.0
transamerica,1.0
unstoppable,1.0
highness,1.0
artemisia,1.0
dressmaker,1.0
mirrormask,1.0
sfw,1.0
firefox,1.0
sharkwater,1.0
shampoo,1.0
shane,1.0
choke,1.0
sheena,1.0
flashdance,1.0
mitchell,1.0
retroactive,1.0
informant,1.0
periscope,1.0
abandoned,1.0
kagemusha,1.0
kalifornia,1.0
zookeeper,1.0
pontypool,1.0
flatliners,1.0
indiscreet,1.0
indignation,1.0
rize,1.0
cove,1.0
houdini,1.0
havoc,1.0
haywire,1.0
zebraman,1.0
absentia,1.0
blitz,1.0
blocker,1.0
dedication,1.0
inescapable,1.0
infamous,1.0
zipper,1.0
zodiac,1.0
chumscrubber,1.0
fired,1.0
primeval,1.0
kindred,1.0
cocoanut,1.0
brood,1.0
jabberwocky,1.0
fitzcarraldo,1.0
defiance,1.0
goldeneye,1.0
goldfinger,1.0
allnighter,1.0
swimfan,1.0
conception,1.0
concussion,1.0
sweetgrass,1.0
dobermann,1.0
black stallion,0.99960935
joke,0.9993074
feather,0.99928683
glen,0.9986013
daddy day,0.9985094
existentialism,0.99848986
fantastic four,0.99813735
train robbery,0.9979882
great train,0.9979882
rule engagement,0.9977927
care bear,0.9974636
mighty joe,0.9970111
joe young,0.9970111
gathering,0.9969867
egypt,0.9961399
time forgot,0.9955323
forgot,0.9955323
ring two,0.9952552
imaginary,0.9939606
secret eye,0.99292356
nico,0.99228644
salmon,0.99228644
turning,0.9922507
secreto,0.9915488
amnesia dark,0.99120134
virgin,0.9906641
new groove,0.99044186
item,0.9898976
grizzly,0.9898516
steve carell,0.989324
carell,0.989324
air bud,0.98931754
bud,0.98931754
minor,0.9892749
ken,0.9891027
happy go,0.98764384
real girl,0.9874604
material,0.9873642
father hero,0.986917
cause,0.98596275
season witch,0.98454076
beautiful thing,0.9845314
night living,0.98429334
burning,0.98420525
cash,0.98333734
jack reacher,0.9826509
reacher,0.9826509
american werewolf,0.9817805
factory girl,0.981753
dungeon,0.9812218
sexy,0.9807368
doodle,0.98047185
affleck,0.98042196
last stand,0.979209
little miss,0.9789856
ups,0.97870064
grown ups,0.97870064
victor,0.97833663
shut,0.97831905
diary anne,0.9780884
flash gordon,0.97798824
gordon,0.97798824
monte carlo,0.9774038
carlo,0.9774038
freddys,0.977351
love love,0.97724056
vanishing,0.9771651
keeping,0.97642267
curious,0.9761137
dark water,0.97589624
tarantino,0.97400934
big adventure,0.97395617
sell,0.97347313
godzilla gojira,0.9730686
importance earnest,0.97280467
savannah,0.9725759
manchurian candidate,0.9723102
manchurian,0.9723102
huntsman,0.9721619
pillow,0.9720298
guilt,0.97189796
cannonball,0.9718155
cannonball run,0.9718155
oclock,0.97167575
oclock high,0.97167575
oliver twist,0.97147983
boleyn,0.9714241
dove,0.9707657
velocity,0.9707094
coach,0.97066236
sens,0.96971256
legacy,0.9694962
wall could,0.9692093
could talk,0.9692093
love woman,0.9691262
legend sleepy,0.96889925
christian bale,0.96883994
christian,0.96883994
bale,0.96883994
incredible shrinking,0.9687837
shrinking,0.9687837
heartbreaking,0.9686774
ernest go,0.9683218
drop dead,0.96827054
rita,0.96809644
starship,0.9671354
starship trooper,0.9671354
maze runner,0.9670248
criminal,0.9663069
ultimo,0.9660251
december,0.9659612
invasion body,0.96447116
strictly,0.96430504
motor,0.9640728
voyage sinbad,0.9629502
sara,0.9628378
dont look,0.96256346
dante,0.9615252
please,0.96119106
continental,0.96100175
traffic,0.96027994
artificial intelligence,0.9600317
artificial,0.9600317
zoe,0.9598284
bigger,0.9590915
castaway,0.95896983
hemingway,0.95893914
senshi,0.95883924
bar,0.95763713
almighty,0.9573382
city slicker,0.9569744
slicker,0.9569744
first blood,0.95692784
queue secret,0.95623857
tom hank,0.9561473
funny game,0.95571446
whisper,0.9546368
hick,0.9545306
bill hick,0.9545306
cemetery,0.95362234
aid,0.9535168
nuit,0.95251554
grinch,0.95212376
know last,0.9518904
trinians,0.95165586
st trinians,0.95165586
guantanamo,0.95102376
snowy,0.9507811
snowy river,0.9507811
lawrence,0.95024395
domestic,0.95022047
guilty,0.949862
boondock saint,0.94945467
boondock,0.94945467
swiss,0.9493408
dr phibes,0.948982
phibes,0.948982
every,0.9489318
ying xiong,0.9488252
jordan,0.9486238
representation,0.9483955
dy,0.9480934
hobbit,0.94776595
ai,0.94769025
around world,0.9476549
world day,0.9476549
sabrina,0.94764
jeux,0.94702435
seattle,0.94592714
faith,0.9441668
ransom,0.9441036
commander,0.9439974
network,0.94360924
miracle th,0.94354296
th street,0.94354296
bronx,0.94353044
lost child,0.9434896
wong fei,0.9432737
fei hung,0.9432737
christmas christmas,0.94139934
serving,0.940695
sarcasm,0.94064814
wedding father,0.9399121
overrated,0.9396626
sue,0.9396031
space opera,0.938957
roof,0.9385984
extinction,0.93849224
possession,0.9382503
joe rogan,0.9376167
rogan,0.9376167
nixon,0.9357662
along came,0.93371034
better living,0.9334932
odd couple,0.9332859
common,0.93283665
god must,0.9323313
must crazy,0.9323313
man iron,0.93201995
queue midnight,0.9318652
papa,0.9317976
parent trap,0.93151355
twin parent,0.93151355
airplane,0.9311317
welt,0.93068135
bow,0.9301332
tomato,0.92994404
craig,0.92960227
fruit,0.9290329
native,0.9289936
girlfriend,0.92891955
sorority house,0.92814803
house massacre,0.92814803
claymation,0.9281317
brady,0.9277333
british comedy,0.9276153
chance meatball,0.9274205
cloudy chance,0.9274205
darjeeling limited,0.9268541
darjeeling,0.9268541
courage,0.92676175
banlieue,0.9264262
fockers,0.92633617
slayer,0.92621154
men black,0.9257777
mib,0.9257777
thread,0.92553186
blue sea,0.92547697
mystic,0.924948
hugh jackman,0.9246099
hugh,0.9246099
jackman,0.9246099
intense,0.9237505
stolen,0.9232117
pelham,0.9228177
taking pelham,0.9228177
crown affair,0.92221075
crown,0.92221075
thomas crown,0.92221075
thomas,0.92221075
budapest,0.92208225
clerk,0.92116314
count,0.9209533
la grande,0.92033714
ventura,0.9200972
come night,0.91985035
mothra mosura,0.91981125
mothra,0.91981125
mosura,0.91981125
maybe,0.9196504
loaded,0.91944826
might giant,0.9192622
francisco,0.91885066
san francisco,0.91885066
ju on,0.9188307
eddie murphy,0.91801167
daria,0.9154466
missionary,0.9154302
fahrenheit,0.9152527
nice guy,0.91484344
ella,0.91468525
citt,0.91427743
psychiatrist,0.9140649
cannibal,0.9140446
alternate ending,0.9139065
welcome jungle,0.91368365
losing,0.9133551
ballet,0.91331005
long walk,0.91330385
culture,0.91324896
man standing,0.91321915
elmo,0.9126692
nemo,0.91120845
violent,0.9102768
nina,0.9083297
film,0.9074393
zoo,0.9072573
seek,0.9067186
hyena,0.9066659
burma,0.9057014
cera,0.90566564
black mirror,0.90519583
influence,0.9049864
danger,0.90488625
hound baskervilles,0.9046382
baskervilles,0.9046382
dd,0.9045632
heavyweight,0.90449035
foot two,0.90448403
pant,0.9043652
traveling pant,0.9043652
traveling,0.9043652
sisterhood traveling,0.9043652
poetry,0.9034516
que,0.9033815
mon oncle,0.9032433
oncle,0.9032433
yan,0.90314287
pie present,0.90305644
condor,0.9029052
celebration,0.90237105
walk home,0.9019762
cry wolf,0.90120494
dinosaur jurassic,0.9010776
heavenly,0.9007136
court military,0.90049183
pluto,0.90017635
charlie brown,0.89979863
darkly,0.89893174
rumble,0.89822257
pervert guide,0.8982027
pervert,0.8982027
bruce lee,0.89790726
addams,0.8975902
addams family,0.8975902
witch hunter,0.8971145
sin city,0.89699364
french connection,0.89606047
dimension,0.89502156
juk,0.89398265
arnold,0.89392316
chris,0.89380515
snow falling,0.8928753
smoking,0.8928068
clay,0.8921484
glenn,0.8915962
leopold,0.89087987
outside,0.89084446
sur,0.89033103
emily,0.8902974
australia crocodile,0.8900914
syndrome,0.88969016
fifty,0.88898635
fifty shade,0.88898635
shade,0.88898635
street fighter,0.8877845
mm,0.887614
confession dangerous,0.88683414
goethe,0.8860563
et la,0.88584983
eugene,0.88570243
dark side,0.8841169
suit,0.8840152
price,0.8836951
seven year,0.8828125
todd,0.8827313
sweeney todd,0.8827313
sweeney,0.8827313
quentin tarantino,0.88216907
consent,0.8811387
mexico,0.8807096
girl walk,0.8790281
truman,0.878989
fast food,0.87843287
alles,0.878254
name king,0.87786025
bang bang,0.8768994
julie,0.87689865
angry men,0.87655514
wa,0.8758347
remains,0.87579995
testament,0.8741994
new generation,0.87279034
ado nothing,0.8722515
ado,0.8722515
much ado,0.8722515
indie,0.8719646
em high,0.8712198
skipped,0.8709835
christina,0.87072504
jesus christ,0.8701082
sister act,0.86990964
rat,0.86943877
chronicle narnia,0.8693611
vanishes,0.86931354
una,0.86928797
chavez,0.86917984
drinking,0.8690903
two girl,0.86861503
bender,0.8683983
futurama bender,0.8683983
herbie go,0.8683763
served,0.8681968
security,0.8673811
superhero superhero,0.86682254
motion,0.8666078
guardian galaxy,0.86582744
space space,0.86570567
accidental,0.8653968
study,0.8653821
sai,0.86531556
accident,0.8652572
ask,0.86466813
humorous,0.8636925
apple dumpling,0.86253947
dumpling,0.86253947
dumpling gang,0.86253947
secret service,0.8624129
ghost ghostbusters,0.86237276
trois,0.8615029
gyllenhaal,0.8614093
anvil,0.861037
jalla,0.861037
melinda,0.861037
escaflowne,0.861037
ladybird,0.861037
volga,0.861037
grit,0.86024475
true grit,0.86024475
ocean eleven,0.8600601
alien predator,0.85898435
bottom,0.85753685
mutiny bounty,0.8574995
homme,0.8573505
massacre ii,0.8570002
splendor,0.85655755
session,0.8564795
stair,0.856127
silly,0.85604256
searching,0.85594296
bremen town,0.8556347
bremen,0.8556347
musician,0.8556347
town musician,0.8556347
smell,0.85557294
bomb,0.85490876
three color,0.8547438
santa claus,0.85417414
claus,0.85417414
kingsman,0.85410225
james franco,0.8538749
franco,0.8538749
happy ending,0.8536711
polar,0.8536643
archaeology,0.8533703
live die,0.8531134
psychology suspense,0.8530792
tang,0.85258377
pajama,0.85142946
lamb,0.85127443
preacher,0.851038
psychedelic,0.8505533
role,0.8502679
bleak,0.8498552
three day,0.8494866
start,0.8489504
dolly,0.8488624
based book,0.848601
patrol,0.84827924
end street,0.8482696
black hole,0.8474963
anthony,0.8473892
lost city,0.8472135
arrival,0.8467942
fabulous,0.84678614
stewart,0.8467251
rogers hammerstein,0.8459555
hammerstein,0.8459555
swept away,0.84551334
eddie izzard,0.8450502
izzard,0.8450502
stranger train,0.8443719
mou,0.84353673
murray,0.8434627
dark hero,0.843305
drifter,0.8430264
tub time,0.8427265
hot tub,0.8427265
tub,0.8427265
helena,0.8421947
spot,0.8417895
private life,0.8416133
leopard,0.84154856
files,0.8411492
large,0.8409325
jam,0.8409126
greek wedding,0.8403217
fat greek,0.8403217
northwest,0.8402044
dylan,0.8401619
tomb raider,0.84004605
miss congeniality,0.83959275
congeniality,0.83959275
lesson,0.83957076
scent,0.8395576
dangerously,0.838921
mitty,0.83889025
life walter,0.83889025
walter mitty,0.83889025
walter,0.83889025
saved bell,0.8385782
automobile,0.83837175
ga,0.8382883
xiao,0.83727705
ultimatum,0.8369384
new beginning,0.83676016
nick hornby,0.83673924
hornby,0.83673924
macgyver,0.8364649
comfort,0.8363471
gai wak,0.836081
wak,0.836081
guide galaxy,0.83501434
cha,0.83420354
tout,0.83380663
controversial,0.8327236
robert de,0.83265793
niro,0.83265793
de niro,0.83265793
tky,0.83258915
world tomorrow,0.832256
englishman,0.8322501
board,0.83223534
hoop,0.83218634
johnson,0.83159626
cheech chongs,0.83158493
cheech,0.83158493
chongs,0.83158493
donkey,0.83148694
worm,0.8304454
pi,0.8304213
outsider,0.83008397
independence day,0.83002865
independence,0.83002865
european,0.8289187
day september,0.8287449
white male,0.828458
zatichi,0.82837725
chucky,0.82807314
chucky child,0.82807314
dao,0.82741165
pre,0.8271837
dr jekyll,0.8268377
mr hyde,0.8268377
jekyll mr,0.8268377
travel back,0.82642984
surprise,0.82635146
worth,0.82578313
double life,0.82554376
halloween halloween,0.8247509
live anymore,0.8246945
anymore,0.8246945
illusionist,0.8244452
unbound,0.82443476
romeo juliet,0.8233268
suspenseful,0.82264817
dead snow,0.82115185
high noon,0.82113624
future part,0.8206018
wore,0.82045925
wu,0.82024956
pee,0.81997436
brainwashing,0.8196002
awkward,0.8193052
term,0.8192276
animated,0.81847185
come back,0.8181788
strawberry,0.8173389
cuckoo,0.8169972
adoption,0.8162793
ti,0.8162463
copy,0.816036
pushing,0.81590444
est une,0.81575155
dagger,0.8149344
without face,0.81472373
cody,0.8140025
cody bank,0.8140025
agent cody,0.8140025
pumpkin,0.81399566
john mulaney,0.8138343
mulaney,0.8138343
brad pitt,0.8134475
pitt,0.8134475
brad,0.8134475
feel good,0.8132585
beautiful cinematography,0.8131325
made cry,0.81284916
broke,0.8127983
liaison,0.8126768
inspiring,0.8120757
alfred,0.8116113
alfred hitchcock,0.8116113
mob,0.81068856
sebastian,0.80992603
behind enemy,0.8094034
enemy line,0.8094034
chaat,0.8092139
ging chaat,0.8092139
ging,0.8092139
chaat goo,0.8092139
dirty dancing,0.8088517
documentary,0.80873924
man without,0.8083099
delight,0.80774945
trying,0.80765724
audrey,0.8071582
far away,0.8068292
hit men,0.8059029
video,0.80589193
warhol,0.8054278
andy warhol,0.8054278
edward norton,0.80476594
kaidan,0.8022237
learning,0.80220705
tinker,0.80211323
soldier spy,0.80211323
tinker tailor,0.80211323
tailor soldier,0.80211323
success,0.80187404
girl girl,0.80181015
system,0.80144125
passionate,0.80082107
tian,0.8003716
gu,0.79966724
queue black,0.79943204
opera star,0.7988537
speech,0.7984808
motorcycle,0.7983293
surfing,0.79815674
loch ness,0.7976814
loch,0.7976814
ness,0.7976814
blart mall,0.7975568
paul blart,0.7975568
blart,0.7975568
mall cop,0.7975568
imitation,0.7974198
ch,0.79741925
project gai,0.79739094
violence america,0.79709005
mega,0.7968352
gaan,0.79642826
an,0.7961105
dragon tattoo,0.79608434
girl dragon,0.79608434
awakens,0.7945992
ricky gervais,0.79382837
gervais,0.79382837
gervais live,0.79382837
iwo,0.79350626
iwo jima,0.79350626
jima,0.79350626
stood still,0.7931936
stood,0.7931936
earth stood,0.7931936
neo,0.79269445
greene,0.7920213
graham greene,0.7920213
gran,0.79179215
chun,0.79171765
ribbon,0.7914369
silverman,0.7913945
jesse james,0.7911018
sunset strip,0.79081476
strip,0.79081476
henry james,0.79058135
folk,0.7904982
rob zombie,0.7896807
gould,0.7890166
beer,0.78867483
sau,0.7883825
slick,0.78804827
dozor,0.78804195
dusk till,0.7871181
till,0.7871181
till dawn,0.7871181
seal,0.7870364
poor,0.7869845
virginity,0.7864977
enigmatic,0.7863242
jessica,0.786281
ace ventura,0.7858989
la belle,0.78481215
kumite,0.7847774
conte,0.7842666
tale conte,0.7842666
go washington,0.78382003
irreverent,0.78372455
deadly venom,0.7834407
em forster,0.78323257
malkovich,0.78310996
john malkovich,0.78310996
take manhattan,0.7828437
batman dark,0.78206193
return part,0.78206193
knight return,0.78206193
sling,0.7819078
sling blade,0.7819078
entre,0.7817944
ichabod,0.7813566
spanish,0.78117406
american girl,0.7811552
dei,0.78097105
ninotchka,0.7797433
surfer,0.77936804
event,0.77919453
dorothy,0.77910745
out,0.77865255
fully,0.77840805
tora,0.77828294
martin scorsese,0.77736413
scorsese,0.77736413
tom jerry,0.7772879
himalaya,0.77652717
photography,0.77634716
krtki,0.77602875
completely,0.7756305
skating,0.7742667
figure skating,0.7742667
striking,0.77379876
hip hop,0.7733605
gekij ban,0.7731367
ban,0.7731367
cooper,0.7731153
adult,0.77247196
hundred,0.7713646
legally,0.7706169
legally blonde,0.7706169
bio,0.76955223
edith,0.76941854
edith wharton,0.76941854
wharton,0.76941854
clone,0.7684487
man snowy,0.7682827
hai,0.7681625
marvel one,0.7676742
one shot,0.7676742
among,0.76677793
camera,0.7662958
small time,0.7652545
ferguson,0.76504993
craig ferguson,0.76504993
wang,0.7648553
western civilization,0.76421106
decline western,0.76421106
civilization,0.76421106
child child,0.7639968
madonna,0.7638663
gable,0.76365197
green gable,0.76365197
anne green,0.76365197
game man,0.7633822
bradbury,0.7626027
ray bradbury,0.7626027
lust,0.7615565
death love,0.7611008
rasicm,0.7604285
maltese falcon,0.7602374
maltese,0.7602374
deuce bigalow,0.7602246
bigalow,0.7602246
boy ii,0.7601617
southern,0.759241
dead night,0.7590942
tennis,0.75860465
duma,0.7584977
lecter,0.75844157
hannibal lecter,0.75844157
ticket,0.75776744
night watch,0.757542
chez,0.7574928
lego batman,0.75727654
stole christmas,0.75636786
stole,0.75636786
grinch stole,0.75636786
one love,0.7556229
outta,0.7554009
pizza,0.7551514
amour,0.7547184
death life,0.75444293
birdman,0.75432855
exotic marigold,0.7533783
best exotic,0.7533783
marigold,0.7533783
exotic,0.7533783
marigold hotel,0.7533783
mostly,0.7523438
family man,0.75225925
punch,0.7517105
love game,0.7514914
steam,0.75071
travel time,0.75039756
child night,0.74989355
one two,0.7498857
two three,0.7498857
ben affleck,0.7495388
pekka ja,0.7495229
pekka,0.7495229
ptk,0.7495229
ja ptk,0.7495229
reborn,0.7494851
fucking,0.7492531
music man,0.7492438
life house,0.7491065
jie,0.74891
bill vol,0.7482724
vol,0.7482724
revenge kill,0.7482724
kill bill,0.7482724
grim,0.74821764
white night,0.74811685
reno,0.74704844
powerful,0.7466755
prequel,0.7464891
war dog,0.7464735
ist,0.7464141
postman always,0.7458024
ring twice,0.7458024
always ring,0.7458024
lady man,0.7447054
reefer,0.74436206
reefer madness,0.74436206
nocturnal,0.74420244
white christmas,0.7440929
avenger part,0.7439606
para,0.74387467
paura,0.7438558
percy,0.74342144
percy jackson,0.74342144
pane,0.7430944
horde,0.74291253
man fire,0.74216205
house dead,0.7418185
woman black,0.74173915
seuss,0.74146783
dr seuss,0.74146783
mash,0.7412579
iousa,0.7412579
marx brother,0.7410838
marx,0.7410838
big one,0.74023294
last dragon,0.74014854
eternal,0.73997813
guerre,0.739725
boy dog,0.7397113
book life,0.73963404
time china,0.7394732
child men,0.73943627
goodnight,0.738984
dark star,0.73876536
child big,0.7386363
come see,0.73822284
jail,0.7381644
night earth,0.7379334
perfect man,0.7379129
named,0.73759973
dark dark,0.73704076
turkish,0.7369605
plot hole,0.73673713
olympics,0.73671687
alien la,0.7365539
funny girl,0.7361648
game death,0.73594165
fingered,0.7359017
akira,0.73574334
little child,0.73562014
mtro,0.73469543
ahead,0.7344781
day kill,0.73443353
th day,0.73443353
balloon,0.73366946
baby day,0.7333372
love devil,0.73246247
three king,0.73244023
king heart,0.73244023
day doctor,0.7321986
woman red,0.7318417
earthsea,0.7316997
street king,0.7316288
white house,0.73156375
late night,0.73139644
sea love,0.7312216
photo,0.73120546
best men,0.7311272
white dog,0.7310602
end day,0.7310144
house game,0.7309858
final girl,0.73082006
twentieth century,0.7305818
twentieth,0.7305818
vision,0.7303343
beautiful girl,0.7298232
lost boy,0.7295985
semitism judaism,0.7294694
big year,0.7288217
murder orient,0.72860765
orient express,0.72860765
father day,0.7284938
nin,0.728449
snowtown,0.7282548
dawn part,0.72804374
breaking dawn,0.72804374
saga breaking,0.72804374
george bernard,0.7278551
bernard shaw,0.7278551
bernard,0.7278551
shaw,0.7278551
soccer,0.72761214
salute,0.7268926
whimsical,0.72665083
madison,0.7261889
laugh,0.7260213
perfect day,0.72573966
love money,0.72566926
organized crime,0.72562695
organized,0.72562695
hallows part,0.72550297
hallows,0.72550297
deathly,0.72550297
deathly hallows,0.72550297
potter deathly,0.72550297
girl town,0.72544914
hardy,0.724969
tom hardy,0.724969
rambo first,0.7248038
end war,0.7246091
high crime,0.72456837
patrik,0.7241607
god dead,0.7241414
life father,0.72404796
christmas live,0.723481
believe,0.72306365
girl train,0.7229855
party girl,0.7229855
musa,0.72279996
day heaven,0.7227054
beautiful boy,0.7226664
suspense thought,0.722556
love crazy,0.72245425
pour,0.72220594
art war,0.72215396
king summer,0.7218841
wild one,0.721202
main,0.7211827
day race,0.7210646
day take,0.7210646
temp,0.7209619
du temp,0.7209619
butterfly effect,0.7208853
baby boy,0.72062343
loneliness,0.7204988
chocolate factory,0.7204957
madre,0.72044206
woop,0.72033674
aka alien,0.72016025
man trouble,0.72006196
tambin,0.7200086
wild child,0.71972513
jimmy carr,0.7196306
carr,0.7196306
year dragon,0.71942586
kramer,0.71936363
day hell,0.719329
snow day,0.719329
knight day,0.719329
so,0.7192787
dr woman,0.718968
run night,0.71890473
qui,0.71882296
notable,0.7187844
new guy,0.7186568
big green,0.718419
boy town,0.718419
murder death,0.7180421
perfect world,0.71772844
reciprocal spectator,0.7175237
spectator,0.7175237
reciprocal,0.7175237
day paris,0.71748716
kiss girl,0.71732634
wrong man,0.7172859
soul man,0.7172859
company man,0.7172859
black sea,0.717248
night fall,0.7171846
hell night,0.7171846
love drug,0.7168832
love jones,0.7168832
horror picture,0.7168021
rocky horror,0.7168021
little monster,0.7167538
bride war,0.71651417
war rose,0.71651417
escape la,0.7165044
red eye,0.7162053
majesty,0.71574414
little murder,0.7156428
one guy,0.71559566
happy day,0.7155254
diary dead,0.7148294
incredibly,0.71482015
shadow world,0.71479315
ari,0.7147832
monster house,0.71453756
first kid,0.7138422
saw ii,0.7136252
house devil,0.71343684
come day,0.71342736
day tomorrow,0.71342736
victim,0.7134099
ck live,0.7133846
dark shadow,0.71324813
war dance,0.71322346
er,0.71299493
crime heart,0.7129505
time call,0.71292573
back school,0.712856
caribbean dead,0.7126608
homeward,0.7125446
homeward bound,0.7125446
woman top,0.71242815
tale crypt,0.71229446
crypt,0.71229446
crypt present,0.71229446
road house,0.71229005
kevin hart,0.71202374
boy beast,0.7120057
high art,0.7119916
weisz,0.7119408
rachel weisz,0.7119408
red hill,0.71153724
lost space,0.71135616
date night,0.7113351
last knight,0.71122956
running man,0.7108888
inside man,0.7108888
shes man,0.7108888
paper man,0.7108888
quiet man,0.7108888
available netflix,0.71076316
available,0.71076316
little vampire,0.7106917
wild heart,0.7106361
hao,0.7105744
land dead,0.71036077
ugetsu,0.7102422
rembrandt,0.7102422
kid part,0.71017444
kiss death,0.71016294
love trouble,0.7100571
mad love,0.7100571
angel heart,0.70981574
tu,0.70980847
american ninja,0.7097093
lost america,0.7096835
generation war,0.70951533
war horse,0.70951533
unexpected,0.709479
life know,0.7092501
family thing,0.7091313
mother night,0.70910054
night mother,0.70910054
panda secret,0.7087771
dance dead,0.70870113
asterix obelix,0.70845354
oblix,0.70845354
obelix,0.70845354
jui,0.70821214
drunken master,0.70821214
master jui,0.70821214
kuen,0.70821214
drunken,0.70821214
jui kuen,0.70821214
music heart,0.70809233
funny people,0.70809233
perfect blue,0.70807356
hot dog,0.70807356
ghost town,0.7077132
last samurai,0.7075523
edge love,0.7073947
black knight,0.70731825
city sea,0.7071717
one money,0.70715487
wanted man,0.70713925
harry met,0.7068232
angel eye,0.70672196
american beauty,0.7067009
american heist,0.7067009
wild america,0.70669246
family business,0.70669246
color night,0.7066863
huang,0.7066585
music thing,0.7066036
dark sky,0.70634365
fly ii,0.7062818
dernier,0.70628166
strange day,0.70609
revolutionary,0.7057667
land woman,0.7054751
top secret,0.7054253
war machine,0.7052711
mr holmes,0.7050512
high rise,0.7050512
comedy central,0.70498973
central roast,0.70498973
two sea,0.70477134
four christmas,0.7046683
dallas,0.7046326
summer school,0.7045798
dark place,0.70432514
heaven earth,0.70412505
dza,0.7040657
guy thing,0.7037997
dog park,0.7037296
dog soldier,0.7037296
eye see,0.70367056
bamford,0.70358855
maria bamford,0.70358855
city island,0.7034927
rocky ii,0.7033796
business beautiful,0.7032987
rock star,0.70323765
dead fury,0.70305514
little giant,0.7029365
tin man,0.70289457
man season,0.70289457
single man,0.70289457
holy man,0.70289457
stranger house,0.702562
men talk,0.70239073
according,0.7023742
spy game,0.70233756
great race,0.7023265
separation,0.7023127
angel baby,0.70223576
woman paris,0.7021236
snow dog,0.70211595
old dog,0.70211595
heart sea,0.7021055
family wedding,0.70202667
kiss dragon,0.70181334
divorce le,0.7018018
boy side,0.70170504
world glory,0.70127064
love letter,0.7012564
rome love,0.7012564
mom night,0.7011864
qu,0.70111525
last song,0.7009869
last winter,0.7009869
last castle,0.7009869
spirit dead,0.70089746
power one,0.70084566
ark,0.7004531
woman gold,0.70028484
michael cera,0.70023644
day valley,0.6999853
two money,0.69979596
return paradise,0.6997776
cape,0.6996862
cape fear,0.6996862
friend kid,0.69958943
nick time,0.699507
american carol,0.6995065
body part,0.69949013
golden child,0.69949013
philosophy,0.6992219
lost room,0.6991885
red state,0.69872016
monster alien,0.69869936
god monster,0.69869936
blue face,0.6985776
rock school,0.6985269
earth moon,0.69832367
gao,0.69805896
night remember,0.69800884
hollow man,0.6980045
tall man,0.6980045
man nowhere,0.6980045
man wire,0.6980045
son god,0.69767016
love disaster,0.69765645
struggle,0.6975594
moi,0.6974913
clancy,0.69741195
tom clancy,0.69741195
big country,0.69724125
history boy,0.69724125
music business,0.6971668
fleet,0.6970993
island earth,0.6970755
double dragon,0.69703174
little prince,0.6969957
spirit christmas,0.6969957
arthur christmas,0.6969957
short film,0.69677067
book thief,0.6962931
bicycle,0.6962669
another woman,0.6962032
dead president,0.6960301
high spirit,0.6957958
super high,0.6957958
dead zone,0.6956781
shuang,0.69559443
bo,0.6955104
dead men,0.69550323
evil alien,0.695478
hard way,0.695478
wardrobe,0.6953819
hitler,0.69536364
knight tale,0.6953441
verte,0.6952468
who girl,0.69509447
valley girl,0.69509447
family plot,0.6950213
river wild,0.6950213
land lost,0.6950051
house spirit,0.6949572
burton,0.6949402
tim burton,0.6949402
tim,0.6949402
get hard,0.69458413
je,0.69446886
night falling,0.6944584
death president,0.6943791
style war,0.6943554
crazy heart,0.6943335
way gun,0.6943072
chamber,0.6940445
glorious,0.69400907
woman trouble,0.6939179
saw iii,0.69381297
qin,0.6937728
anything love,0.6935793
love basketball,0.6935793
neeson,0.69354784
liam neeson,0.69354784
four brother,0.69345057
luke,0.69316983
world mine,0.6927888
arc,0.6927403
joan,0.6927403
joan arc,0.6927403
party monster,0.6926927
stanley kubrick,0.69265354
kubrick,0.69265354
people money,0.692641
eight men,0.69261485
american made,0.69258624
taking life,0.6925179
last vega,0.6925152
longest day,0.69234943
valentine day,0.69234943
china blue,0.6922566
rich man,0.6922375
yes man,0.6922375
omega man,0.6922375
marathon man,0.6922375
run family,0.6921951
legend fall,0.69209665
killer kiss,0.6920951
black rain,0.69195735
monkey king,0.6919566
tale hood,0.6919066
stray,0.6918293
stray dog,0.6918293
king king,0.6916454
iron lady,0.6915359
woman want,0.6914323
divorce woman,0.6914323
dark valley,0.6913819
perfect guy,0.6912777
amityville time,0.6910882
mr wrong,0.6910332
halloween revenge,0.69088864
wild bill,0.69065934
son gun,0.6905379
shark night,0.6904367
dead heat,0.69018054
dead silence,0.69018054
stand up,0.69015515
first knight,0.6899062
snow angel,0.6899062
first snow,0.6899062
never back,0.68975306
th wolf,0.68956155
men apocalypse,0.6895519
cry game,0.68949723
mom christmas,0.6894757
year horse,0.68938357
funny face,0.68938357
green room,0.689331
perfect murder,0.689331
cool world,0.68931705
en rose,0.6892065
vie en,0.6892065
time time,0.689168
business stranger,0.6891281
killer joe,0.6891281
money monster,0.68905073
long friday,0.6890051
red turtle,0.68900126
dragon blade,0.68900126
child hole,0.68891686
black panther,0.68890303
love simon,0.6888798
la slasher,0.6885437
tree life,0.6885296
could king,0.68849725
high society,0.68831414
mr mom,0.68831414
de lovely,0.68830526
primal,0.688243
christmas caper,0.6881701
away go,0.68815863
lost sun,0.68815863
blood beach,0.68815863
mad city,0.6879741
atmospheric cerebral,0.68790895
phantasm ii,0.6878519
clear day,0.6876747
day thunder,0.6876747
thirteen day,0.6876747
extreme day,0.6876747
time code,0.6876418
kui,0.6876335
goodbye girl,0.6876158
henry crime,0.6875066
cold blood,0.68739283
wild horse,0.6872905
tolkein lord,0.6872324
room top,0.6872163
beyond sea,0.68703455
kid right,0.6868965
sweet dream,0.6867091
face angel,0.6865483
private part,0.6862227
back beach,0.68614376
brother bear,0.68613476
men honor,0.6861283
shiro,0.68599796
money train,0.68596035
journalism die,0.68578154
winter tale,0.6857634
big hit,0.6854891
big easy,0.6854891
family stone,0.6854305
bag man,0.6852084
weather man,0.6852084
man importance,0.6852084
man flint,0.6852084
delivery man,0.6852084
innocent man,0.6852084
ghost mar,0.68502504
kill giant,0.6850244
human planet,0.6849885
lady bird,0.68479955
date angel,0.68469435
first date,0.68469435
spy hard,0.6846383
dog aka,0.6846361
anna king,0.68457764
shes one,0.6845064
mind game,0.68438613
game plan,0.68438613
paradise road,0.68430436
warrior way,0.6841675
another earth,0.6841376
kaze,0.6840702
dark half,0.6840211
proof life,0.68393135
red army,0.6839011
rise fall,0.6836442
russia love,0.68333423
triumph love,0.68333423
love pigeon,0.68333423
love afternoon,0.68333423
th warrior,0.6833164
hollywood ending,0.6833164
saiky,0.6832978
true romance,0.6832429
mystery train,0.6832429
cop land,0.6832429
people talk,0.68314713
people know,0.68314713
treasure planet,0.68314713
saving christmas,0.6830762
girl gift,0.6830357
denver,0.6829708
walking dead,0.6828577
watched,0.68257046
class action,0.6824332
shadow vampire,0.6823507
mean war,0.6823344
specie ii,0.6823309
tin men,0.68224883
election day,0.68215793
iron soldier,0.6821327
friday next,0.6821327
next friday,0.6821327
walk moon,0.6821327
white heat,0.6818987
claustrophobic,0.68187785
samuel,0.68178415
samuel jackson,0.68178415
band brother,0.68156654
go fish,0.68156654
revenge fury,0.68148845
got game,0.6814306
wild china,0.6812684
john adam,0.6812443
lucky one,0.6811571
one week,0.6811571
friend money,0.6811213
red heat,0.6809518
mighty heart,0.6809331
heart soul,0.6809331
funny bone,0.6809331
center world,0.6808476
ball fury,0.6806123
last wave,0.6805879
last waltz,0.6805879
last order,0.6805879
son law,0.6805601
eagle eye,0.68054557
superman return,0.6804618
point return,0.6804618
home holiday,0.68035966
night creep,0.68032825
dreamlike existentialism,0.680153
dans,0.6800804
farewell king,0.6800576
fat city,0.6799602
city heat,0.6799602
mad mad,0.679919
child revolution,0.67991245
river run,0.6797472
private school,0.67956597
fire sky,0.6795644
dark tide,0.679512
four room,0.6795068
journey george,0.6791016
catch kid,0.67891973
want live,0.67891586
born wild,0.67891586
ivan,0.6787986
summer place,0.6787541
ride devil,0.6787541
stand guy,0.67865413
melancholy,0.67865163
father hood,0.67852485
ferris,0.6785035
three wish,0.67833114
rock age,0.67829263
angel demon,0.6782004
mr nobody,0.67813724
mr baseball,0.67813724
psycho iii,0.678126
men work,0.6777744
harvey girl,0.67762893
iron sky,0.6774374
generation iron,0.6774374
get real,0.6773973
get job,0.6773973
house bunny,0.6773609
lake house,0.6773609
haunted house,0.6773609
pretty one,0.6773609
return honor,0.67717123
return musketeer,0.67717123
sorority boy,0.67715824
buddy boy,0.67715824
big eden,0.67715824
pitch black,0.67715824
seven sister,0.6770143
blue valentine,0.67696106
blue exorcist,0.67696106
death proof,0.67684263
green prince,0.6768119
mother son,0.6768119
path,0.6767469
let cop,0.676735
top five,0.676735
stuck love,0.67657024
natural love,0.67657024
love benji,0.67657024
love mercy,0.67657024
cry baby,0.6765368
space cowboy,0.6763368
repo man,0.6762022
campus man,0.6762022
man ledge,0.6762022
demolition man,0.6762022
meteor man,0.6762022
cadillac man,0.6762022
harvard man,0.6762022
ghost darkness,0.6761704
ghost dad,0.6761704
kidnapping mr,0.6760265
mutant alien,0.6759051
stranger paradise,0.6756649
mountain moon,0.67565614
private eye,0.67562956
hatchet ii,0.6755964
paper heart,0.675453
grace heart,0.675453
training day,0.6754285
american haunting,0.67518187
born kill,0.6750845
fbi,0.6749513
air america,0.6748987
white sand,0.67483366
jack bear,0.67481
suicide king,0.6747207
king ralph,0.6747207
really,0.6747166
green zone,0.6747117
town country,0.6747117
atmospheric creepy,0.6746314
blood blood,0.6745919
two much,0.67457294
tale manhattan,0.67457294
meatball iii,0.67437994
exorcist iii,0.67437994
state play,0.6742363
dark crystal,0.67418784
quiet earth,0.6741605
club paradise,0.67413783
double take,0.67413783
degli,0.6739391
red tail,0.6739158
venezia,0.6738225
song sea,0.67374146
glory road,0.67374146
free fire,0.67374146
night shift,0.6736523
judgment night,0.6736523
night guard,0.6736523
quiet family,0.6734839
mummy return,0.6734409
cowboy alien,0.6733601
cowboy way,0.6733601
ninja assassin,0.6733377
dont know,0.6733377
money talk,0.6733377
glass house,0.6729813
safe house,0.6729813
brave one,0.6729813
city hall,0.6729546
blood chocolate,0.6728437
lost austen,0.6728437
feature,0.67274857
true story,0.6727283
ice princess,0.6727188
body shot,0.6727188
realm,0.6726539
blue thunder,0.67258924
miami blue,0.67258924
blue steel,0.67258924
th kingdom,0.6725487
horse soldier,0.6725098
batoru,0.67248523
wilson,0.6723629
three fugitive,0.67223424
kind funny,0.67223424
shakespeare henry,0.6720872
monkey business,0.6720639
zong,0.6719278
black widow,0.6718888
big bully,0.6718888
big bus,0.6718888
big bang,0.6718888
life ruin,0.6718806
child dune,0.6717809
neko,0.6717131
beat street,0.67160666
death hello,0.6715805
arthur rock,0.6714415
planet terror,0.67131746
body double,0.67121154
jedi,0.671113
hood horror,0.67110103
hollywood knight,0.67110103
based true,0.6710711
birthday girl,0.67103136
jersey girl,0.67103136
back dinosaur,0.67096
shark tale,0.67088515
lady gentleman,0.6708312
mystery date,0.67076695
vampire blade,0.6705577
turtle diary,0.6705577
going way,0.67054456
god general,0.67054456
white chick,0.67050266
wrong cop,0.67046285
cop car,0.67046285
drive hard,0.67046285
hart war,0.6703664
fugitive live,0.67029303
dirty harry,0.6702015
hal,0.6701765
stupid ending,0.67015326
american buffalo,0.6699581
american outlaw,0.6699581
adventure pinocchio,0.6699581
american pop,0.6699581
american gigolo,0.6699581
american sniper,0.6699581
son mask,0.66992015
end watch,0.66992015
aux,0.6697069
little box,0.6696162
little ash,0.6696162
paris texas,0.6696046
first daughter,0.66960454
angel wing,0.66960454
falling angel,0.66960454
ruby red,0.66960233
wind river,0.66939074
camp rock,0.66939074
color money,0.66939074
let snow,0.6693691
magic ring,0.6693691
hell ride,0.6693691
change world,0.6689563
world enough,0.6689563
world firework,0.6689563
discovery,0.6689297
conversation woman,0.6689134
civil action,0.6689116
action jackson,0.6689116
shes baby,0.6689116
midnight run,0.6688923
last shift,0.66870993
three tango,0.6685844
mr wonderful,0.66855204
mr nanny,0.66855204
contact high,0.66855204
bill ted,0.66839886
travel bill,0.66839886
picture perfect,0.6683139
king california,0.66820693
king ransom,0.66820693
ghost haunting,0.6681708
ghost ship,0.6681708
trouble harry,0.66816205
call name,0.66816205
friend lover,0.66816205
happy texas,0.66800916
hard rain,0.6679786
sing street,0.6679671
love guru,0.6678961
love tender,0.6678961
love serenade,0.6678961
lot love,0.6678961
formula love,0.6678961
madly love,0.6678961
somebody love,0.6678961
house yes,0.66780806
russia house,0.66780806
dark tower,0.6676893
la magnolia,0.6675898
head water,0.66750616
head state,0.66750616
four lion,0.66750616
witch hunt,0.66750616
enemy state,0.66750616
alpha dog,0.667425
harsh time,0.6674248
alien nation,0.6673951
paper town,0.66714734
murder number,0.66714734
london town,0.66714734
beginning end,0.66714734
summer catch,0.66714734
caddyshack ii,0.66695917
clerk ii,0.66695917
mulan ii,0.66695917
trouble paradise,0.6668648
dangerous beauty,0.6668648
run country,0.6668648
garage day,0.6667977
tall tale,0.66662925
bringing dead,0.66660714
dead pool,0.66660714
dead ringer,0.66660714
quick dead,0.66660714
escape tomorrow,0.666301
great raid,0.6662276
catch fire,0.6662093
vita,0.66615105
men chicken,0.66604066
george jungle,0.66603357
midnight paris,0.66603357
apple eye,0.66599715
first sunday,0.66599715
made heaven,0.6659422
bridge spy,0.6659422
company wolf,0.6659422
haunted world,0.66590905
baby genius,0.66578496
jake,0.6656232
jake gyllenhaal,0.6656232
name joe,0.66549116
free play,0.66549116
princess pirate,0.66549116
colourful,0.66548747
cabin boy,0.66545594
big bounce,0.66545594
follow boy,0.66545594
big fail,0.66545594
butcher boy,0.66545594
big empty,0.66545594
thats boy,0.66545594
jersey boy,0.66545594
black hawk,0.66545594
big stan,0.66545594
immigrant america,0.66529715
death maiden,0.66515636
death nile,0.66515636
rough night,0.66508853
blueberry night,0.66508853
harlem night,0.66508853
brother solomon,0.6649602
blood work,0.6649602
bloodsport iii,0.66495097
specie iii,0.66495097
rambo iii,0.66495097
monster squad,0.66493255
rise empire,0.66465783
drive crazy,0.66465783
let ride,0.66460586
saw iv,0.66460586
smart people,0.664573
dragon seed,0.664506
bright star,0.664506
myth,0.6644298
playing heart,0.6643719
lin,0.6643652
im still,0.6642049
scifi,0.66407263
summer sam,0.6640453
jesus son,0.6640453
better sex,0.66403186
double trouble,0.66403186
long goodbye,0.6638231
dear god,0.6638231
mean street,0.6637661
step street,0.6637661
indestructible,0.6636348
serious man,0.6636348
man creates,0.6636348
man apart,0.6636348
irrational man,0.6636348
encino man,0.6636348
encino,0.6636348
minus,0.6636348
gingerbread,0.6636348
minus man,0.6636348
lumberjack,0.6636348
stunt man,0.6636348
gingerbread man,0.6636348
glimmer man,0.6636348
glimmer,0.6636348
apart,0.6636348
aran,0.6636348
lumberjack man,0.6636348
irrational,0.6636348
serious,0.6636348
man aran,0.6636348
unreasonable,0.6636348
unreasonable man,0.6636348
medicine man,0.6636348
january,0.6636348
bicentennial man,0.6636348
bicentennial,0.6636348
medicine,0.6636348
stunt,0.6636348
creates,0.6636348
indestructible man,0.6636348
january man,0.6636348
cried,0.6636348
man cried,0.6636348
city sleep,0.6635845
american hustle,0.66358
american astronaut,0.66358
kiss stupid,0.6635077
harry brown,0.6635077
unfinished life,0.6633833
life eternal,0.6633833
normal life,0.6633833
life debt,0.6633833
german life,0.6633833
life size,0.6633833
waking life,0.6633833
life beth,0.6633833
fletch life,0.6633833
strange magic,0.6632978
chicken little,0.66324776
little mermaid,0.66324776
little caesar,0.66324776
john carter,0.66312027
tai gojira,0.66284657
curse frankenstein,0.66278225
rosso,0.6627189
mark ruffalo,0.66261774
ruffalo,0.66261774
orphan kid,0.6626173
career girl,0.6625659
material girl,0.6625659
boleyn girl,0.6625659
bleu,0.6625638
live wire,0.6624979
muppets space,0.6624979
space buddy,0.6624979
miss potter,0.6624758
sugar hill,0.66223866
rise guardian,0.66223735
walk wood,0.66223735
mr destiny,0.66221356
culture high,0.66221356
disney cinderella,0.6621542
genius party,0.6621542
runaway train,0.6621542
sex drive,0.6618528
public eye,0.66183305
pokmon first,0.66183305
snake eye,0.66183305
ron burgundy,0.6618316
house card,0.66149056
bringing house,0.66149056
walking monster,0.6613998
blue juice,0.6611182
blue chip,0.6611182
blue ruin,0.6611182
blue crush,0.6611182
undercover blue,0.6611182
deadly friend,0.66081345
kiss deadly,0.66081345
shadow fog,0.66081345
potter sequel,0.66080964
spice world,0.6605681
world traveler,0.6605681
sugar town,0.6605266
ordinary people,0.6604354
dream team,0.6604354
last unicorn,0.66033095
last legion,0.66033095
last exorcism,0.66033095
last seduction,0.66033095
johnny express,0.660312
understated,0.66012204
idiot brother,0.6599684
go figure,0.6599684
wicked blood,0.6599684
blood feast,0.6599684
oswalt,0.65994006
patton oswalt,0.65994006
insult,0.65986687
king speech,0.65984654
mambo king,0.65984654
scorpion king,0.65984654
siam king,0.65984654
playing god,0.6596994
alien resurrection,0.6596994
dear john,0.6596161
walk remember,0.6595585
saint soldier,0.6595585
still crazy,0.6595585
phantom paradise,0.6595585
heist killing,0.6595585
sunset park,0.6595585
catch thief,0.6595585
ice guardian,0.6594627
heart condition,0.6593932
desert heart,0.6593932
crime buster,0.6593932
parody,0.65914047
white noise,0.6591363
wrinkle time,0.6590934
somewhere time,0.6590934
lion winter,0.659017
nothing trouble,0.659017
wind lion,0.659017
song south,0.659017
spirit camp,0.659017
easy money,0.65897083
sherlock jr,0.65897083
kill list,0.6589363
th wave,0.6589363
view kill,0.6589363
get low,0.6589363
hatchet iii,0.65871346
neverending iii,0.65871346
patriot game,0.65871346
fair game,0.65871346
garden stone,0.658662
empire sun,0.658662
edge tomorrow,0.658662
sell dead,0.65830594
dead meat,0.65830594
star map,0.6582809
enter dragon,0.6582809
red corner,0.6582809
map star,0.6582809
number four,0.6582294
state grace,0.6582294
tall guy,0.65814424
suriyothai,0.65798306
escape plan,0.6579385
pie sky,0.6579385
came hollywood,0.6579385
fool gold,0.6579385
transplant return,0.6578383
return oz,0.6578383
return camillo,0.6578383
forever young,0.6577985
friend neighbor,0.6577985
peter friend,0.6577985
middle men,0.6577603
repo men,0.6577603
monument men,0.6577603
youre next,0.6576705
batman begin,0.6576705
forgotten space,0.6575608
leprechaun space,0.6575608
pokmon hero,0.6573208
kelly hero,0.6573208
royal wedding,0.6573208
december boy,0.6571971
boy brazil,0.6571971
big chill,0.6571971
tommy boy,0.6571971
boy baraka,0.6571971
black dynamite,0.6571971
blade glory,0.6570777
overrated ghost,0.6569206
secret window,0.6569206
ghost mississippi,0.6569206
eye infinity,0.6569108
idiot angel,0.6569108
sudden death,0.6569086
death salesman,0.6569086
midnight chronicle,0.6568868
body heat,0.65681726
shes league,0.65681726
cant take,0.6565606
green inferno,0.65646356
devil candy,0.65646356
turbo kid,0.6564446
rent kid,0.6564446
blind side,0.65630627
blind fury,0.65630627
must place,0.65630627
henry fool,0.65630627
killer elite,0.656239
actually,0.65577793
wristcutters love,0.65577793
love potion,0.65577793
potion,0.65577793
pyromaniac,0.65577793
sir,0.65577793
rosie,0.65577793
catastrophe,0.65577793
addicted,0.65577793
addicted love,0.65577793
love actually,0.65577793
pyromaniac love,0.65577793
sir love,0.65577793
wristcutters,0.65577793
love rosie,0.65577793
love catastrophe,0.65577793
pompatus love,0.65577793
pompatus,0.65577793
purple sea,0.65556985
road within,0.65556985
frozen planet,0.655544
la crmonie,0.65548795
la cravate,0.65548795
bamba la,0.65548795
bamba,0.65548795
moustache,0.65548795
moustache la,0.65548795
cravate,0.65548795
crmonie,0.65548795
extraordinary tale,0.65545547
american flyer,0.65538996
american grindhouse,0.65538996
american hardcore,0.65538996
journalism paper,0.6553112
deep rising,0.6553112
generation sunset,0.6553112
hilary,0.6553013
disability sister,0.65524954
play sam,0.65524954
four musketeer,0.65524954
darkness fall,0.65524954
animal factory,0.65524954
drag hell,0.65524954
murray christmas,0.6550699
christmas connecticut,0.6550699
christmas scrooge,0.6550699
little nikita,0.6550699
surviving christmas,0.6550699
cosmic christmas,0.6550699
little fockers,0.6550699
pride glory,0.6549662
winter bone,0.6549662
adolescence mighty,0.6549662
ghoulies,0.654891
ghoulies ii,0.654891
stealing home,0.65482426
locust,0.6547381
latter,0.6547381
day locust,0.6547381
groundhog day,0.6547381
latter day,0.6547381
groundhog,0.6547381
view top,0.6546364
father den,0.6546364
search party,0.6546364
casino jack,0.6546364
touch evil,0.6546364
hard candy,0.6546364
school tie,0.6544123
school scoundrel,0.6544123
wasp woman,0.65441185
scent woman,0.65441185
bride prejudice,0.65437764
shanghai kiss,0.65437764
wolf creek,0.65437764
shadow conspiracy,0.65437764
teen wolf,0.65437764
french kiss,0.65437764
kill messenger,0.65407795
jaw revenge,0.65407795
porkys revenge,0.65407795
get bus,0.65407795
high sierra,0.6540735
halloweentown high,0.6540735
mre,0.6539508
undercover brother,0.65386873
lost delirious,0.65386873
body lie,0.6538564
without daughter,0.6538564
emperor club,0.6538564
south america,0.6538441
quiet place,0.6536984
rising sun,0.6536984
ring terror,0.6536984
talk radio,0.6536984
penn,0.6534633
loved one,0.65337676
heart atlantis,0.65330935
random heart,0.65330935
three prostokvashino,0.65330935
rookie year,0.65330935
funny farm,0.65330935
bos baby,0.6533032
lonely guy,0.6533032
beauty shop,0.6531589
toy soldier,0.6531589
iguana,0.6531198
poker,0.6531198
poker night,0.6531198
night comet,0.6531198
night lepus,0.6531198
night iguana,0.6531198
listener,0.6531198
lepus,0.6531198
boogie night,0.6531198
flier,0.6531198
boogie,0.6531198
night listener,0.6531198
night flier,0.6531198
comet,0.6531198
enfants,0.6530514
powder blue,0.65301794
violet blue,0.65301794
blue streak,0.65301794
queue american,0.653012
mission mar,0.6528749
soul food,0.6528749
president dave,0.6528749
band hand,0.6528749
mutant chronicle,0.6528749
legend tarzan,0.6527333
legend zorro,0.6527333
serial mom,0.6526497
perfect sense,0.6526357
hot chick,0.6526357
hello lady,0.65249777
monster box,0.65249777
african doctor,0.65249777
hollywood eve,0.65237063
saving face,0.65237063
bless child,0.652278
skipped part,0.652278
tolkien,0.65210366
affair remember,0.6519629
enemy mine,0.6519629
amityville curse,0.6519629
angry bird,0.6518681
master universe,0.6518681
four season,0.6518681
hell pacific,0.6518681
sunshine state,0.6518681
son desert,0.6516593
sympathy devil,0.6516593
cradle rock,0.6515597
milk money,0.6515597
river tide,0.6515597
beyond border,0.6515597
beast within,0.6515597
mo money,0.6515597
live twice,0.6515271
deuce wild,0.6515271
wild card,0.6515271
grease live,0.6515271
life partner,0.6515048
life mikey,0.6515048
stink,0.6515048
life stink,0.6515048
larger,0.6515048
partner,0.6515048
mikey,0.6515048
defending life,0.6515048
larger life,0.6515048
defending,0.6515048
ross roast,0.6513922
jeff ross,0.6513922
concert le,0.65131474
concert,0.65131474
white frog,0.6511077
hustler white,0.6511077
sydney white,0.6511077
first met,0.65089476
almost angel,0.65089476
first sight,0.65089476
african cat,0.65078497
side effect,0.65077937
ernest ride,0.65077937
tear sun,0.65077937
taking side,0.65077937
gregory girl,0.65073043
danish,0.65073043
tank,0.65073043
working,0.65073043
danish girl,0.65073043
tank girl,0.65073043
uptown girl,0.65073043
gregory,0.65073043
powerpuff,0.65073043
working girl,0.65073043
powerpuff girl,0.65073043
uptown,0.65073043
pajama game,0.65070015
molly game,0.65070015
indie game,0.65070015
surviving game,0.65070015
reindeer game,0.65070015
silent voice,0.6505804
fool rush,0.6505804
mar attack,0.6505804
double happiness,0.65049636
dungeon dragon,0.6502832
red flag,0.6502832
casualty,0.65012395
casualty war,0.65012395
pirate radio,0.65008503
still alice,0.65008503
name bruce,0.65008503
twilight zone,0.65008503
monkey trouble,0.65008503
vietnam apocalypse,0.65008503
lightning jack,0.6498718
travel ant,0.6498718
art getting,0.6498718
hard promise,0.6498718
disney pinocchio,0.6498718
hunting party,0.6498718
cocoon return,0.6498565
karlson return,0.6498565
fille,0.6495655
burden dream,0.6495651
music shine,0.6495651
atlantic city,0.6494195
unicorn city,0.6494195
take waltz,0.6492296
ruby paradise,0.6492296
small soldier,0.6492296
nowhere run,0.6492296
stage beauty,0.6492296
another cinderella,0.649067
jungle fever,0.649067
prince darkness,0.649067
grand hotel,0.649067
texas ranger,0.64903337
doom generation,0.64903337
pretty horse,0.64903337
class act,0.64903337
human nature,0.64903337
miss nobody,0.64903337
artsy atmospheric,0.6490124
artsy,0.6490124
ghost writer,0.6489718
mortal thought,0.64891624
politics candidate,0.64891624
alien sign,0.64886487
mulholland dr,0.64886487
alien covenant,0.64886487
world collide,0.6488375
collide,0.6488375
mimzy,0.64861274
last detail,0.64861274
dogmen,0.64861274
supper,0.64861274
last airbender,0.64861274
last mimzy,0.64861274
starfighter,0.64861274
airbender,0.64861274
last supper,0.64861274
detail,0.64861274
last dogmen,0.64861274
last starfighter,0.64861274
heartbreak kid,0.64851284
flamingo kid,0.64851284
swing kid,0.64851284
fantastic voyage,0.64831
truth charlie,0.64831
revenge unforgiven,0.64813876
get greek,0.64813876
closer get,0.64813876
bambino,0.6480628
garden wall,0.64804
queen damned,0.64804
forbidden dance,0.64796185
carnival magic,0.64796185
bird wire,0.64796185
robot frank,0.64796185
stranger candy,0.64796185
nanny diary,0.64791435
perfect getaway,0.64791435
perfect score,0.64791435
vampire brooklyn,0.64791435
perfect candidate,0.64791435
near,0.6476813
near dark,0.6476813
last temptation,0.64758587
bronx tale,0.64755905
know killed,0.6474663
jason bourne,0.6474663
longest ride,0.6474663
time lapse,0.64743984
lapse,0.64743984
better chocolate,0.64721394
miracle mile,0.64721394
crimson pirate,0.64721394
jesus camp,0.64721394
castle freak,0.64721394
eddie eagle,0.64721394
saving santa,0.64721394
real genius,0.64721394
zero effect,0.64721394
pillow book,0.64706296
femmes,0.6469189
captain ron,0.6468615
sexy beast,0.6468615
frozen river,0.6468615
money pit,0.6468615
dead calm,0.64669335
calm,0.64669335
george washington,0.6466146
double team,0.6466146
imaginary hero,0.64660114
margot wedding,0.64660114
doctor dolittle,0.64660114
portrait lady,0.64660114
monster inc,0.64660114
almost hero,0.64660114
wedding ringer,0.64660114
wedding singer,0.64660114
school daze,0.6465531
best seller,0.6465531
famous,0.6463785
men broom,0.6461761
broom,0.6461761
brother keeper,0.6460289
lost highway,0.6460289
bucket blood,0.6460289
grape,0.6458292
silent running,0.64579594
lawyer justice,0.64579594
end tour,0.64578515
coffee town,0.64578515
seventh son,0.64578515
green hornet,0.64578515
end sight,0.64578515
assassination tango,0.64577985
midnight special,0.64577985
north south,0.64577985
mouse hunt,0.64577985
bring nothing,0.64577985
male hunt,0.64577985
another teen,0.64577985
heaven prisoner,0.64575255
heaven wait,0.64575255
shadow dancer,0.64575255
foul,0.6456833
piglet,0.6456421
wednesday,0.6456421
newton,0.6456421
jerky,0.6456421
jerky boy,0.6456421
boy bubby,0.6456421
piglet big,0.6456421
big wednesday,0.6456421
big sick,0.6456421
big tease,0.6456421
winslow,0.6456421
winslow boy,0.6456421
grandma,0.6456421
grandma boy,0.6456421
bubby,0.6456421
bubble boy,0.6456421
bubble,0.6456421
tease,0.6456421
black cauldron,0.6456421
black mass,0.6456421
black dahlia,0.6456421
mass,0.6456421
sick,0.6456421
cauldron,0.6456421
dahlia,0.6456421
mudge boy,0.6456421
mudge,0.6456421
rude,0.6456421
rude boy,0.6456421
newton boy,0.6456421
leap year,0.64548934
abc,0.64536846
stalin,0.64536846
abc death,0.64536846
ponette,0.64536846
sentence,0.64536846
death ponette,0.64536846
death sentence,0.64536846
death smoochy,0.64536846
death stalin,0.64536846
marked,0.64536846
marked death,0.64536846
smoochy,0.64536846
dana,0.64531994
dana carvey,0.64531994
carvey,0.64531994
science project,0.6451958
made honor,0.6451958
manhattan project,0.6451958
bridge far,0.6451958
dinner rush,0.6451958
class reunion,0.6451776
touch pink,0.6451776
skin deep,0.6451776
front class,0.6451776
jimmy hollywood,0.6451776
field england,0.6451776
cat hat,0.64493424
reign fire,0.64493424
swept sea,0.64493424
hurricane street,0.6449337
zatoichi,0.6449113
walk shame,0.64458126
sleeping beauty,0.64458126
buffalo soldier,0.64458126
barefoot park,0.64458126
object beauty,0.64458126
murphy romance,0.64458126
stealing beauty,0.64458126
identity thief,0.64458126
paranoid park,0.64458126
police ging,0.64446604
salt earth,0.644361
swamp thing,0.644361
bachelor party,0.6440454
rent cop,0.6440454
stay alive,0.64395475
suspect zero,0.64395475
shin godzilla,0.64395475
force nature,0.64395475
goodbye lover,0.64395475
female trouble,0.64395475
welcome happiness,0.64395475
camp meatball,0.64395475
plymptoons,0.64392835
american ultra,0.64392835
fellow american,0.64392835
airhead,0.64392835
avventura,0.64392835
babysitting,0.64392835
ultra,0.64392835
avventura adventure,0.64392835
tintin,0.64392835
comedy airhead,0.64392835
adventure tintin,0.64392835
fable,0.64392835
adventure plymptoons,0.64392835
adventure babysitting,0.64392835
american fable,0.64392835
american dreamz,0.64392835
dreamz,0.64392835
fellow,0.64392835
family count,0.6437702
family parenthood,0.6437702
wild orchid,0.6437702
wild bunch,0.6437702
space trucker,0.6437702
jump tomorrow,0.64363825
mafia casino,0.64363825
cast away,0.64363825
little rascal,0.6436248
christmas elf,0.6436248
christmas kranks,0.6436248
little nicky,0.6436248
little buddha,0.6436248
little darling,0.6436248
darling,0.6436248
buddha,0.6436248
elf,0.6436248
kranks,0.6436248
rascal,0.6436248
nicky,0.6436248
water elephant,0.6433405
lord illusion,0.6433405
husband wife,0.6433405
sister shoe,0.6433405
going style,0.64331096
phantom opera,0.64331096
first mister,0.64316016
angel table,0.64316016
closer moon,0.6431153
shaggy da,0.6431153
designing woman,0.6430006
designing,0.6430006
runaway brain,0.64298105
dinner eight,0.64298105
army darkness,0.64298105
disability mask,0.64298105
con air,0.64298105
woodcock,0.6426796
winterbourne,0.6426796
brook,0.6426796
mr magoo,0.6426796
mr miniver,0.6426796
mr jealousy,0.6426796
mr winterbourne,0.6426796
mr brook,0.6426796
high anxiety,0.6426796
mr hublot,0.6426796
jealousy,0.6426796
dalloway,0.6426796
magoo,0.6426796
mr skeffington,0.6426796
mr woodcock,0.6426796
miniver,0.6426796
mr dalloway,0.6426796
skeffington,0.6426796
anxiety,0.6426796
hublot,0.6426796
unfinished business,0.6425296
killer shrew,0.6425296
replacement killer,0.6425296
hot pursuit,0.64214
maid room,0.64214
golden bowl,0.64202183
sweet liberty,0.64202183
breakfast club,0.64202183
sex ed,0.64202183
rabbi,0.6420195
arrest,0.6420186
acid house,0.6420186
acid,0.6420186
house arrest,0.6420186
mean machine,0.6419814
small affair,0.6419814
nothing personal,0.6419814
dirty work,0.6419814
nightmare rabbit,0.6419814
non stop,0.6419814
anti social,0.6419669
youre strange,0.6419669
demon exorcist,0.6419669
lovely bone,0.6419669
drive angry,0.6419669
soul plane,0.6419669
flesh bone,0.6419669
reporter,0.641899
people stair,0.64187723
arizona dream,0.64187723
music lyric,0.64187723
dog skip,0.64167815
isle dog,0.64167815
isle,0.64167815
blue jasmine,0.64167815
dog purpose,0.64167815
straw,0.64167815
straw dog,0.64167815
jasmine,0.64167815
sapphire,0.64167815
purpose,0.64167815
sapphire blue,0.64167815
wiener dog,0.64167815
skip,0.64167815
varsity blue,0.64167815
varsity,0.64167815
wag dog,0.64167815
genghis blue,0.64167815
genghis,0.64167815
wag,0.64167815
biloxi blue,0.64167815
wiener,0.64167815
biloxi,0.64167815
queue family,0.64151603
lost ark,0.6414592
raider lost,0.6414592
alien arrival,0.6412015
god egypt,0.6412015
suitable child,0.6409761
child lenfant,0.6409761
suitable,0.6409761
railway,0.6409761
railway child,0.6409761
lenfant,0.6409761
leonard,0.6409761
leonard part,0.6409761
bounty hunter,0.6406151
doc hollywood,0.6406151
ziegfeld,0.64061385
outdoors,0.64061385
great ziegfeld,0.64061385
hypnotist,0.64061385
great hypnotist,0.64061385
great outdoors,0.64061385
cool running,0.6405283
london fallen,0.6405283
general daughter,0.6405283
saving grace,0.6405283
gangster squad,0.6405283
full monty,0.6405283
whats number,0.6405283
flying tiger,0.6405283
shes control,0.6405283
chest,0.6402115
drop zone,0.6401883
real blonde,0.6401883
third miracle,0.6401883
camp ray,0.6401883
camp nowhere,0.6401883
color purple,0.6401883
right move,0.6401883
real steel,0.6401883
armed dangerous,0.6401883
remake haunting,0.6401883
adolescence thirteen,0.6401883
ordinary miracle,0.6401883
morning vietnam,0.6401883
morning glory,0.6401883
less zero,0.6401883
rose tattoo,0.6400353
shakespeare othello,0.6400353
young victoria,0.6400353
dying young,0.6400353
kiss kate,0.6400353
seven psychopath,0.6400353
bread rose,0.6400353
young einstein,0.6400353
call trinity,0.6400353
depression,0.63997686
fang,0.63986546
oleander,0.63986546
white oleander,0.63986546
squall,0.63986546
white squall,0.63986546
white fang,0.63986546
brown sugar,0.6397851
goodbye charlie,0.6397851
nobody fool,0.6397851
brown bunny,0.6397851
baby driver,0.63977325
baby boom,0.63977325
baby mama,0.63977325
maybe baby,0.63977325
tough guy,0.63977325
hungover,0.6394786
enders game,0.6394786
hungover game,0.6394786
ripleys game,0.6394786
enders,0.6394786
geris game,0.6394786
geris,0.6394786
talent game,0.6394786
ripleys,0.6394786
talent,0.6394786
game mockingjay,0.63945794
mockingjay,0.63945794
mockingjay part,0.63945794
scientist,0.63933814
sen,0.63930106
england king,0.63911617
breaking away,0.6391082
herbie ride,0.6391082
living oblivion,0.6391082
saw vi,0.6391082
joy ride,0.6391082
fault star,0.6390829
fault,0.6390829
red sonja,0.6390829
sonja,0.6390829
logan run,0.6388948
walk cloud,0.6388948
wicker park,0.6388948
mystery alaska,0.6388948
nun run,0.6388948
office romance,0.6388948
cold july,0.6388948
heist sight,0.6388948
take lead,0.6388948
whatever take,0.6388948
show boat,0.6388948
tower heist,0.6388948
chicken run,0.6388948
maiden heist,0.6388948
fatal beauty,0.6388948
sender,0.63867784
jafar,0.63867784
return sender,0.63867784
return jafar,0.63867784
alternate universe,0.6386356
brigham,0.638263
brigham city,0.638263
kansa city,0.638263
ember,0.638263
kansa,0.638263
city ember,0.638263
carnival soul,0.6382349
grey garden,0.6382349
voice list,0.6382349
rabbit hole,0.6382349
demon within,0.6382349
stolen summer,0.63822913
native son,0.63822913
emerald green,0.63822913
endless summer,0.63822913
son flubber,0.63822913
blackbeard,0.63783795
kells,0.63783795
secret kells,0.63783795
secret admirer,0.63783795
blackbeard ghost,0.63783795
ghost graduation,0.63783795
graduation,0.63783795
admirer,0.63783795
left behind,0.63778144
ever cinderella,0.63778144
circus freak,0.63778144
magic moonlight,0.63768655
sign four,0.63768655
swan princess,0.63768655
harder fall,0.63768655
banana joe,0.63768655
snow walker,0.63768655
animal farm,0.63768655
butcher wife,0.63768655
mulholland fall,0.63768655
favorite wife,0.63768655
slow west,0.637486
triumph spirit,0.637486
amazing couple,0.637486
electric hotel,0.637486
assassination notorious,0.637486
door floor,0.637486
head heel,0.637486
dirty dozen,0.637486
rapid fire,0.6374077
revolutionary road,0.6374077
road guantanamo,0.6374077
hyena road,0.6374077
cincinnati kid,0.63740224
bebes,0.63740224
frisco,0.63740224
calcium kid,0.63740224
bebes kid,0.63740224
cincinnati,0.63740224
calcium,0.63740224
frisco kid,0.63740224
act killing,0.63736856
hitman agent,0.63736856
open season,0.63736856
sword vengeance,0.63736856
shes lovely,0.63736856
bible tell,0.63736856
exorcist beginning,0.63736856
billy liar,0.63736856
space alien,0.63720775
unique,0.6371358
comedy quirky,0.6371281
mesrine,0.6370233
shell arise,0.63691485
border ghost,0.63691485
arise,0.63691485
arise border,0.63691485
supercop,0.63670284
ojos,0.63670105
comedy ferrell,0.63663733
disney fantasia,0.6365496
disney dumbo,0.6365496
flag father,0.6365496
disney aladdin,0.6365496
two jakes,0.63649654
campfire tale,0.63649654
southland,0.63649654
handmaid,0.63649654
handmaid tale,0.63649654
tale darkside,0.63649654
southland tale,0.63649654
escobars,0.63649654
campfire,0.63649654
jakes,0.63649654
darkside,0.63649654
despereaux,0.63649654
two escobars,0.63649654
tale despereaux,0.63649654
double impact,0.63640225
ice harvest,0.63640225
player club,0.63640225
cambodia,0.636134
atomic brain,0.6360909
central intelligence,0.6360909
memory past,0.6360909
ugly truth,0.6360909
simple wish,0.6360909
ship fool,0.6360909
eli,0.63602537
book eli,0.63602537
cube zero,0.63573015
potter musical,0.63573015
eagle dare,0.63573015
adultery apartment,0.63573015
gun navarone,0.6356515
next kin,0.6356515
bitter moon,0.6356515
best defense,0.6355412
best worst,0.6355412
recess,0.6355412
ski school,0.6355412
ski,0.6355412
defense,0.6355412
worst,0.6355412
recess school,0.6355412
alien alien,0.63514155
lost found,0.63504326
brother grimm,0.63504326
brdre,0.63504326
mcmullen,0.63504326
grimsby,0.63504326
brother grimsby,0.63504326
brother brdre,0.63504326
brother mcmullen,0.63504326
found,0.63504326
grimm,0.63504326
dying light,0.63503206
law attraction,0.63503206
miss march,0.63503206
shine light,0.63503206
generation sunrise,0.63503206
happy birthday,0.63503206
deep impact,0.63503206
boyz hood,0.63503206
october sky,0.63503206
escape alcatraz,0.63503206
tom horn,0.6347097
tom huck,0.6347097
pixel perfect,0.6347097
battle seattle,0.6347097
hot spot,0.6347097
perfect storm,0.6347097
bloody sunday,0.63466203
rio grande,0.63466203
freak nature,0.63466203
broken english,0.63466203
bank dick,0.63466203
weird science,0.63466203
fist fight,0.63466203
longest week,0.63466203
personal ad,0.63459945
misdemeanor,0.6345308
crime misdemeanor,0.6345308
huckabees,0.6345308
caballeros,0.6345308
stooge,0.6345308
grifter,0.6345308
claras heart,0.6345308
three amigo,0.6345308
claras,0.6345308
year slave,0.6345308
crime grifter,0.6345308
disorganized,0.6345308
disorganized crime,0.6345308
heart huckabees,0.6345308
slave,0.6345308
untamed,0.6345308
untamed heart,0.6345308
three caballeros,0.6345308
three stooge,0.6345308
amigo,0.6345308
goal,0.63404655
neon demon,0.6338172
demon omen,0.6338172
sound voice,0.6338172
bone collector,0.6338172
oliver company,0.6338172
nol,0.6337445
rock doodle,0.6337199
ocean thirteen,0.6337158
letter juliet,0.6337158
ocean twelve,0.6337158
hannibal rising,0.6337158
remember titan,0.6337158
theory everything,0.6337158
damned united,0.6337158
deadly bee,0.6337158
point break,0.6337158
howard duck,0.6337158
maximum ride,0.63356405
living loud,0.63356405
harder come,0.63356405
everyone know,0.63356405
bikini beach,0.63356405
boxing helena,0.63356405
reign assassin,0.63356405
needful thing,0.63345885
needful,0.63345885
boyfriend,0.63345885
sweetest,0.63345885
battlefield earth,0.63345885
battlefield,0.63345885
boyfriend back,0.63345885
sweetest thing,0.63345885
animation anime,0.63340366
stand alone,0.63298017
fur,0.6329077
space armageddon,0.6328975
armageddon,0.6328975
perez family,0.6328975
perez,0.6328975
oat,0.6328975
wild hog,0.6328975
wild oat,0.6328975
hog,0.6328975
spy loved,0.632677
young adult,0.632677
audrey rose,0.632677
bomb heaven,0.632677
outfield,0.6323178
reformed,0.6323178
share,0.6323178
position,0.6323178
angel outfield,0.6323178
angel insect,0.6323178
insect,0.6323178
beholder,0.6323178
eye beholder,0.6323178
first reformed,0.6323178
first position,0.6323178
angel share,0.6323178
stop loss,0.63198364
super trooper,0.63198364
mistress america,0.6317186
mistress,0.6317186
came together,0.6317172
harrison flower,0.6317172
fate furious,0.6317172
english teacher,0.6315879
teacher pet,0.6315879
doll may,0.6315879
bullet broadway,0.6315879
conquest paradise,0.63157535
crazy alabama,0.63157535
ken park,0.63157535
meet spartan,0.63157535
take shelter,0.63157535
promised land,0.63157535
rat race,0.63157535
stir crazy,0.63157535
trapped paradise,0.63157535
affair mou,0.6312623
mou gaan,0.6312623
infernal,0.6312623
infernal affair,0.6312623
gaan dou,0.6312623
used people,0.63109857
cassandra dream,0.63109857
cassandra,0.63109857
smiley,0.63109857
smiley people,0.63109857
analysis,0.63109857
used,0.63109857
final analysis,0.63109857
final countdown,0.63109857
countdown,0.63109857
incredible hulk,0.63105536
muppets wanted,0.63105536
making murderer,0.63105536
playing cool,0.63105536
lucky break,0.63105536
break up,0.63105536
cradle grave,0.63105536
milk honey,0.63105536
fugitive step,0.63105536
late tear,0.63105536
easy rider,0.63105536
delle,0.63090765
zhao,0.63082814
niro meet,0.6306292
contamination,0.63045627
jingle,0.63045627
god forgives,0.63045627
agnes,0.63045627
agnes god,0.63045627
finger,0.63045627
jose,0.63045627
dr giggle,0.63045627
cutter,0.63045627
fry,0.63045627
jingle way,0.63045627
alien contamination,0.63045627
finger dr,0.63045627
cutter way,0.63045627
argentine,0.63045627
giggle,0.63045627
home fry,0.63045627
forgives,0.63045627
argentine way,0.63045627
way jose,0.63045627
aelita,0.630438
sister keeper,0.63040805
foul play,0.63040805
jupiter wife,0.63040805
four feather,0.63040805
lord dogtown,0.63040805
joe somebody,0.63040805
rough magic,0.63040805
state property,0.63040805
nocturnal animal,0.63040805
rare bird,0.63040805
princess frog,0.63040805
sum fear,0.63040805
lord salem,0.63040805
altered state,0.63040805
jing cha,0.6303263
blade trinity,0.63027275
boat trip,0.63027275
winter prostokvashino,0.63027275
neo tokyo,0.63027275
hear song,0.63027275
tokyo idol,0.63027275
guilt trip,0.63027275
amys,0.63023937
tte,0.6302308
investigation,0.63007945
righteous,0.6297902
licence kill,0.6297902
get gringo,0.6297902
jolly,0.6297902
licence,0.6297902
kill kiru,0.6297902
kill command,0.6297902
kiru,0.6297902
command,0.6297902
righteous kill,0.6297902
sergeant,0.6297902
irishman,0.6297902
sergeant york,0.6297902
kill irishman,0.6297902
revenge jolly,0.6297902
gringo,0.6297902
fistful,0.62974286
wee,0.6294551
pee wee,0.6294551
saint ralph,0.62939066
waiting superman,0.62939066
nine month,0.62939066
london boulevard,0.62939066
reality bite,0.62939066
mary scotland,0.62939066
beer league,0.6291672
rugrats paris,0.6291672
curious george,0.6291672
rescue dawn,0.6291672
never died,0.6291672
sweet sixteen,0.6291672
paris burning,0.6291672
oil giant,0.6291672
sex tape,0.6291672
sweet november,0.6291672
ice storm,0.6291672
without clue,0.6291672
federal hill,0.6290985
federal,0.6290985
cable,0.6290985
hamburger,0.6290985
notting,0.6290985
notting hill,0.6290985
hamburger hill,0.6290985
knockaround guy,0.6290985
knockaround,0.6290985
cable guy,0.6290985
funny ferrell,0.629058
onna,0.6287247
och,0.6286875
shooting fish,0.6284085
band wagon,0.6284085
mulholland drive,0.6284085
divorce philadelphia,0.6284085
skeleton twin,0.6284085
food inc,0.6284085
raise voice,0.6284085
local,0.62837917
university,0.62837917
serendipity,0.62837917
betsys,0.62837917
unstrung,0.62837917
unstrung hero,0.62837917
doctor zhivago,0.62837917
zhivago,0.62837917
libeled lady,0.62837917
libeled,0.62837917
betsys wedding,0.62837917
unhung,0.62837917
unhung hero,0.62837917
monster university,0.62837917
local hero,0.62837917
polish wedding,0.62837917
planner,0.62837917
polish,0.62837917
wedding planner,0.62837917
wedding serendipity,0.62837917
pianist,0.6281061
walking tall,0.6280331
walking talking,0.6280331
pacific height,0.6280331
eden lake,0.6280331
snake plane,0.6280331
original sin,0.6280331
luck chuck,0.6280331
wrath titan,0.6280331
across universe,0.6280331
east eden,0.6280331
royal flash,0.6280331
across hall,0.6280331
shrek hall,0.6280331
terrorism siege,0.6280331
tora tora,0.6279138
happy accident,0.62784314
keeping jones,0.62784314
pink cadillac,0.62784314
human traffic,0.62784314
johnny dangerously,0.62784314
journalism network,0.62784314
miss representation,0.62784314
england elizabeth,0.62784314
face crowd,0.62784314
pink flamingo,0.62784314
court cause,0.62784314
national security,0.62784314
rory,0.62772053
ley,0.62765473
dial,0.6276302
dial murder,0.6276302
sheik,0.6276302
fanatic,0.6276302
summer rental,0.6276302
she,0.6276302
son fanatic,0.6276302
somers town,0.6276302
rental,0.6276302
somers,0.6276302
she devil,0.6276302
ot,0.6276302
soylent,0.6276302
soylent green,0.6276302
ot town,0.6276302
son sheik,0.6276302
courtroom,0.62727356
courtroom drama,0.62727356
jigoku,0.62711895
supergirl,0.626849
salton,0.626849
salton sea,0.626849
road morocco,0.626849
wellville,0.626849
serpico,0.626849
john lennon,0.626849
negotiator,0.626849
police negotiator,0.626849
police serpico,0.626849
road wellville,0.626849
morocco,0.626849
meow,0.626849
cat ballou,0.626849
cat canary,0.626849
arlington road,0.626849
canary,0.626849
cat meow,0.626849
arlington,0.626849
ballou,0.626849
manchester sea,0.626849
lennon,0.626849
manchester,0.626849
superhero supergirl,0.626849
rocket science,0.626784
daughter dust,0.626784
whats doc,0.626784
kind wonderful,0.626784
hit lightning,0.626784
omega code,0.626784
matrix revolution,0.626784
tiger raid,0.626784
grave encounter,0.626784
diamond forever,0.626784
crimson peak,0.626784
boxing hurricane,0.6264243
victor frankenstein,0.6264243
five sens,0.6264243
mister robert,0.6264243
date switch,0.6264243
desperate living,0.6264243
living daylight,0.6264243
hardcore henry,0.6264243
jason lyric,0.6264243
filth fury,0.6264243
come boom,0.6264243
freddy jason,0.6264243
duel sun,0.6264243
assassin creed,0.6264243
emotional changeling,0.6264243
frankenstein unbound,0.6264243
jackie brown,0.62636167
seeking justice,0.62636167
racism crash,0.62636167
air breathe,0.62636167
dracula untold,0.62636167
attack block,0.62636167
private idaho,0.62636167
someone watch,0.62636167
darkest mind,0.62636167
babylon ad,0.62636167
cabin wood,0.62636167
urban cowboy,0.62636167
poetic justice,0.62636167
chain fool,0.62636167
der anderen,0.626178
anderen,0.626178
nicholson,0.62605625
jack nicholson,0.62605625
train busan,0.62603277
religion frailty,0.62603277
art frida,0.62603277
disney aristocats,0.62603277
liberal,0.62603277
sullivan travel,0.62603277
robbersons,0.62603277
jack jill,0.62603277
jack frost,0.62603277
father goose,0.62603277
gen,0.62603277
liberal art,0.62603277
gen cop,0.62603277
jill,0.62603277
cop robbersons,0.62603277
fairytale,0.62603277
sullivan,0.62603277
fairytale true,0.62603277
frida,0.62603277
target,0.62603277
frailty,0.62603277
religion luther,0.62603277
anniversary party,0.62603277
goose,0.62603277
luther,0.62603277
busan,0.62603277
kangaroo jack,0.62603277
anniversary,0.62603277
kangaroo,0.62603277
hard target,0.62603277
frost,0.62603277
aristocats,0.62603277
queue warrior,0.6257516
aruitemo,0.6254484
im cheerleader,0.6251784
felicia journey,0.6251784
felicia,0.6251784
moon parador,0.6251784
pumping,0.6251784
chasukes,0.6251784
shy,0.6251784
chasukes journey,0.6251784
parador,0.6251784
cheerleader,0.6251784
pumping iron,0.6251784
gun shy,0.6251784
masked avenger,0.6248966
dirty grandpa,0.6248966
holiday inn,0.6248966
lion lamb,0.6248966
another hr,0.6248966
nothing common,0.6248966
cannibal holocaust,0.6248966
round midnight,0.6248966
another gay,0.6248966
another stakeout,0.6248966
max payne,0.6248966
chi bi,0.6248224
cliff,0.6248224
red cliff,0.6248224
fire fire,0.62473786
bride frankenstein,0.62467307
biopic ray,0.62453765
atomic blonde,0.62453765
chuck buck,0.62453765
center stage,0.62453765
atomic submarine,0.62453765
twelve chair,0.62453765
shrek third,0.62453765
queue frankenstein,0.62434685
battle haditha,0.6242823
marvins room,0.6242823
rum diary,0.6242823
rum,0.6242823
vampire bitten,0.6242823
peeping,0.6242823
adderall diary,0.6242823
adderall,0.6242823
rod,0.6242823
boiler,0.6242823
staten,0.6242823
boiler room,0.6242823
vigilante,0.6242823
peeping tom,0.6242823
marvins,0.6242823
vigilante diary,0.6242823
sevastopol,0.6242823
viv,0.6242823
cutthroat island,0.6242823
bitten,0.6242823
cutthroat,0.6242823
hot rod,0.6242823
tom viv,0.6242823
battle sevastopol,0.6242823
staten island,0.6242823
nim,0.6242823
nim island,0.6242823
haditha,0.6242823
spring forward,0.62409353
point blank,0.62409353
breakin rule,0.62409353
rule attraction,0.62409353
drowning number,0.62409353
lincoln lawyer,0.62409353
open range,0.62409353
honeymoon vega,0.62409353
duck soup,0.62409353
match point,0.62409353
trilogy terror,0.62409353
monkey shine,0.62409353
tv set,0.62409353
sunset limited,0.62409353
penguin madagascar,0.62382245
terrorism september,0.62382245
merry madagascar,0.62382245
barbarian gate,0.62382245
crow salvation,0.62382245
holy smoke,0.62382245
bring win,0.62382245
forgotten silver,0.62382245
omega doom,0.62382245
major dundee,0.62382245
luck chance,0.62382245
pretty persuasion,0.62382245
corrina,0.62352145
conquers,0.6233927
patti rock,0.62334037
divo,0.62334037
ninja knuckle,0.62334037
bedlam,0.62334037
knuckle,0.62334037
psychology voyager,0.62334037
mat,0.62334037
zelig,0.62334037
divo il,0.62334037
courageous,0.62334037
beautician beast,0.62334037
beautician,0.62334037
patti,0.62334037
rock kasbah,0.62334037
beyond mat,0.62334037
kasbah,0.62334037
beyond rangoon,0.62334037
beyond bedlam,0.62334037
voyager,0.62334037
captain courageous,0.62334037
deliverance,0.62334037
psychology zelig,0.62334037
rangoon,0.62334037
river deliverance,0.62334037
glory daze,0.62324244
force navarone,0.62324244
remake vanishing,0.62324244
free enterprise,0.62324244
china syndrome,0.62324244
remake sabrina,0.62324244
shotgun story,0.62324244
tokyo ga,0.62324244
tokyo tribe,0.62324244
super hero,0.62274307
dc super,0.62274307
hero girl,0.62274307
guido,0.62234783
ilsa,0.62234783
prelude kiss,0.62234783
shakespeare titus,0.62234783
seven pound,0.62234783
allows,0.62234783
booty call,0.62234783
bed,0.62234783
heaven allows,0.62234783
booty,0.62234783
denise,0.62234783
hendersons,0.62234783
bed rose,0.62234783
denise call,0.62234783
calf,0.62234783
kiss guido,0.62234783
kismet,0.62234783
kiss kismet,0.62234783
prelude,0.62234783
pound,0.62234783
harriet,0.62234783
harry hendersons,0.62234783
harriet spy,0.62234783
deconstructing,0.62234783
titus,0.62234783
decoy,0.62234783
decoy bride,0.62234783
deconstructing harry,0.62234783
wolf calf,0.62234783
ilsa wolf,0.62234783
caution,0.62202674
hairy,0.6216788
nu,0.6215975
change up,0.62155193
cabin fever,0.62155193
vacation prostokvashino,0.62155193
shallow grave,0.62155193
source code,0.62155193
maid manhattan,0.62155193
runaway jury,0.62155193
boss daughter,0.62155193
fallen idol,0.62155193
week later,0.62155193
moonlight mile,0.62155193
logan lucky,0.62155193
disaster artist,0.62155193
birth nation,0.62155193
soul surfer,0.6214397
veronica mar,0.6214397
empire record,0.6214397
razor edge,0.6214397
chorus line,0.6214397
chronicle riddick,0.6214397
august rush,0.6214397
divorce divorcee,0.6214397
license drive,0.6214397
polar express,0.6214397
sexuality alfie,0.6214397
bubba,0.6213084
mansfield park,0.62129915
oversimplification,0.62129915
footsoldier,0.62129915
mansfield,0.62129915
feebles,0.62129915
gorky park,0.62129915
oversimplification beauty,0.62129915
meet applegates,0.62129915
meet feebles,0.62129915
applegates,0.62129915
gosford,0.62129915
gosford park,0.62129915
charade,0.62129915
stake land,0.62129915
stake,0.62129915
heist charade,0.62129915
rise footsoldier,0.62129915
gorky,0.62129915
queue alive,0.6211964
playing keep,0.62039644
sound thunder,0.62039644
yellow submarine,0.62039644
charlotte gray,0.62039644
need speed,0.62039644
exit eden,0.62039644
autumn marathon,0.62039644
lonely brave,0.62039644
stage julia,0.62039644
liberty height,0.62039644
ass as,0.62039644
uncle buck,0.62039644
april morning,0.62039644
looking richard,0.62039644
snake pit,0.62039644
hidden figure,0.62039644
practical magic,0.6201879
knight badassdom,0.6201879
clonus horror,0.6201879
robot overlord,0.6201879
cracker,0.6201879
robot jox,0.6201879
witch eastwick,0.6201879
eastwick,0.6201879
el cid,0.6201879
becoming,0.6201879
clonus,0.6201879
princess prinsessa,0.6201879
relative fear,0.6201879
caraboo,0.6201879
relative,0.6201879
norte el,0.6201879
master disguise,0.6201879
motel hell,0.6201879
becoming jane,0.6201879
norte,0.6201879
overlord,0.6201879
practical,0.6201879
animal cracker,0.6201879
shot caller,0.6201879
childrens hour,0.6201879
childrens,0.6201879
mariachi,0.6201879
mariachi el,0.6201879
flatbush,0.6201879
banger,0.6201879
prinsessa,0.6201879
stranded hour,0.6201879
finest,0.6201879
caller,0.6201879
calamity jane,0.6201879
calamity,0.6201879
sister syostry,0.6201879
slap,0.6201879
slap shot,0.6201879
badassdom,0.6201879
topo el,0.6201879
topo,0.6201879
play misty,0.6201879
animal yearling,0.6201879
misty,0.6201879
cid,0.6201879
banger sister,0.6201879
yeller,0.6201879
yearling,0.6201879
old yeller,0.6201879
stranded,0.6201879
disguise,0.6201879
syostry,0.6201879
princess caraboo,0.6201879
motel,0.6201879
lord flatbush,0.6201879
jox,0.6201879
finest hour,0.6201879
africa zulu,0.61946
military stripe,0.61946
kite runner,0.61946
watcher wood,0.61946
babylon gathering,0.61946
heartwarming paddington,0.61946
stardust memory,0.61946
liquid truth,0.61946
aka legend,0.61919737
absolute,0.6190062
tickling giant,0.6190062
jefferson,0.6190062
jefferson paris,0.6190062
jennifers,0.6190062
golden compass,0.6190062
tickling,0.6190062
club dread,0.6190062
addict,0.6190062
evidence,0.6190062
dread,0.6190062
warm body,0.6190062
double jeopardy,0.6190062
jeopardy,0.6190062
jennifers body,0.6190062
selfish giant,0.6190062
warm,0.6190062
selfish,0.6190062
sweet lowdown,0.6190062
without paddle,0.6190062
compass,0.6190062
cotton club,0.6190062
paddle,0.6190062
sex addict,0.6190062
cotton,0.6190062
absolute power,0.6190062
body evidence,0.6190062
lowdown,0.6190062
pursuit happiness,0.61866355
underworld awakening,0.61866355
underworld evolution,0.61866355
lone ranger,0.61866355
ill anything,0.61866355
hitman bodyguard,0.61866355
shanghai noon,0.61866355
modern problem,0.61866355
watching detective,0.61866355
bourne legacy,0.61866355
haunted honeymoon,0.61866355
anna christie,0.61866355
wagon east,0.61866355
michael clayton,0.61774516
vanilla,0.61774516
restoration,0.61774516
marian,0.61774516
vanilla sky,0.61774516
shuffle,0.61774516
walked,0.61774516
horse seabiscuit,0.61774516
walked zombie,0.61774516
mnemonic,0.61774516
miss sloane,0.61774516
miss meadow,0.61774516
hollywood shuffle,0.61774516
klass,0.61774516
stecchino,0.61774516
sheltering sky,0.61774516
hollywood homicide,0.61774516
osmosis jones,0.61774516
sheltering,0.61774516
homicide,0.61774516
handsome,0.61774516
eager,0.61774516
sloane,0.61774516
england restoration,0.61774516
greed,0.61774516
samurai ran,0.61774516
samurai yojimbo,0.61774516
ruling class,0.61774516
ruling,0.61774516
wooden,0.61774516
mackennas gold,0.61774516
horse whisperer,0.61774516
johnny eager,0.61774516
mackennas,0.61774516
human bondage,0.61774516
humanoid deep,0.61774516
plague zombie,0.61774516
plague,0.61774516
fido,0.61774516
clayton,0.61774516
meadow,0.61774516
class klass,0.61774516
ulees gold,0.61774516
ulees,0.61774516
osmosis,0.61774516
johnny handsome,0.61774516
johnny stecchino,0.61774516
johnny mnemonic,0.61774516
human stain,0.61774516
humanoid,0.61774516
ran,0.61774516
jester,0.61774516
seabiscuit,0.61774516
stripper,0.61774516
whisperer,0.61774516
bondage,0.61774516
peaceful warrior,0.61774516
gold greed,0.61774516
peaceful,0.61774516
robin marian,0.61774516
janie,0.61774516
court jester,0.61774516
zombie stripper,0.61774516
behavior,0.61774516
zombie fido,0.61774516
stain,0.61774516
disturbing behavior,0.61774516
janie jones,0.61774516
wooden horse,0.61774516
yojimbo,0.61774516
couleurs,0.6176946
trois couleurs,0.6176946
city lost,0.61729145
shes gotta,0.61726576
alex cross,0.61726576
amityville dollhouse,0.61726576
siam sunset,0.61726576
killing zoe,0.61726576
turning point,0.61726576
paper chase,0.61726576
phantom thread,0.61726576
femme fatale,0.61726576
got served,0.61726576
duck sucker,0.61726576
going distance,0.61726576
mercury rising,0.61726576
inspector general,0.61726576
quest camelot,0.61726576
bronco billy,0.61726576
radio flyer,0.61726576
jimi side,0.61639357
argonaut,0.61639357
poole,0.61639357
destry,0.61639357
smooth,0.61639357
slaughterhouse,0.61639357
blown away,0.61639357
smooth talk,0.61639357
tuscan,0.61639357
due,0.61639357
bhaji,0.61639357
bhaji beach,0.61639357
jimi,0.61639357
romancing stone,0.61639357
peyton place,0.61639357
romancing,0.61639357
peyton,0.61639357
june,0.61639357
destry ride,0.61639357
jason argonaut,0.61639357
raining stone,0.61639357
mafia goodfellas,0.61639357
bling,0.61639357
raining,0.61639357
tuscan sun,0.61639357
due date,0.61639357
henry june,0.61639357
henry poole,0.61639357
slaughterhouse five,0.61639357
raisin sun,0.61639357
raisin,0.61639357
bling ring,0.61639357
brokeback,0.61639357
brokeback mountain,0.61639357
goodfellas,0.61639357
blown,0.61639357
flushed away,0.61639357
flushed,0.61639357
shogun assassin,0.61639357
shogun,0.61639357
ant bully,0.6163366
france ha,0.6163366
widow peak,0.6163366
raid redemption,0.6163366
ju dou,0.6163366
chinese box,0.6163366
moscow hudson,0.6163366
bus speed,0.6163366
scene mall,0.6163366
neon bull,0.6163366
salvation boulevard,0.6163366
hunting elephant,0.6163366
scotland pa,0.6163366
paranoia suspicion,0.6153214
minute less,0.6153214
amnesia spellbound,0.6153214
godfather trilogy,0.6153214
mathematics proof,0.6153214
late shift,0.6153214
thousand clown,0.6153214
justin kelly,0.6153214
wonder wheel,0.6153214
fail safe,0.6153214
miami vice,0.6153214
shoot em,0.6153214
whatever work,0.6153214
maid order,0.6153214
ex drummer,0.6153214
fighting temptation,0.6153214
done yet,0.6153214
fatal instinct,0.6153214
bros ho,0.6153214
lily field,0.6153214
ci,0.615064
permanent midnight,0.6149379
yogi,0.6149379
darwin,0.6149379
yogi bear,0.6149379
manus,0.6149379
boniface holiday,0.6149379
blackboard jungle,0.6149379
gollum,0.6149379
spider arachnophobia,0.6149379
boniface,0.6149379
asphalt jungle,0.6149379
asphalt,0.6149379
wilderpeople,0.6149379
arachnophobia,0.6149379
hunt jagten,0.6149379
hunt gollum,0.6149379
jagten,0.6149379
hunt wilderpeople,0.6149379
madeo,0.6149379
affair necklace,0.6149379
necklace,0.6149379
mother madeo,0.6149379
darwin nightmare,0.6149379
blackboard,0.6149379
max manus,0.6149379
permanent,0.6149379
screwball impostor,0.61480635
coach carter,0.61480635
prayer bobby,0.61480635
rage honor,0.61480635
tangled ever,0.61480635
grand canyon,0.61480635
limit control,0.61480635
farmer daughter,0.61480635
flirting disaster,0.61480635
eve bayou,0.61480635
lie beneath,0.61480635
prostitution gigi,0.61480635
pick up,0.61480635
wing commander,0.61480635
alex emma,0.61480635
disaster twister,0.61480635
django,0.6147882
heroin,0.6147002
ct,0.6146436
intelligent thought,0.61454093
gandhi,0.61336136
trip bountiful,0.61336136
method,0.61336136
collinwood,0.61336136
meyerowitz,0.61336136
meyerowitz story,0.61336136
microwave massacre,0.61336136
microwave,0.61336136
vietnam indochine,0.61336136
pocketful,0.61336136
pocketful miracle,0.61336136
welcome collinwood,0.61336136
amant,0.61336136
welcome sarajevo,0.61336136
wasteland,0.61336136
vietnam platoon,0.61336136
welcome mooseport,0.61336136
welcome dongmakgol,0.61336136
wind wasteland,0.61336136
winter passing,0.61336136
passing,0.61336136
platoon,0.61336136
india gandhi,0.61336136
landed,0.61336136
bangkok dangerous,0.61336136
bangkok,0.61336136
bedtime story,0.61336136
eaten alive,0.61336136
deadtime story,0.61336136
bedtime,0.61336136
deadtime,0.61336136
eagle landed,0.61336136
mooseport,0.61336136
mccoy,0.61336136
sleepaway,0.61336136
sangre,0.61336136
tao steve,0.61336136
tao,0.61336136
santa sangre,0.61336136
sleepaway camp,0.61336136
eaten,0.61336136
couch trip,0.61336136
couch,0.61336136
betting zero,0.61336136
betting,0.61336136
theorem,0.61336136
ground,0.61336136
bernadette,0.61336136
written wind,0.61336136
dangerous ground,0.61336136
real mccoy,0.61336136
dangerous method,0.61336136
song bernadette,0.61336136
sarajevo,0.61336136
bountiful,0.61336136
lover amant,0.61336136
written,0.61336136
magnum force,0.61336136
magnum,0.61336136
indochine,0.61336136
zero theorem,0.61336136
dongmakgol,0.61336136
sixth,0.6133233
egg,0.6128833
queue fight,0.612842
dollar per,0.6123246
act valor,0.6120106
major minor,0.6120106
broadway producer,0.6120106
flight navigator,0.6120106
cheap detective,0.6120106
shanghai surprise,0.6120106
major payne,0.6120106
freedom writer,0.6120106
smart martian,0.6120106
swimming shark,0.6120106
sugar spice,0.6120106
tango cash,0.6120106
bitter lake,0.6120106
shut sing,0.6120106
silver streak,0.6120106
holy motor,0.6120106
dear wendy,0.6120106
haunted mansion,0.6120106
blame rio,0.6120106
everybody want,0.61164284
everybody,0.61164284
inland empire,0.61164284
dagenham,0.61164284
spiderwick chronicle,0.61164284
busniess,0.61164284
made dagenham,0.61164284
busniess company,0.61164284
sugarland express,0.61164284
sugarland,0.61164284
bridge terabithia,0.61164284
spiderwick,0.61164284
bridge remagen,0.61164284
brew,0.61164284
inland,0.61164284
seventeen,0.61164284
terabithia,0.61164284
edge seventeen,0.61164284
cement,0.61164284
cement garden,0.61164284
remagen,0.61164284
strange wilderness,0.61164284
bone tomahawk,0.61164284
car wash,0.61164284
strange brew,0.61164284
tomahawk,0.61164284
hillbilly,0.61164284
beverly hillbilly,0.61164284
celtic pride,0.61164284
celtic,0.61164284
project almanac,0.61164284
queen versailles,0.61164284
premium,0.61164284
premium rush,0.61164284
kenny,0.61164284
kenny company,0.61164284
wash,0.61164284
wilderness,0.61164284
versailles,0.61164284
almanac,0.61164284
dougs st,0.61164284
dougs,0.61164284
jagged,0.61164284
jagged edge,0.61164284
idle hand,0.61164284
idle,0.61164284
nevada smith,0.61164284
nevada,0.61164284
chasing liberty,0.6113597
jazz singer,0.6113597
lola versus,0.6113597
smoke signal,0.6113597
raise titanic,0.6113597
skeleton key,0.6113597
gray anatomy,0.6113597
century self,0.6113597
lightning bottle,0.6113597
barefoot executive,0.6113597
note scandal,0.6113597
spying conversation,0.6113597
many cook,0.6113597
crossing guard,0.6113597
loving vincent,0.6113597
electric mist,0.6113597
beethoven nd,0.6113597
camillo moscow,0.6113597
hear morgan,0.6113597
invincible shaolin,0.6113597
safety object,0.6113597
coma sleeping,0.6113597
falcon snowman,0.6113597
hudson hawk,0.6113597
kara,0.6108801
queue college,0.61007285
blood wine,0.6099641
maggies,0.609755
private resort,0.609755
balboa,0.609755
inconvenient truth,0.609755
inconvenient,0.609755
maggies plan,0.609755
charlie countryman,0.609755
countryman,0.609755
distinguished gentleman,0.609755
thirdspace,0.609755
attic,0.609755
resort,0.609755
foxy,0.609755
foxy brown,0.609755
officer,0.609755
officer gentleman,0.609755
oh ohio,0.609755
ohio,0.609755
flower algernon,0.609755
fishin,0.609755
flower attic,0.609755
rocky balboa,0.609755
algernon,0.609755
careful,0.609755
careful wish,0.609755
africa serengeti,0.609755
distinguished,0.609755
memorzu,0.609755
memory memorzu,0.609755
drugstore cowboy,0.609755
bartlett,0.609755
caf,0.609755
drugstore,0.609755
caf society,0.609755
cocaine,0.609755
cocaine cowboy,0.609755
gone fishin,0.609755
marriage zelary,0.609755
send,0.609755
send flower,0.609755
bush,0.609755
bush brain,0.609755
serengeti,0.609755
babylon thirdspace,0.609755
charlie bartlett,0.609755
zelary,0.609755
cleopatra astrix,0.6096524
cleopatra,0.6096524
cloptre,0.6096524
sp,0.6096324
toit,0.6091462
pelle,0.6091396
poro,0.6091396
uniform,0.6091396
narayama,0.6091396
um,0.6091396
reno miami,0.60877454
glenn miller,0.60877454
drinking buddy,0.60877454
ruby spark,0.60877454
ogre shrek,0.60877454
reckless kelly,0.60877454
painted skin,0.60877454
mozart whale,0.60877454
extreme measure,0.60877454
mannequin move,0.60877454
price milk,0.60877454
search castaway,0.60877454
chaos theory,0.60877454
kinky boot,0.60877454
ned kelly,0.60877454
item less,0.60877454
ass bayou,0.60877454
mysterious skin,0.60877454
step liquid,0.60877454
atomic cafe,0.60877454
haunting connecticut,0.60877454
bucket list,0.60877454
terminal velocity,0.60877454
spanking,0.6076619
gang related,0.6076619
valley elah,0.6076619
vantage point,0.6076619
bathgate,0.6076619
albert,0.6076619
billy bathgate,0.6076619
tollbooth,0.6076619
tystnaden,0.6076619
happens vega,0.6076619
boiling,0.6076619
ocean ocans,0.6076619
valhalla,0.6076619
happens,0.6076619
amuck,0.6076619
hope float,0.6076619
valhalla rising,0.6076619
grace dogville,0.6076619
paid full,0.6076619
running scissors,0.6076619
duck amuck,0.6076619
lintrieur,0.6076619
vantage,0.6076619
silence ham,0.6076619
inside lintrieur,0.6076619
andreas,0.6076619
ham,0.6076619
ocans,0.6076619
boiling point,0.6076619
scissors,0.6076619
spanking monkey,0.6076619
zabriskie point,0.6076619
dogville,0.6076619
silence tystnaden,0.6076619
gridiron gang,0.6076619
gridiron,0.6076619
san andreas,0.6076619
brewsters million,0.6076619
brewsters,0.6076619
scarlet,0.6076619
paid,0.6076619
catch release,0.6076619
phantom tollbooth,0.6076619
release,0.6076619
float,0.6076619
related,0.6076619
survive style,0.6076619
survive,0.6076619
hedgehog fog,0.6076619
zabriskie,0.6076619
fat albert,0.6076619
scarlet letter,0.6076619
elah,0.6076619
hedgehog,0.6076619
gekijban,0.60733604
evangerion shin,0.60733604
evangerion,0.60733604
shin gekijban,0.60733604
jing wu,0.6072137
mon pre,0.606606
seventh sign,0.60650146
philadelphia experiment,0.60650146
upside anger,0.60650146
delta venus,0.60650146
enter void,0.60650146
grudge match,0.60650146
quick change,0.60650146
enough said,0.60650146
duke burgundy,0.60650146
ill follow,0.60650146
cigarette burn,0.60650146
shake clown,0.60650146
confidential report,0.60650146
coffee cigarette,0.60650146
wide awake,0.60650146
drowning mona,0.60650146
chasing amy,0.60650146
benji hunted,0.60650146
sister sister,0.60637164
bird bird,0.60637164
lyrical,0.60611874
jay silent,0.6059829
silent bob,0.6059829
jay,0.6059829
davis,0.6056255
fraternity,0.6053151
prizzis honor,0.6053151
trigger,0.6053151
prozac nation,0.6053151
kontroll,0.6053151
andr,0.6053151
cruiser,0.6053151
zerkalo,0.6053151
moulin,0.6053151
ethel ernest,0.6053151
miele,0.6053151
prizzis,0.6053151
mile graceland,0.6053151
stingray,0.6053151
stingray sam,0.6053151
honey miele,0.6053151
raq,0.6053151
prime gig,0.6053151
toll,0.6053151
fraternity vacation,0.6053151
malibus wanted,0.6053151
satin,0.6053151
particle fever,0.6053151
woodstock,0.6053151
particle,0.6053151
malibus,0.6053151
trigger effect,0.6053151
bell toll,0.6053151
tear sale,0.6053151
circle dayereh,0.6053151
prozac,0.6053151
chi raq,0.6053151
calla,0.6053151
taking woodstock,0.6053151
mirror zerkalo,0.6053151
sale,0.6053151
fierce creature,0.6053151
dayereh,0.6053151
mod squad,0.6053151
mod,0.6053151
olympus fallen,0.6053151
olympus,0.6053151
destruction,0.6053151
kind rewind,0.6053151
eddie cruiser,0.6053151
making grade,0.6053151
grade,0.6053151
fierce,0.6053151
ethel,0.6053151
calla forever,0.6053151
schmuck,0.6053151
behind candelabra,0.6053151
satin rouge,0.6053151
rewind,0.6053151
dinner schmuck,0.6053151
candelabra,0.6053151
wont,0.6053151
graceland,0.6053151
moulin rouge,0.6053151
eve destruction,0.6053151
wont neighbor,0.6053151
gig,0.6053151
luxo,0.6053151
control kontroll,0.6053151
luxo jr,0.6053151
dinner andr,0.6053151
stealing harvard,0.60493714
danny collins,0.60493714
julie julia,0.60493714
van helsing,0.60493714
ella enchanted,0.60493714
raw deal,0.60493714
orange county,0.60493714
raising helen,0.60493714
memoir geisha,0.60493714
ask dust,0.60493714
rage carrie,0.60493714
amish witness,0.60493714
dante peak,0.60493714
clay pigeon,0.60493714
stanley iris,0.60493714
sympathy underdog,0.60493714
grizzly maze,0.60493714
pawn sacrifice,0.60493714
ke,0.6043617
drug abuse,0.6042508
next generation,0.6041017
ponyo,0.60366654
hogfather,0.60366654
micmac,0.60366654
bath,0.6030893
queue promise,0.6030656
chez le,0.60269773
absolutely anything,0.60264623
vinglish,0.60264623
karate bullfighter,0.60264623
uhf,0.60264623
absolutely,0.60264623
echelon,0.60264623
perversion,0.60264623
stomp yard,0.60264623
sand pebble,0.60264623
echelon conspiracy,0.60264623
baked,0.60264623
lake placid,0.60264623
pebble,0.60264623
cleaning,0.60264623
female perversion,0.60264623
anything else,0.60264623
pregnancy angie,0.60264623
ricki,0.60264623
placid,0.60264623
half nelson,0.60264623
hall pas,0.60264623
moby,0.60264623
half baked,0.60264623
bmx,0.60264623
lounge,0.60264623
bmx bandit,0.60264623
supremacy,0.60264623
english vinglish,0.60264623
honest,0.60264623
pregnancy junebug,0.60264623
soapdish,0.60264623
depressing gram,0.60264623
ricki flash,0.60264623
rio bravo,0.60264623
revolt,0.60264623
gram,0.60264623
else,0.60264623
melody,0.60264623
moby dick,0.60264623
plasticine,0.60264623
bravo,0.60264623
pas,0.60264623
broadway melody,0.60264623
silver spoon,0.60264623
youth revolt,0.60264623
tree lounge,0.60264623
angie,0.60264623
stomp,0.60264623
stay tuned,0.60264623
given,0.60264623
bourne supremacy,0.60264623
plasticine crow,0.60264623
junebug,0.60264623
citizen ruth,0.60264623
bullfighter,0.60264623
jakob liar,0.60264623
bullet balas,0.60264623
naked lunch,0.60264623
apple sib,0.60264623
jakob,0.60264623
sunshine cleaning,0.60264623
ruth,0.60264623
tuned,0.60264623
ninth gate,0.60264623
mouse roared,0.60264623
ninth,0.60264623
lunch,0.60264623
television soapdish,0.60264623
honest liar,0.60264623
roared,0.60264623
balas,0.60264623
given sunday,0.60264623
television uhf,0.60264623
nelson,0.60264623
spoon,0.60264623
sib,0.60264623
harley,0.60165644
insanity,0.60150945
contre,0.60136724
croft tomb,0.60114133
lara,0.60114133
croft,0.60114133
lara croft,0.60114133
cloud atlas,0.60022926
dogtown boyz,0.60022926
annabelle creation,0.60022926
district banlieue,0.60022926
navy seal,0.60022926
blank check,0.60022926
event horizon,0.60022926
gorilla mist,0.60022926
rape accused,0.60022926
total eclipse,0.60022926
savannah smile,0.60022926
shaun sheep,0.60022926
paint wagon,0.60022926
favorite martian,0.60022926
plain clothes,0.60022926
california split,0.60022926
emerald forest,0.60022926
fifth element,0.60022926
ready rumble,0.60022926
brand crisis,0.60022926
lone survivor,0.60022926
cloverfield paradox,0.60022926
violet daisy,0.60022926
shallow hal,0.60022926
golf caddyshack,0.60022926
swimming pool,0.60022926
maximum risk,0.60022926
lonesome dove,0.60022926
everlasting piece,0.60022926
barneys version,0.60022926
mercury plain,0.60022926
sudden impact,0.60022926
vanity fair,0.60022926
please give,0.60022926
overnight delivery,0.60022926
fourth protocol,0.60022926
taming scoundrel,0.60022926
find guilty,0.60022926
astronaut farmer,0.60022926
pool hustler,0.60022926
stan helsing,0.60022926
judgment nuremberg,0.60022926
roll bounce,0.60022926
strictly sexual,0.60022926
kate leopold,0.60022926
northwest passage,0.60022926
aid philadelphia,0.60022926
corner gas,0.60022926
peuple,0.6001045
garcia,0.59979934
paradine,0.59955573
touch mink,0.59955573
pale rider,0.59955573
sez,0.59955573
ex machina,0.59955573
magnificent ambersons,0.59955573
magnificent ruffian,0.59955573
cinemania,0.59955573
titan ae,0.59955573
conan destroyer,0.59955573
ambersons,0.59955573
confession shopaholic,0.59955573
confession kokuhaku,0.59955573
trial error,0.59955573
miami rhapsody,0.59955573
towering inferno,0.59955573
towering,0.59955573
pale,0.59955573
redo,0.59955573
bleeding,0.59955573
alvarez,0.59955573
alvarez kelly,0.59955573
fighting seabees,0.59955573
terminator genisys,0.59955573
rated,0.59955573
gnomeo,0.59955573
puffy,0.59955573
gnomeo juliet,0.59955573
tropic,0.59955573
tropic thunder,0.59955573
houseguest,0.59955573
ae,0.59955573
blast,0.59955573
blast past,0.59955573
rhapsody,0.59955573
say isnt,0.59955573
extreme ops,0.59955573
paradine case,0.59955573
sinbad houseguest,0.59955573
ugly duckling,0.59955573
simon birch,0.59955573
simon sez,0.59955573
sin nombre,0.59955573
evangelion redo,0.59955573
ruffian,0.59955573
front cover,0.59955573
puffy chair,0.59955573
critical care,0.59955573
critical,0.59955573
pearl harbor,0.59955573
cover,0.59955573
poque,0.59955573
akeelah,0.59955573
akeelah bee,0.59955573
error,0.59955573
birch,0.59955573
smokin,0.59955573
mink,0.59955573
isnt,0.59955573
aspen,0.59955573
aspen extreme,0.59955573
shopaholic,0.59955573
basket case,0.59955573
basket,0.59955573
monsieur verdoux,0.59955573
monsieur lazhar,0.59955573
melvin,0.59955573
memphis,0.59955573
movie cinemania,0.59955573
belle poque,0.59955573
gung ho,0.59955573
gung,0.59955573
lazhar,0.59955573
yet rated,0.59955573
harbor,0.59955573
melvin howard,0.59955573
memphis belle,0.59955573
smokin ace,0.59955573
verdoux,0.59955573
ops,0.59955573
barb wire,0.59955573
barb,0.59955573
perfume,0.59955573
perfume murderer,0.59955573
destroyer,0.59955573
nombre,0.59955573
genisys,0.59955573
gena,0.59955573
cupboard,0.59955573
holly,0.59955573
buddy holly,0.59955573
thousand acre,0.59955573
barely,0.59955573
barely lethal,0.59955573
gena crocodile,0.59955573
machina,0.59955573
duckling,0.59955573
kokuhaku,0.59955573
indian cupboard,0.59955573
romeo bleeding,0.59955573
coyote,0.59955573
coyote ugly,0.59955573
acre,0.59955573
seabees,0.59955573
york love,0.599461
xi,0.5993271
legend ron,0.59892464
day new,0.5986664
queue series,0.598401
seele,0.5976016
della,0.59744084
broly,0.59677994
side side,0.59636444
chitty,0.5961651
breakfast scot,0.59588903
exit wound,0.59588903
greener,0.59588903
hellraiser bloodline,0.59588903
finding dory,0.59588903
computer net,0.59588903
do over,0.59588903
petticoat,0.59588903
cabby,0.59588903
known,0.59588903
dory,0.59588903
indahouse,0.59588903
harrison bergeron,0.59588903
survival lifeboat,0.59588903
shadowlands,0.59588903
together tillsammans,0.59588903
cain,0.59588903
nino,0.59588903
dam,0.59588903
dam buster,0.59588903
over,0.59588903
nibus,0.59588903
cube hypercube,0.59588903
mesh,0.59588903
mesh afternoon,0.59588903
sorcerer apprentice,0.59588903
cage dive,0.59588903
bloodline,0.59588903
fading,0.59588903
fading gigolo,0.59588903
commandment,0.59588903
quatermass,0.59588903
quatermass pit,0.59588903
putin,0.59588903
putin interview,0.59588903
roam,0.59588903
grandin,0.59588903
grass greener,0.59588903
idiot idioterne,0.59588903
idioterne,0.59588903
notorious cho,0.59588903
object affection,0.59588903
berandal,0.59588903
thirteenth,0.59588903
thirteenth floor,0.59588903
speed racer,0.59588903
richie,0.59588903
richie rich,0.59588903
eastern,0.59588903
eastern promise,0.59588903
mouth,0.59588903
upstairs,0.59588903
redemption hummingbird,0.59588903
monterey,0.59588903
uncle nino,0.59588903
dive,0.59588903
key largo,0.59588903
slow learner,0.59588903
reloaded,0.59588903
monterey pop,0.59588903
changing,0.59588903
changing lane,0.59588903
durham,0.59588903
matrix reloaded,0.59588903
barefoot contessa,0.59588903
exhale,0.59588903
oblivion backlash,0.59588903
operation petticoat,0.59588903
even stevens,0.59588903
net,0.59588903
lewis shadowlands,0.59588903
largo,0.59588903
larry crowne,0.59588903
angelas,0.59588903
angelas ash,0.59588903
dancer upstairs,0.59588903
carry cabby,0.59588903
carry cruising,0.59588903
tillsammans,0.59588903
joes,0.59588903
retreat,0.59588903
hypercube,0.59588903
crowne,0.59588903
racer,0.59588903
nanny mcphee,0.59588903
couple retreat,0.59588903
raising cain,0.59588903
mute,0.59588903
mute witness,0.59588903
bergeron,0.59588903
mouth madness,0.59588903
scot,0.59588903
temple grandin,0.59588903
ten commandment,0.59588903
cruising,0.59588903
restaurant,0.59588903
restaurant waiting,0.59588903
lifeboat,0.59588903
joes apartment,0.59588903
frosty,0.59588903
frosty snowman,0.59588903
fruitvale,0.59588903
waiting exhale,0.59588903
gleaming cube,0.59588903
pit pendulum,0.59588903
shipping,0.59588903
shipping news,0.59588903
cho,0.59588903
ali indahouse,0.59588903
leaf,0.59588903
leaf grass,0.59588903
apartment appartement,0.59588903
learner,0.59588903
fruitvale station,0.59588903
unknown known,0.59588903
appartement,0.59588903
buffalo roam,0.59588903
bull durham,0.59588903
gleaming,0.59588903
hummingbird,0.59588903
mcphee,0.59588903
affection,0.59588903
contessa,0.59588903
backlash,0.59588903
pendulum,0.59588903
wound,0.59588903
apprentice,0.59588903
raid berandal,0.59588903
bus nibus,0.59588903
outrageous,0.59588903
outrageous fortune,0.59588903
ideal,0.59588903
ideal husband,0.59588903
stevens,0.59588903
jours,0.59582925
sarcasm satire,0.5951897
lam,0.59510124
femme est,0.5948
mystic pizza,0.59414774
junior karlson,0.59414774
solaris solyaris,0.59414774
striking distance,0.59414774
desperate measure,0.59414774
precious cargo,0.59414774
salem lot,0.59414774
sucker punch,0.59414774
brick mansion,0.59414774
session surrogate,0.59414774
serpent rainbow,0.59414774
leap faith,0.59414774
lucy fell,0.59414774
heartbreak ridge,0.59414774
collateral damage,0.59414774
brady bunch,0.59414774
marry millionaire,0.59414774
accidental tourist,0.59414774
cedar rapid,0.59414774
scanner darkly,0.59414774
lesson faust,0.59414774
bought zoo,0.59414774
endless poetry,0.59414774
helen troy,0.59414774
sixteen candle,0.59414774
judge dredd,0.59414774
cemetery junction,0.59414774
serving sara,0.59414774
damage fatale,0.59414774
aka mib,0.5931364
shao,0.59309596
queue kiss,0.5925321
green lantern,0.5923816
queue duel,0.59237427
queue everest,0.59237427
queue crumb,0.59237427
queue producer,0.59237427
queue avalon,0.59237427
queue anastasia,0.59237427
queue faust,0.59237427
queue sleuth,0.59237427
off beat,0.5922149
beat comedy,0.5922149
off,0.5922149
string attached,0.5913877
bastard carolina,0.5913877
cancer wit,0.5913877
pump volume,0.5913877
splash,0.5913877
pump,0.5913877
hey arnold,0.5913877
bustin loose,0.5913877
idaho transfer,0.5913877
ides,0.5913877
ides march,0.5913877
duke hazzard,0.5913877
gain,0.5913877
bustin,0.5913877
anaconda offspring,0.5913877
anarchy,0.5913877
joyful noise,0.5913877
courtney,0.5913877
transplant faceoff,0.5913877
transfer,0.5913877
carolina,0.5913877
auto,0.5913877
gracefield incident,0.5913877
sneaker,0.5913877
auto focus,0.5913877
inherent vice,0.5913877
monts,0.5913877
zeitgeist addendum,0.5913877
io te,0.5913877
ipcress,0.5913877
pistol,0.5913877
erik,0.5913877
spying sneaker,0.5913877
erik viking,0.5913877
partly,0.5913877
faceoff,0.5913877
theodore,0.5913877
cruel intention,0.5913877
mermaid splash,0.5913877
guaranteed,0.5913877
berlin calling,0.5913877
burke,0.5913877
offering,0.5913877
gnesis,0.5913877
anger management,0.5913877
purge anarchy,0.5913877
hey,0.5913877
jewel nile,0.5913877
bizita,0.5913877
burke hare,0.5913877
lola monts,0.5913877
tortilla,0.5913877
rawhead,0.5913877
bother,0.5913877
velvet goldmine,0.5913877
deepwater horizon,0.5913877
maximum overdrive,0.5913877
jewel,0.5913877
mchales navy,0.5913877
mchales,0.5913877
cannon,0.5913877
partly cloudy,0.5913877
gracefield,0.5913877
message,0.5913877
message bottle,0.5913877
cent pistol,0.5913877
wit,0.5913877
pay forward,0.5913877
happyness,0.5913877
tortilla soup,0.5913877
antwone fisher,0.5913877
golgo,0.5913877
goldmine,0.5913877
governess innocent,0.5913877
waterboy,0.5913877
governess,0.5913877
gilda,0.5913877
nightclub gilda,0.5913877
odessa,0.5913877
odessa file,0.5913877
deepwater,0.5913877
professional golgo,0.5913877
tequila sunrise,0.5913877
tequila,0.5913877
theodore rex,0.5913877
tailor panama,0.5913877
offspring,0.5913877
management,0.5913877
burnt offering,0.5913877
intention,0.5913877
executive suite,0.5913877
executive decision,0.5913877
einstein iq,0.5913877
einstein eddington,0.5913877
eddington,0.5913877
antwone,0.5913877
addendum,0.5913877
beowulf grendel,0.5913877
hazzard,0.5913877
awkward moment,0.5913877
rawhead rex,0.5913877
moment,0.5913877
pain gain,0.5913877
suite,0.5913877
loose cannon,0.5913877
calling,0.5913877
roy,0.5913877
jonah hex,0.5913877
lakeview,0.5913877
pursuit happyness,0.5913877
damn,0.5913877
mixed nut,0.5913877
ipcress file,0.5913877
mixed,0.5913877
hail,0.5913877
iq,0.5913877
overdrive,0.5913877
kurt courtney,0.5913877
visitor bizita,0.5913877
rudy,0.5913877
bloodsucking bastard,0.5913877
bloodsucking,0.5913877
josie,0.5913877
josie pussycat,0.5913877
damn yankee,0.5913877
lakeview terrace,0.5913877
hex,0.5913877
duty,0.5913877
jury duty,0.5913877
potemkin,0.5913877
decision,0.5913877
kull,0.5913877
kull conqueror,0.5913877
attached,0.5913877
amos,0.5913877
amos andrew,0.5913877
sorry bother,0.5913877
hail caesar,0.5913877
nurse betty,0.5913877
inherent,0.5913877
battleship potemkin,0.5913877
rec gnesis,0.5913877
joyful,0.5913877
sealed,0.5913877
biker boyz,0.5913877
te,0.5913877
rob roy,0.5913877
safety guaranteed,0.5913877
football waterboy,0.5913877
biker,0.5913877
football rudy,0.5913877
sideways,0.5913877
pay,0.5913877
wine sideways,0.5913877
lip sealed,0.5913877
grendel,0.5913877
nurse,0.5913877
panama,0.5913877
brotherhood,0.590991
hommes,0.590361
zi,0.5901319
hooligan,0.58970124
interracial,0.58838516
ying hung,0.58821905
boon sik,0.58821905
boon,0.58821905
hung boon,0.58821905
sik,0.58821905
better tomorrow,0.58821905
atmospheric dreamlike,0.58762294
dead life,0.58707166
souffle,0.58683896
stille,0.58644223
william shakespeare,0.58637726
chess,0.58614767
artistic,0.586125
brice,0.58579946
indecent,0.58556837
claudel,0.58556837
indecent proposal,0.58556837
absence,0.58556837
domestic disturbance,0.58556837
cletis tout,0.58556837
condemned,0.58556837
wrongfully accused,0.58556837
chugyeogja,0.58556837
dominick eugene,0.58556837
sousatzka,0.58556837
isaiah,0.58556837
hacksaw,0.58556837
host gwoemul,0.58556837
tims,0.58556837
tims vermeer,0.58556837
elektra luxx,0.58556837
ave,0.58556837
opportunity,0.58556837
illusionist lillusionniste,0.58556837
bonfire,0.58556837
hacksaw ridge,0.58556837
bonfire vanity,0.58556837
heartbreaker larnacoeur,0.58556837
painted veil,0.58556837
masked anonymous,0.58556837
tuck,0.58556837
tuck everlasting,0.58556837
adverse,0.58556837
dominick,0.58556837
marlowe,0.58556837
gadget,0.58556837
wrinkle arrugas,0.58556837
monument ave,0.58556837
palooza,0.58556837
cletis,0.58556837
mothman,0.58556837
mothman prophecy,0.58556837
blame bellboy,0.58556837
hobo shotgun,0.58556837
hobo,0.58556837
hallway,0.58556837
losin,0.58556837
gunner palace,0.58556837
gunner,0.58556837
mcfarland,0.58556837
arrugas,0.58556837
satyricon,0.58556837
glenda,0.58556837
glen glenda,0.58556837
boomerang,0.58556837
bulletproof monk,0.58556837
gwoemul,0.58556837
mcfarland usa,0.58556837
chill factor,0.58556837
leave beaver,0.58556837
pulse kairo,0.58556837
bedroom hallway,0.58556837
higher,0.58556837
veil,0.58556837
bugsy malone,0.58556837
camille claudel,0.58556837
garam,0.58556837
garam masala,0.58556837
suburban commando,0.58556837
suburban,0.58556837
higher learning,0.58556837
soft fruit,0.58556837
wed,0.58556837
beaver,0.58556837
ascending,0.58556837
career opportunity,0.58556837
nacho libre,0.58556837
italiano,0.58556837
smne,0.58556837
shock corridor,0.58556837
license wed,0.58556837
nacho,0.58556837
slumdog,0.58556837
slumdog millionaire,0.58556837
advise,0.58556837
hannah montana,0.58556837
dunston,0.58556837
dunston check,0.58556837
inspector gadget,0.58556837
soft,0.58556837
bow hwal,0.58556837
advise consent,0.58556837
bellboy,0.58556837
jacob,0.58556837
curly,0.58556837
curly sue,0.58556837
barry lyndon,0.58556837
losing isaiah,0.58556837
lorenzos,0.58556837
lorenzos oil,0.58556837
alles inklusive,0.58556837
model,0.58556837
ringu bsudei,0.58556837
wrongfully,0.58556837
drew,0.58556837
karafuru,0.58556837
hideous kinky,0.58556837
hideous,0.58556837
hide seek,0.58556837
hide,0.58556837
bovary,0.58556837
jupiter ascending,0.58556837
montana,0.58556837
larnacoeur,0.58556837
guerin,0.58556837
racing stripe,0.58556837
embrace serpent,0.58556837
embrace,0.58556837
evan almighty,0.58556837
gran torino,0.58556837
cuckoo kukushka,0.58556837
wheres marlowe,0.58556837
kwaidan,0.58556837
kwaidan kaidan,0.58556837
slammin salmon,0.58556837
slammin,0.58556837
albino alligator,0.58556837
uncommon,0.58556837
uncommon valor,0.58556837
albino,0.58556837
providence,0.58556837
laurel,0.58556837
laurel canyon,0.58556837
objective,0.58556837
objective burma,0.58556837
jacob ladder,0.58556837
bsudei,0.58556837
bio dome,0.58556837
jeremiah,0.58556837
pootie tang,0.58556837
pootie,0.58556837
jeremiah johnson,0.58556837
hwal,0.58556837
stargate continuum,0.58556837
teapot,0.58556837
cup phrpa,0.58556837
colourful karafuru,0.58556837
malone,0.58556837
nancy drew,0.58556837
gimme danger,0.58556837
rapture palooza,0.58556837
luxx,0.58556837
endearment,0.58556837
monk,0.58556837
lillusionniste,0.58556837
lilo,0.58556837
lilo stitch,0.58556837
europa zentropa,0.58556837
evan,0.58556837
celda,0.58556837
nico icon,0.58556837
cell celda,0.58556837
celluloid,0.58556837
celluloid closet,0.58556837
property condemned,0.58556837
lyndon,0.58556837
gimme,0.58556837
luna,0.58556837
luna papa,0.58556837
mambo italiano,0.58556837
divide,0.58556837
vertical,0.58556837
veronica guerin,0.58556837
kentucky fried,0.58556837
madame bovary,0.58556837
fellini satyricon,0.58556837
cesar chavez,0.58556837
cesar,0.58556837
dating boomerang,0.58556837
steamboat willie,0.58556837
factor,0.58556837
racing,0.58556837
corridor,0.58556837
chairman,0.58556837
chairman board,0.58556837
role model,0.58556837
jamaica,0.58556837
jamaica inn,0.58556837
krippendorfs,0.58556837
term endearment,0.58556837
krippendorfs tribe,0.58556837
delhi,0.58556837
delhi belly,0.58556837
virginity losin,0.58556837
anonymous,0.58556837
kentucky,0.58556837
brass teapot,0.58556837
madame sousatzka,0.58556837
quantum,0.58556837
quantum solace,0.58556837
chaser chugyeogja,0.58556837
sid nancy,0.58556837
thank smoking,0.58556837
continuum,0.58556837
continental divide,0.58556837
simone smne,0.58556837
anthony adverse,0.58556837
brokedown,0.58556837
disturbance,0.58556837
cloak,0.58556837
kairo,0.58556837
brokedown palace,0.58556837
dome,0.58556837
torino,0.58556837
thank,0.58556837
echo,0.58556837
cloak dagger,0.58556837
vertical limit,0.58556837
icon,0.58556837
phrpa,0.58556837
sid,0.58556837
willie,0.58556837
kukushka,0.58556837
outside providence,0.58556837
inklusive,0.58556837
absence malice,0.58556837
stir echo,0.58556837
fay,0.58556837
fay grim,0.58556837
fck,0.58556837
fck goethe,0.58556837
zeus,0.58556837
zeus roxanne,0.58556837
zentropa,0.58556837
twin twin,0.58426464
bittersweet visually,0.58415276
une femme,0.5840648
dogfight,0.5838705
queue niagara,0.5838705
queue none,0.5838705
dresser,0.5838705
queue commitment,0.5838705
mankind,0.5838705
queue dogfight,0.5838705
commitment,0.5838705
brassed,0.5838705
niagara,0.5838705
munich,0.5838705
queue amen,0.5838705
queue brassed,0.5838705
rainmaker,0.5838705
queue dresser,0.5838705
limelight,0.5838705
queue hospitality,0.5838705
none,0.5838705
queue limelight,0.5838705
queue mankind,0.5838705
queue syriana,0.5838705
hospitality,0.5838705
queue rainmaker,0.5838705
syriana,0.5838705
amen,0.5838705
queue munich,0.5838705
ne,0.5834384
big man,0.58293575
fist fury,0.58261716
quotable,0.58222216
det,0.5813815
koyaanisqatsi,0.5810973
frau,0.5803861
agatha,0.57985586
agatha christie,0.57985586
oscar nominated,0.5798008
nominated best,0.5798008
nominated,0.5798008
best animation,0.5798008
runner runner,0.57958233
ye,0.5788716
papillon le,0.5783775
sur le,0.5780405
brawl,0.5778627
perk wallflower,0.57735026
topsy,0.57735026
topsy turvy,0.57735026
dekalog,0.57735026
morrie,0.57735026
brno bruno,0.57735026
thesis,0.57735026
thesis tesis,0.57735026
guarding,0.57735026
guarding tess,0.57735026
lightness,0.57735026
sibling,0.57735026
thelma louise,0.57735026
departure,0.57735026
departure okuribito,0.57735026
hellsinki rperi,0.57735026
antonio,0.57735026
antonio gaud,0.57735026
juwanna mann,0.57735026
brooch,0.57735026
brooch gaslight,0.57735026
nova,0.57735026
helter,0.57735026
thirst,0.57735026
thirst bakjwi,0.57735026
lightfoot,0.57735026
belladonna,0.57735026
mina,0.57735026
mina tannenbaum,0.57735026
flood,0.57735026
shower,0.57735026
charley,0.57735026
broomstick,0.57735026
starsky,0.57735026
starsky hutch,0.57735026
macleane,0.57735026
strain,0.57735026
embalmer imbalsamatore,0.57735026
ramona,0.57735026
ramona beezus,0.57735026
steamboy,0.57735026
steamboy suchmubi,0.57735026
poorer,0.57735026
porky,0.57735026
srpski,0.57735026
bruno,0.57735026
excess,0.57735026
excess baggage,0.57735026
clank,0.57735026
harakiri,0.57735026
harakiri seppuku,0.57735026
launch,0.57735026
clean,0.57735026
clean slate,0.57735026
mame,0.57735026
bouki,0.57735026
andromeda,0.57735026
pocus,0.57735026
lying,0.57735026
boxcar,0.57735026
boxcar bertha,0.57735026
charley varrick,0.57735026
airman,0.57735026
ecstasy,0.57735026
grill,0.57735026
thelma,0.57735026
shower xizao,0.57735026
belladonna sadness,0.57735026
guidance,0.57735026
pupil,0.57735026
auntie,0.57735026
squarepants,0.57735026
gaslight,0.57735026
gaud,0.57735026
veljest,0.57735026
immature immaturi,0.57735026
immaturi,0.57735026
ritaanaa,0.57735026
hauser,0.57735026
decalogue,0.57735026
decalogue dekalog,0.57735026
torn,0.57735026
torn curtain,0.57735026
varrick,0.57735026
hold,0.57735026
suchmubi,0.57735026
bossa,0.57735026
bossa nova,0.57735026
spitfire,0.57735026
spitfire grill,0.57735026
spongebob,0.57735026
andromeda strain,0.57735026
voskhozhdeniye,0.57735026
junky,0.57735026
northanger abbey,0.57735026
northfork,0.57735026
imbalsamatore,0.57735026
immature,0.57735026
plunkett,0.57735026
plunkett macleane,0.57735026
anchor aweigh,0.57735026
mann,0.57735026
wackyland,0.57735026
spriggan,0.57735026
spriggan supurigan,0.57735026
spongebob squarepants,0.57735026
northanger,0.57735026
sidewall,0.57735026
sidewall medianeras,0.57735026
tess,0.57735026
hellsinki,0.57735026
auntie mame,0.57735026
turvy,0.57735026
tuskegee,0.57735026
tuskegee airman,0.57735026
gunga,0.57735026
gunga din,0.57735026
beezus,0.57735026
thunderbolt,0.57735026
shiri swiri,0.57735026
intact intacto,0.57735026
intacto,0.57735026
adjustment bureau,0.57735026
mondo,0.57735026
mondo cane,0.57735026
toni,0.57735026
toni erdmann,0.57735026
barred,0.57735026
treat,0.57735026
rivalry,0.57735026
hodejegerne,0.57735026
draughtsman,0.57735026
draughtsman contract,0.57735026
ratchet,0.57735026
ratchet clank,0.57735026
manufactured,0.57735026
embalmer,0.57735026
quo,0.57735026
quo vadis,0.57735026
rattle hum,0.57735026
manufactured landscape,0.57735026
bureau,0.57735026
appleseed appurushdo,0.57735026
appurushdo,0.57735026
apt,0.57735026
apt pupil,0.57735026
spector,0.57735026
horton hears,0.57735026
anarchist,0.57735026
anarchist cookbook,0.57735026
hold barred,0.57735026
hocus,0.57735026
hocus pocus,0.57735026
returner ritaanaa,0.57735026
ethan,0.57735026
failure,0.57735026
helter skelter,0.57735026
sandy,0.57735026
sandy wexler,0.57735026
janitor,0.57735026
winn,0.57735026
winn dixie,0.57735026
hutch,0.57735026
failure launch,0.57735026
spaced invader,0.57735026
semi pro,0.57735026
xizao,0.57735026
wyatt,0.57735026
wyatt earp,0.57735026
pro,0.57735026
semi,0.57735026
intact,0.57735026
rattle,0.57735026
drillbit,0.57735026
drillbit taylor,0.57735026
vadis,0.57735026
appleseed,0.57735026
anchor,0.57735026
parade,0.57735026
supurigan,0.57735026
horton,0.57735026
spaced,0.57735026
fort,0.57735026
fort tilden,0.57735026
forte,0.57735026
mezzo,0.57735026
mezzo forte,0.57735026
cruelty,0.57735026
ucho,0.57735026
fragment,0.57735026
sibling rivalry,0.57735026
minnesota,0.57735026
ear,0.57735026
ear ucho,0.57735026
earp,0.57735026
seppuku,0.57735026
wallflower,0.57735026
uzala,0.57735026
kaspar hauser,0.57735026
louise,0.57735026
moskowitz,0.57735026
damsel distress,0.57735026
corky romano,0.57735026
dazed,0.57735026
dazed confused,0.57735026
callar,0.57735026
soraya,0.57735026
mommie,0.57735026
mommie dearest,0.57735026
serbian,0.57735026
serbian srpski,0.57735026
headhunter,0.57735026
headhunter hodejegerne,0.57735026
tesis,0.57735026
ethan frome,0.57735026
flux,0.57735026
thunderbolt lightfoot,0.57735026
audition dishon,0.57735026
tuesday morrie,0.57735026
tunnel,0.57735026
otoshiana,0.57735026
dummy,0.57735026
demented,0.57735026
isolde,0.57735026
intolerable,0.57735026
folly,0.57735026
sonatine,0.57735026
entertainer,0.57735026
marrow,0.57735026
noin,0.57735026
noin veljest,0.57735026
damsel,0.57735026
confused,0.57735026
swiri,0.57735026
parental guidance,0.57735026
feeling,0.57735026
moll,0.57735026
moll flanders,0.57735026
intolerable cruelty,0.57735026
invader,0.57735026
inventing,0.57735026
inventing abbotts,0.57735026
invention,0.57735026
trick,0.57735026
trick treat,0.57735026
landscape,0.57735026
adjustment,0.57735026
sonachine,0.57735026
romano,0.57735026
gomorra,0.57735026
gomorrah,0.57735026
gomorrah gomorra,0.57735026
pais,0.57735026
entertainer sting,0.57735026
incest chinatown,0.57735026
tracey,0.57735026
tracey fragment,0.57735026
bacon,0.57735026
patron,0.57735026
distress,0.57735026
baggage,0.57735026
bakjwi,0.57735026
oxford,0.57735026
morvern,0.57735026
flood northfork,0.57735026
morvern callar,0.57735026
eyewitness,0.57735026
eyewitness janitor,0.57735026
autmata,0.57735026
autmata automaton,0.57735026
battery included,0.57735026
sadness,0.57735026
paisan,0.57735026
paisan pais,0.57735026
hipster,0.57735026
hipster stilyagi,0.57735026
din,0.57735026
amanda,0.57735026
digging,0.57735026
digging marrow,0.57735026
sgt,0.57735026
amanda knox,0.57735026
parental,0.57735026
entry,0.57735026
canadian,0.57735026
canadian bacon,0.57735026
sonatine sonachine,0.57735026
fundamental,0.57735026
fundamental caring,0.57735026
cane,0.57735026
sgt bilko,0.57735026
invention lying,0.57735026
battery,0.57735026
automaton,0.57735026
flanders,0.57735026
touki,0.57735026
merci,0.57735026
merci patron,0.57735026
tea,0.57735026
bilko,0.57735026
tea mussolini,0.57735026
touki bouki,0.57735026
trash,0.57735026
dishon,0.57735026
taylor,0.57735026
mcguire,0.57735026
pitfall,0.57735026
pitfall otoshiana,0.57735026
hum,0.57735026
unlawful,0.57735026
unlawful entry,0.57735026
fatalistic,0.57735026
fatalistic snowpiercer,0.57735026
chump,0.57735026
chump oxford,0.57735026
titicut,0.57735026
titicut folly,0.57735026
regret inform,0.57735026
trash humpers,0.57735026
frome,0.57735026
snowpiercer,0.57735026
coast,0.57735026
tristan,0.57735026
tristan isolde,0.57735026
hears,0.57735026
dearest,0.57735026
haiku,0.57735026
haiku tunnel,0.57735026
mosquito,0.57735026
mosquito coast,0.57735026
ascent,0.57735026
ascent voskhozhdeniye,0.57735026
dersu,0.57735026
dersu uzala,0.57735026
carnal,0.57735026
carnal knowledge,0.57735026
aeon,0.57735026
aeon flux,0.57735026
dixie,0.57735026
aweigh,0.57735026
richer,0.57735026
richer poorer,0.57735026
regret,0.57735026
humpers,0.57735026
medianeras,0.57735026
caring,0.57735026
abbotts,0.57735026
contract,0.57735026
rperi,0.57735026
cookbook,0.57735026
easter parade,0.57735026
tuesday,0.57735026
porky wackyland,0.57735026
unbearable,0.57735026
unbearable lightness,0.57735026
knowledge,0.57735026
knox,0.57735026
stoning,0.57735026
skelter,0.57735026
slc,0.57735026
tannenbaum,0.57735026
lizzie,0.57735026
lizzie mcguire,0.57735026
slate,0.57735026
cecil,0.57735026
stoning soraya,0.57735026
okuribito,0.57735026
wexler,0.57735026
slc punk,0.57735026
reykjavik,0.57735026
reykjavik reykjavk,0.57735026
reykjavk,0.57735026
tilden,0.57735026
easter,0.57735026
cecil demented,0.57735026
shiri,0.57735026
abbey,0.57735026
bertha,0.57735026
audition,0.57735026
returner,0.57735026
agony,0.57735026
agony ecstasy,0.57735026
phil,0.57735026
phil spector,0.57735026
perk,0.57735026
poolhall,0.57735026
poolhall junky,0.57735026
vertriloquism,0.57735026
vertriloquism dummy,0.57735026
juwanna,0.57735026
kaspar,0.57735026
inform,0.57735026
incest,0.57735026
minnie,0.57735026
minnie moskowitz,0.57735026
chinatown,0.57735026
bedknobs,0.57735026
bedknobs broomstick,0.57735026
punk,0.57735026
mussolini,0.57735026
curtain,0.57735026
erdmann,0.57735026
included,0.57735026
stilyagi,0.57735026
sting,0.57735026
brno,0.57735026
corky,0.57735026
feeling minnesota,0.57735026
dicaprio martin,0.575597
chat,0.5750673
crimson river,0.5744197
rivires,0.5744197
pourpres,0.5744197
rivires pourpres,0.5744197
gyllenhaal modern,0.57325375
sundance,0.57242185
manon,0.57103544
sat,0.57036805
escape new,0.5699955
pauline,0.5699142
nuclear,0.56932896
day condor,0.569219
mirror mirror,0.5688376
diving,0.5684985
cidade,0.5679498
russian coming,0.56775457
russian,0.56775457
funny interesting,0.5674015
vidocq,0.5667926
rom,0.56671786
york story,0.5665463
night shyamalan,0.56639487
shyamalan,0.56639487
xin,0.5654545
evening,0.56543595
dressing men,0.5647423
loaf,0.56409717
donnie,0.5640643
dog christmas,0.5636458
dark disturbing,0.5636342
meatball part,0.5633429
porn,0.56319577
day porn,0.56319577
hing,0.56269
east east,0.56255174
gang new,0.56204563
papi,0.5619949
zucker,0.56192046
girl thing,0.56174916
day die,0.5614767
thirty,0.5605918
planet ii,0.5601171
man best,0.56010973
xue,0.5598343
coeur,0.55980325
earth ii,0.5595625
crimen,0.55941975
little black,0.55890286
bashir,0.55799633
home end,0.5579963
gong fu,0.5579677
gong,0.5579677
superhero spider,0.557848
vacation national,0.5574949
eye ii,0.55738586
kong life,0.55736846
marcelino,0.55721587
mail,0.55721587
totoro,0.5569919
jules,0.556974
bittersweet emotional,0.55683017
charlize theron,0.556086
charlize,0.556086
theron,0.556086
autumn new,0.55561286
war planet,0.5556099
parker,0.5554771
school high,0.5554285
yi yi,0.55542713
classic war,0.55512315
die la,0.55503094
woman child,0.5549043
men woman,0.5549043
doctor christmas,0.55456835
time america,0.5543508
king stand,0.55426294
man shoe,0.5538599
rocco,0.55382454
dice,0.55370134
trek beyond,0.55359125
babettes,0.5535403
men baby,0.5534535
life word,0.55280274
girl guy,0.5527438
big red,0.5527123
red one,0.5527123
marius,0.55243474
friend girl,0.55228615
man woman,0.55204606
big league,0.5519897
attila,0.55150247
dark ii,0.55132264
return living,0.55124414
next three,0.5512065
comedy monty,0.5510597
mai,0.5510129
storyline,0.55077356
life pet,0.5507677
jiang,0.5503502
tengoku,0.54994977
clestine,0.5497938
toki,0.54961395
track,0.54934746
hostel part,0.5493187
year life,0.5492019
best year,0.5492019
ball resurrection,0.5491848
knew little,0.54906404
last christmas,0.5485302
doctor last,0.5485302
la vie,0.5485289
hong,0.548468
life bee,0.54840565
house usher,0.54775095
usher,0.54775095
cynical,0.5476948
win win,0.5471801
rambo rambo,0.5471801
piranha piranha,0.5471801
alive final,0.5470231
young sherlock,0.54668605
hearst,0.546576
kid game,0.5465319
lady white,0.54637694
white manhattan,0.54615766
widowswidowers,0.5459897
golden gun,0.54592294
big budget,0.54570717
budget,0.54570717
man campus,0.5455434
stock,0.5454548
tranquille,0.5453433
eagle ii,0.5451803
sol,0.5451535
man high,0.54496074
hu,0.5449489
house end,0.5448267
killer monster,0.54477644
one man,0.5447576
man band,0.5447576
fantasy world,0.54474723
return king,0.5446525
vermeer new,0.54442626
boy next,0.54362106
batman year,0.54355246
gun ii,0.54325116
three time,0.54308546
kill three,0.54308546
jumanji,0.54272616
man return,0.5425145
gallipoli,0.5423749
war gallipoli,0.5423749
king iii,0.542309
superman ii,0.5422488
christmas home,0.5419933
original king,0.5419449
politics war,0.5417867
last five,0.5416062
master ii,0.5411995
batman return,0.5411927
thompson,0.54110485
man sea,0.5411015
old man,0.5411015
food big,0.5410338
big night,0.5410338
illness spider,0.5408954
trek darkness,0.5408492
zombie evil,0.54054487
coup,0.5403302
brave new,0.54026455
two brain,0.54006165
man two,0.54006165
two play,0.5399484
special special,0.53991973
house ii,0.53989
ii second,0.53989
ladri,0.5398501
ladri di,0.5398501
thief ladri,0.5398501
doctor planet,0.5396007
planet dead,0.5396007
country old,0.5395709
action hero,0.53945464
last action,0.53945464
day afternoon,0.5394075
young doctor,0.5391838
doctor love,0.5391838
drag hot,0.53889006
must love,0.5388818
love dog,0.5388818
last train,0.5388162
train home,0.5388162
nolan,0.5387023
christopher nolan,0.5387023
school heather,0.53796005
heather,0.53796005
night stand,0.5378268
two night,0.5378268
sidewalk,0.5378027
york moonstruck,0.5378027
sidewalk new,0.5378027
moonstruck,0.5378027
synecdoche new,0.5378027
synecdoche,0.5378027
life zero,0.53764945
game life,0.53764945
war glory,0.5374933
hill ninja,0.5373669
said said,0.53734595
milo milo,0.53734595
travel stargate,0.5373409
rise planet,0.5372933
return treasure,0.53716576
world part,0.5370291
history world,0.5370291
true thing,0.5368494
one true,0.5368494
live ghost,0.5367991
long live,0.5367991
alan,0.53623646
joker,0.53622717
surreal tim,0.5361435
coppola,0.53590506
another day,0.535823
die another,0.535823
dawn planet,0.5358083
cold come,0.53580487
mr saturday,0.5357531
disney jungle,0.53572726
impossible ii,0.5354932
ghost world,0.53517944
adolescence ghost,0.53517944
iron fist,0.53460145
candyman day,0.5345593
revenge green,0.53389645
green dragon,0.53389645
ball fire,0.533882
great ball,0.533882
deep blue,0.53372705
corn iii,0.5336207
ending hunger,0.53360534
encounter end,0.53360283
last witch,0.5334758
hell house,0.533474
legend hell,0.533474
superman iii,0.53340226
nest,0.53332496
evil night,0.5332784
night hunter,0.5332784
first class,0.5332646
men first,0.5332646
business wall,0.5331491
golden arm,0.5325468
na,0.53254557
black beauty,0.53251946
best thing,0.5325172
next best,0.5325172
li,0.5324817
shakespeare love,0.5324207
england shakespeare,0.5324207
part one,0.5322557
superhero mystery,0.53221095
mystery men,0.53221095
notte la,0.5321728
night notte,0.5321728
disney beauty,0.53209287
last house,0.5320739
house left,0.5320739
book punisher,0.53205067
book villain,0.53205067
dark city,0.5317318
siu,0.5316923
thor dark,0.5314122
dark world,0.5314122
return witch,0.53129405
animal beautiful,0.5312758
gin,0.5311486
gwai,0.5311486
chan,0.53111494
christmas white,0.5310736
primer,0.53096956
travel primer,0.53096956
tropa de,0.5305967
elite squad,0.5305967
de elite,0.5305967
tropa,0.5305967
piranha dd,0.5305522
league ii,0.53043365
next karate,0.5303552
crazy summer,0.5303525
one crazy,0.5303525
night light,0.53034335
friday night,0.53034335
return blue,0.5303203
guy kill,0.5300942
kill people,0.5300942
god devil,0.52997535
ghostbusters ii,0.52960604
spy next,0.5294962
part two,0.52909654
white suit,0.5290849
man burden,0.5290849
white man,0.5290849
man white,0.5290849
last king,0.5289892
king scotland,0.5289892
fanny,0.52894205
armour,0.52890176
armour god,0.52890176
big business,0.5286795
twin big,0.5286795
flintstone christmas,0.52864367
doll house,0.52863175
big doll,0.52863175
revenge pink,0.52858514
peur,0.52851164
la peur,0.52851164
never let,0.5284616
water summer,0.5284498
white water,0.5284498
earth girl,0.5283061
girl easy,0.5283061
christmas wonderful,0.5280619
wonderful life,0.5280619
beyond star,0.52793
battle beyond,0.52793
meet joe,0.52782446
joe black,0.52782446
memory music,0.52766937
music dead,0.52766937
hard vengeance,0.5275793
adolescence real,0.52747965
legendary,0.5272391
underworld blood,0.5271147
blood war,0.5271147
called love,0.52709585
thing called,0.52709585
impossible iii,0.52696806
thing two,0.52668744
two head,0.52668744
cat outer,0.52666444
stupid love,0.5266413
crazy stupid,0.5266413
murder stranger,0.52657735
hemingway love,0.52648455
love war,0.52648455
christine,0.5262672
king christine,0.5262672
cujo,0.5262672
king cujo,0.5262672
de un,0.52609235
fool fall,0.525964
fall love,0.525964
day camp,0.52592546
eats girl,0.52560663
boy eats,0.52560663
day hundstage,0.5255407
hundstage,0.5255407
high water,0.52552646
hell high,0.52552646
military men,0.525484
great soundtrack,0.52545154
poltergeist iii,0.52544916
new year,0.525417
year eve,0.525417
jeff life,0.52520686
life home,0.52520686
crow city,0.5251806
franco seth,0.5251775
stallion return,0.52514577
rocky iii,0.5251346
knock knock,0.5250778
batman red,0.52504903
red hood,0.52504903
angry red,0.5249361
knight three,0.52493596
mccools,0.52488875
night mccools,0.52488875
dont cry,0.52481705
boy dont,0.52481705
chanel,0.524766
let die,0.52455086
live let,0.52455086
brother another,0.5245105
another planet,0.5245105
boy scout,0.52448875
last boy,0.52448875
carol scrooge,0.5244747
new rose,0.52444464
rose hotel,0.52444464
strike back,0.5241536
want fun,0.52410066
tucker man,0.52409637
man dream,0.52409637
lose guy,0.5240431
guy day,0.5240431
blue heaven,0.5239621
mafia blue,0.5239621
first bite,0.5239506
love first,0.5239506
sexuality cat,0.52377564
jia,0.52374107
world camillo,0.5235237
little world,0.5235237
race monster,0.5234324
monster ball,0.5234324
requiem american,0.5233034
american dream,0.5233034
never land,0.52328557
return never,0.52328557
jahre,0.52313316
amityville new,0.5231005
hot girl,0.52294755
girl wanted,0.52294755
one want,0.52287626
im one,0.52287626
parrot,0.5227683
child seed,0.52263373
taxi dark,0.52260673
microcosmos,0.5225721
rififi,0.52256703
party people,0.52255106
hour party,0.52255106
time mexico,0.5223769
eagle iv,0.5223632
red rock,0.5222426
rock west,0.5222426
seven day,0.5221356
day may,0.5221356
awfully big,0.5220026
awfully,0.5220026
homeless beverly,0.52190393
little drummer,0.5218408
drummer boy,0.5218408
burr people,0.5216806
save last,0.52162915
seann,0.52155656
seann william,0.52155656
william scott,0.52155656
tage,0.52150667
godfather part,0.52150357
kill neighbor,0.521352
neighbor dog,0.521352
fell earth,0.5213514
man fell,0.5213514
go prison,0.52135
screwball girl,0.5211903
girl friday,0.5211903
race witch,0.5211636
woman three,0.5210096
three woman,0.5210096
othello double,0.52098155
great day,0.5208725
day harlem,0.5208725
foot stardom,0.5207908
stardom,0.5207908
trekkies,0.5206227
trek nemesis,0.5206227
trek trekkies,0.5206227
nemesis,0.5206227
man came,0.5206197
came dinner,0.5206197
doa dead,0.52055293
kirikou,0.5205332
nine five,0.52052486
five aka,0.52052486
suddenly last,0.5204915
little fox,0.52041066
family little,0.52041066
abominable snowman,0.52038014
arthur camelot,0.5202514
lampoon vacation,0.5201735
eight seven,0.5200472
one eight,0.5200472
lover come,0.5199783
eerie,0.51988256
miss sunshine,0.5195742
haunted hill,0.5194355
house haunted,0.5194355
brown christmas,0.5192029
tarzan lost,0.5191716
man called,0.5191338
called blade,0.5191338
high country,0.5190935
ride high,0.5190935
lost revelation,0.51907456
escape witch,0.5190606
austen mafia,0.51885843
michael bay,0.51874125
video game,0.51865375
cat dont,0.51858383
dont dance,0.51858383
blackadders,0.5185452
blackadders christmas,0.5185452
knew infinity,0.51852345
fat liar,0.51848966
another room,0.51839817
music another,0.51839817
stendhal,0.51836
adam eve,0.51829004
transformer dark,0.5181781
dark moon,0.5181781
making mr,0.5181445
people time,0.5178393
un long,0.51771134
police la,0.5176701
la confidential,0.5176701
take two,0.51764315
twin take,0.51764315
across time,0.5175442
battle across,0.5175442
let get,0.51742965
get harry,0.51742965
men still,0.51742554
still talk,0.51742554
three oclock,0.5172583
day care,0.51714426
love wife,0.5169869
think love,0.5169869
heat night,0.5169435
racism heat,0.5169435
rubbeldiekatz,0.5168105
woman love,0.5168105
love rubbeldiekatz,0.5168105
dog glory,0.51675606
mad dog,0.51675606
go lucky,0.516691
alien aka,0.51668054
mini first,0.51667476
mini,0.51667476
dan real,0.51662934
murder first,0.516546
prison murder,0.516546
midland,0.51651746
colored,0.51651746
time midland,0.51651746
time colored,0.51651746
und,0.51647973
came outer,0.51640385
plan outer,0.51640385
romantic comedy,0.5163628
crime beat,0.5162964
beat devil,0.5162964
cit de,0.5162222
cit,0.5162222
england lady,0.5161979
lady jane,0.5161979
dun,0.5161833
east la,0.51613176
born east,0.51613176
werewolf paris,0.5161125
money run,0.5160657
take money,0.5160657
run ii,0.51605386
island lord,0.516041
punisher war,0.51594
avant,0.5158217
fine day,0.51579225
one fine,0.51579225
fine,0.51579225
ein,0.5157112
doctor runaway,0.51571053
soldier return,0.5156656
beyond poseidon,0.51564103
spying spy,0.51559025
memoir invisible,0.5155494
last emperor,0.51541704
china last,0.51541704
city light,0.5153814
blind city,0.5153814
barneys great,0.5153802
great adventure,0.5153802
brutality,0.515373
angel dirty,0.51529723
dirty face,0.51529723
never cry,0.51529
silver bullet,0.51527417
go lovely,0.5150282
waterford,0.5149558
waterford girl,0.5149558
new waterford,0.5149558
chalet,0.5148035
chalet girl,0.5148035
comedy chalet,0.5148035
watership,0.5147832
beautiful watership,0.5147832
never die,0.5147718
die alone,0.5147718
tale shrek,0.51470816
la lonely,0.5146426
lonely place,0.5146426
guyver,0.51464045
guyver dark,0.51464045
grumpy old,0.51456666
men robber,0.51456666
robber,0.51456666
grumpy,0.51456666
tai chi,0.51422805
man tai,0.51422805
go camp,0.51411766
connection ii,0.5141161
end ocean,0.514098
walk bar,0.5140107
book zwartboek,0.51384705
zwartboek,0.51384705
masterpiece,0.51380587
blue eye,0.5137323
mickey blue,0.5137323
ill home,0.51372397
home christmas,0.51372397
independent,0.5136987
beneath planet,0.51367974
conquest planet,0.51367974
christmas santa,0.51362467
night fever,0.51352596
ghost kiss,0.5134429
kiss goodbye,0.5134429
white hype,0.51329005
great white,0.51329005
attack foot,0.51313144
foot woman,0.51313144
mort,0.5130242
superhero dark,0.5130019
could fly,0.5129105
boy could,0.5129105
dragon bruce,0.5128419
menace ii,0.5127768
ii society,0.5127768
war shenandoah,0.51276374
shenandoah,0.51276374
bandit ii,0.51274484
boy st,0.5126805
labour lost,0.51265156
labour,0.51265156
love labour,0.51265156
racism place,0.51263374
place heart,0.51263374
water mar,0.5126214
doctor water,0.5126214
la mancha,0.512513
mancha,0.512513
lost la,0.512513
panda adventure,0.5123418
amazing panda,0.5123418
thin red,0.5122442
red line,0.5122442
panther strike,0.51222813
mike new,0.5121999
new car,0.5121999
austen emma,0.5121987
exodus god,0.5121386
god king,0.5121386
rocky iv,0.5121235
year engagement,0.5120507
bird cage,0.5119769
big bird,0.5119769
college road,0.5119325
war wargames,0.51192456
wargames,0.51192456
elephant man,0.511909
freak elephant,0.511909
afraid dark,0.51186144
dont afraid,0.51186144
white huntsman,0.5117805
military renaissance,0.5116788
renaissance man,0.5116788
anges,0.5116054
holy grail,0.5115389
grail,0.5115389
house go,0.51150197
grandmother house,0.51150197
disney alice,0.51148766
heart club,0.5114637
broken heart,0.5114637
action beginning,0.5114166
evil apocalypse,0.51140875
christmas party,0.5113222
office christmas,0.5113222
devil blue,0.5112089
blue dress,0.5112089
see paradise,0.5110715
alive tbsha,0.5109027
alive hanzaisha,0.5109027
braindead,0.5109027
tbsha,0.5109027
alive braindead,0.5109027
hanzaisha,0.5109027
shrinking man,0.51080376
disney petes,0.5107929
yao,0.5107393
hard body,0.5106822
hand hard,0.5106822
captain blood,0.51062876
swashbuckler captain,0.51062876
romeo must,0.5105355
copycat,0.5105136
killer virtuosity,0.5105136
virtuosity,0.5105136
killer copycat,0.5105136
reform school,0.51048744
reform,0.51048744
school girl,0.51048744
france american,0.51045907
american paris,0.51045907
april fool,0.5104048
fool day,0.5104048
dead hate,0.5103532
hate living,0.5103532
love caviar,0.5102293
god love,0.5102293
caviar,0.5102293
merry muppet,0.5101158
clousseau shot,0.5101115
shot dark,0.5101115
shakespeare richard,0.51007855
richard iii,0.51007855
crackdown,0.5100445
wish crackdown,0.5100445
college revenge,0.51002383
american bill,0.510021
lost purgatory,0.509918
garden state,0.5098748
psychology garden,0.5098748
masque red,0.5096885
masque,0.5096885
red death,0.5096885
werewolf london,0.5094817
teacher blue,0.5093085
blue car,0.5093085
barbershop back,0.50917166
back business,0.50917166
nude,0.5091143
nude girl,0.5091143
live nude,0.5091143
black hat,0.5091135
fear black,0.5091135
manhattan murder,0.5090929
murder mystery,0.5090929
quan,0.5090325
history time,0.5089911
brief history,0.5089911
girltrash,0.5089743
night long,0.5089743
girltrash night,0.5089743
al di,0.50897306
cult sin,0.50890994
spy came,0.5088506
came cold,0.5088506
love human,0.50884116
human remains,0.50884116
line fire,0.5088274
assassination line,0.5088274
true lie,0.50881284
spy true,0.50881284
prejudice zombie,0.5087765
jones baby,0.508606
love englishman,0.5085731
secret thing,0.50856143
every secret,0.50856143
melinda melinda,0.5085423
escaflowne escaflowne,0.5085423
volga volga,0.5085423
ladybird ladybird,0.5085423
jalla jalla,0.5085423
anvil anvil,0.5085423
factory modern,0.50844246
modern time,0.50844246
mo better,0.508419
better blue,0.508419
league doom,0.5083877
new kid,0.50827444
kid nitro,0.50827444
nitro,0.50827444
dead fred,0.5082428
battle los,0.5082369
swiss army,0.50789565
army man,0.50789565
everything must,0.50784016
must go,0.50784016
tootsie,0.5078297
flawless,0.5078297
drag flawless,0.5078297
drag tootsie,0.5078297
dream little,0.50779015
little dream,0.50779015
big brother,0.50776535
stevie,0.50776535
brother stevie,0.50776535
saving mr,0.50770503
mr bank,0.50770503
ii sequel,0.50767213
airplane ii,0.50767213
cream man,0.5076455
ice cream,0.5076455
cream,0.5076455
cant stop,0.5073831
stop music,0.5073831
class place,0.5073817
place sun,0.5073817
shadow tear,0.5073642
ninja shadow,0.5073642
art school,0.50724083
school confidential,0.50724083
tragic,0.50723886
daddy im,0.5072032
im zombie,0.5072032
king thief,0.5071935
aladdin king,0.5071935
way way,0.50719154
vampire killer,0.5071529
fearless vampire,0.5071529
alice adam,0.50712615
class alice,0.50712615
hill chihuahua,0.5070595
slum,0.5070595
chihuahua,0.5070595
troop beverly,0.5070595
troop,0.5070595
slum beverly,0.5070595
hornby boy,0.5070353
gaiden,0.50702065
awesome,0.506883
woman aka,0.5068571
mr fox,0.506851
fantastic mr,0.506851
dragonheart new,0.50680494
day jackal,0.50678706
assassination day,0.50678706
one tough,0.50675815
tough cop,0.50675815
provoking visually,0.5066308
dream may,0.5066174
may come,0.5066174
politics bob,0.5064543
bob robert,0.5064543
geronimo american,0.5064008
american legend,0.5064008
geronimo,0.5064008
painter big,0.5063689
big eye,0.5063689
painter,0.5063689
prostitution pretty,0.50628394
pretty woman,0.50628394
time traveler,0.50624734
traveler wife,0.50624734
shape thing,0.5061803
art shape,0.5061803
dont live,0.5061797
dog remake,0.5061773
remake dalmatian,0.5061773
angeles play,0.50602025
paradiso,0.5059966
cinema paradiso,0.5059966
panic room,0.5057971
crime panic,0.5057971
th voyage,0.5057802
ivy ii,0.50575686
wonder boy,0.50571984
writing wonder,0.50571984
up plan,0.50566304
back up,0.50566304
doctor time,0.5055744
time doctor,0.5055744
psycho beach,0.5055434
beach party,0.5055434
new clothes,0.50544107
visuals,0.5054313
hill revelation,0.50542176
transparent man,0.5053942
amazing transparent,0.5053942
transparent,0.5053942
control room,0.5053611
journalism control,0.5053611
pow great,0.5053029
great escape,0.5053029
trail pink,0.50526094
clousseau pink,0.50526094
bandit iii,0.50524586
sematary ii,0.505215
man wasp,0.50510126
life less,0.50509334
less ordinary,0.50509334
greatest dad,0.50502473
world greatest,0.50502473
spoof young,0.504946
young frankenstein,0.504946
couple ii,0.50484866
kick back,0.5047539
ninja kick,0.5047539
ernest save,0.5047486
save christmas,0.5047486
twelfth night,0.50467914
twelfth,0.50467914
shakespeare twelfth,0.50467914
coming home,0.50460076
vietnam coming,0.50460076
shaun dead,0.50456184
zombie shaun,0.50456184
red riding,0.5045506
riding hood,0.5045506
unknown white,0.50453013
monster in,0.50451803
rogan live,0.5044872
million mile,0.5044674
mile earth,0.5044674
attack puppet,0.50446004
puppet people,0.50446004
number two,0.5044356
jackass number,0.5044356
voyage damned,0.5044127
doctor voyage,0.5044127
car boy,0.50435454
riding car,0.50435454
trucker drive,0.5041945
drive night,0.5041945
roger stone,0.504107
get roger,0.504107
lars,0.5040479
lars real,0.5040479
river soul,0.5040299
babylon river,0.5040299
baby jack,0.5039472
jack sarah,0.5039472
school rock,0.50394624
school school,0.50394624
bless america,0.5039142
god bless,0.5039142
age meltdown,0.50386256
meltdown,0.50386256
get gun,0.50385565
annie get,0.50385565
phibes rise,0.50384146
dead loving,0.5037919
dracula dead,0.5037919
winter war,0.5037658
huntsman winter,0.5037658
sugar man,0.50376546
searching sugar,0.50376546
dark passage,0.50370365
new jersey,0.50367886
jersey drive,0.50367886
belle verte,0.5036609
moon junction,0.50358313
two moon,0.50358313
mouse detective,0.5035625
great mouse,0.5035625
creature black,0.5035135
black lagoon,0.5035135
boxing netflix,0.503427
queue king,0.503427
invisibility invisible,0.50340223
invisibility,0.50340223
mickey upon,0.50339115
upon christmas,0.50339115
family funny,0.5033871
heist italian,0.50334936
voleurs le,0.503288
thief voleurs,0.503288
voleurs,0.503288
smith fat,0.50324094
dead gorgeous,0.50323856
kumar christmas,0.50323325
white female,0.5031988
single white,0.5031988
food nation,0.5031154
miss marker,0.50310034
marker,0.50310034
meet st,0.50294894
st louis,0.50294894
kickboxer road,0.50293875
road back,0.50293875
bug life,0.5028952
pixar bug,0.5028952
amityville ii,0.5027604
ii possession,0.5027604
autism,0.50250524
autism rain,0.50250524
rain man,0.50250524
fiction,0.50246805
queue three,0.5023608
sweet bird,0.5023202
bird youth,0.5023202
south pacific,0.5022787
island south,0.5022787
wapendrama,0.5021486
lord war,0.5021486
wapendrama lord,0.5021486
say love,0.50210655
everyone say,0.50210655
fun guardian,0.5020309
religion saint,0.50201833
saint million,0.50201833
british tom,0.50199515
tom jones,0.50199515
come mr,0.5019196
mr jordan,0.5019196
charlie wilson,0.50176203
wilson war,0.50176203
england shanghai,0.50164557
shanghai knight,0.50164557
gould secret,0.50161713
joe gould,0.50161713
astronaut wife,0.5015677
alien astronaut,0.5015677
baseball major,0.50150925
shot jesse,0.5014459
amazon,0.50143033
amazon woman,0.50143033
woman moon,0.50143033
gozu,0.5014212
eyed,0.50140345
eyed jack,0.50140345
one eyed,0.50140345
man flying,0.5013318
trapeze,0.5013318
flying trapeze,0.5013318
bernies ii,0.5012139
shrinking woman,0.5012136
secret garden,0.501206
tibet,0.5011336
year tibet,0.5011336
mr bean,0.5011327
bean holiday,0.5011327
wait dark,0.5011304
blindness wait,0.5011304
hospital,0.5011009
mental hospital,0.5011009
hospital psychology,0.5011009
harvey milk,0.5010186
time harvey,0.5010186
gang west,0.500964
west side,0.500964
policeman ball,0.5009566
policeman,0.5009566
secret policeman,0.5009566
zona,0.50091046
la zona,0.50091046
zone la,0.50091046
seems,0.5009087
old time,0.5009087
seems old,0.5009087
hollow mountain,0.500781
beast hollow,0.500781
lieutenant woman,0.50072986
french lieutenant,0.50072986
trailer park,0.5006568
trailer,0.5006568
park boy,0.5006568
name father,0.5005301
ireland name,0.5005301
dollar hotel,0.5003879
ti season,0.50030273
season love,0.50030273
heineken,0.5002784
mr heineken,0.5002784
family reunion,0.5001908
fear everything,0.5001462
fantastic fear,0.5001462
golden voyage,0.5001434
new pussycat,0.5001276
whats new,0.5001276
journal,0.500079
dy end,0.5000067
john dy,0.5000067
alaska spirit,0.4999847
spirit wild,0.4999847
train lady,0.49996966
lady vanishes,0.49996966
great buck,0.4999674
buck howard,0.4999674
call arm,0.49995714
babylon call,0.49995714
doctor patch,0.49989823
patch adam,0.49989823
platte,0.4998887
de platte,0.4998887
platte jungle,0.4998887
family america,0.49985343
hated family,0.49985343
hated,0.49985343
script,0.49977586
look could,0.49975938
could kill,0.49975938
president nixon,0.49954888
cave golden,0.4995058
golden rose,0.4995058
make contact,0.4994957
year make,0.4994957
last key,0.49940896
insidious last,0.49940896
last exit,0.49940896
exit brooklyn,0.49940896
war beast,0.49934685
beast war,0.49934685
business ed,0.4992714
ed wood,0.4992714
atlantis lost,0.49925345
lost empire,0.49925345
eye tiger,0.4992395
sinbad eye,0.4992395
ck hilarious,0.49920687
hannah sister,0.49920344
family hannah,0.49920344
lord fauntleroy,0.49913564
christmas bishop,0.49913564
bishop wife,0.49913564
fauntleroy,0.49913564
little lord,0.49913564
bishop,0.49913564
race cannonball,0.49913064
kiss goodnight,0.49911916
long kiss,0.49911916
abominable bride,0.49907836
sherlock abominable,0.49907836
mirror lady,0.49905348
lady eve,0.49905348
lady shanghai,0.49905348
gambling lady,0.49905348
taking care,0.49894443
care business,0.49894443
rise machine,0.49894413
terminator rise,0.49894413
muppets take,0.49887386
anatomy murder,0.49885747
court anatomy,0.49885747
little voice,0.49873057
queue little,0.49873057
fisher king,0.49865946
homeless fisher,0.49865946
arm law,0.49858567
wrong arm,0.49858567
volume ii,0.49852636
man killed,0.4985041
quixote,0.4985041
killed quixote,0.4985041
humor ted,0.49849516
moving touching,0.4984875
touching room,0.4984875
tell looking,0.49829504
thing tell,0.49829504
rock city,0.49823672
detroit,0.49823672
detroit rock,0.49823672
hand rock,0.49822336
rock cradle,0.49822336
menace christmas,0.49821898
mask phantasm,0.4981327
batman mask,0.4981327
good fun,0.49809682
evil extinction,0.49802816
disney fox,0.49802816
beast nation,0.49800757
moving beast,0.49800757
came spider,0.4979901
ian stone,0.49795356
ian,0.49795356
death ian,0.49795356
better world,0.4979238
hvnen,0.4979238
world hvnen,0.4979238
guy doll,0.49791154
gambling guy,0.49791154
goodbye mr,0.49790087
mr chip,0.49790087
chao,0.49785218
chao ji,0.49785218
beyond valley,0.49781093
valley doll,0.49781093
twelve oclock,0.49778017
giant spider,0.49775425
spider invasion,0.49775425
michael jackson,0.4977143
jackson thriller,0.4977143
secret lie,0.4977064
anne hathaway,0.49756575
hathaway,0.49756575
christmas vacation,0.49755883
child huang,0.4975204
huang shi,0.4975204
mysterious island,0.49746856
journey mysterious,0.49746856
pooh tigger,0.4974635
oscar lucinda,0.49743113
lucinda,0.49743113
go jail,0.49741724
sweet home,0.49739048
home alabama,0.49739048
smile murderer,0.49738777
death smile,0.49738777
night shopping,0.49735942
shopping,0.49735942
dick jane,0.4973384
fun dick,0.4973384
lover left,0.4971889
left alive,0.4971889
baseball field,0.49714372
field dream,0.49714372
politics hunting,0.49703845
hunting president,0.49703845
skiing,0.49695277
better dead,0.49695277
skiing better,0.49695277
great muppet,0.49693847
muppet caper,0.49693847
grace chuck,0.49684796
man elysian,0.4967506
elysian,0.4967506
elysian field,0.4967506
baby sitter,0.4967229
sitter club,0.4967229
mr henderson,0.49671528
henderson present,0.49671528
henderson,0.49671528
sherlock study,0.49669528
study pink,0.49669528
loaded weapon,0.4966918
cant buy,0.4966251
buy love,0.4966251
buy,0.4966251
buck earth,0.49654374
pearl buck,0.49654374
revenge mean,0.49650338
mean creek,0.49650338
strada la,0.49649912
strada,0.49649912
circus strada,0.49649912
legend begin,0.49644545
tremor legend,0.49644545
bullet fly,0.49638602
let bullet,0.49638602
ireland far,0.49632356
moron outer,0.49627325
moron,0.49627325
simple plan,0.4961637
heist simple,0.4961637
prostitution midnight,0.4960911
midnight cowboy,0.4960911
madagascar escape,0.4960761
escape africa,0.4960761
life david,0.49604046
david gale,0.49604046
gale,0.49604046
beautiful mind,0.49600086
mathematics beautiful,0.49600086
element ninja,0.4959919
five element,0.4959919
le flambeur,0.49595654
bob le,0.49595654
flambeur,0.49595654
pig city,0.4958387
babe pig,0.4958387
preacher wife,0.49581403
religion preacher,0.49581403
wild wild,0.49581373
wild west,0.49581373
girl soeur,0.49569842
soeur,0.49569842
fat girl,0.49569842
adventure mowgli,0.4956948
mowgli,0.4956948
mowgli kidnapping,0.4956948
hand devil,0.49562722
shake hand,0.49562722
military gi,0.49559715
gi jane,0.49559715
go banana,0.4955866
helper,0.49555624
santa little,0.49555624
little helper,0.49555624
voice broke,0.49549347
year voice,0.49549347
heist ocean,0.49541298
woodsman,0.49536866
abuse woodsman,0.49536866
train station,0.4953186
station agent,0.4953186
butterfly free,0.49526227
blind butterfly,0.49526227
jack giant,0.49520963
giant slayer,0.49520963
alcoholism lost,0.49520728
lost weekend,0.49520728
dollar arm,0.49516186
bunny picnic,0.49500915
tale bunny,0.49500915
league ordinary,0.49499357
ordinary gentleman,0.49499357
dr moreau,0.49496642
moreau,0.49496642
island dr,0.49496642
turbo power,0.4949648
queue flesh,0.49490038
mad hot,0.49487758
hot ballroom,0.49487758
long leg,0.4948723
daddy long,0.4948723
crook,0.49483734
time crook,0.49483734
disney lady,0.49482515
lady tramp,0.49482515
tramp,0.49482515
grey zone,0.494805
holocaust grey,0.494805
dont say,0.49478546
say word,0.49478546
heretic,0.4947659
ii heretic,0.4947659
exorcist ii,0.4947659
next doctor,0.49475867
doctor next,0.49475867
man brooklyn,0.49465913
angriest,0.49465913
angriest man,0.49465913
passion christ,0.4946561
religion passion,0.4946561
cinematography visually,0.494587
warning,0.4944712
carlin ya,0.49446863
chou,0.49444664
laura mar,0.49443758
eye laura,0.49443758
death louis,0.49443388
louis xiv,0.49443388
xiv,0.49443388
robot short,0.49442437
jfk,0.4944172
president jfk,0.4944172
seeker dark,0.49434665
dark rising,0.49434665
seeker,0.49434665
circle friend,0.49428862
ireland circle,0.49428862
grisham firm,0.4942399
sentimental,0.49421814
imaginationland,0.49420702
park imaginationland,0.49420702
bender game,0.49420273
stuart save,0.49418777
save family,0.49418777
oj made,0.49415094
oj,0.49415094
multiple storyline,0.49411553
dugan,0.4941066
dugan return,0.4941066
max dugan,0.4941066
chappelle worth,0.49408838
favorite year,0.4940828
television favorite,0.4940828
architect son,0.49403787
architect,0.49403787
son journey,0.49403787
national velvet,0.4938505
horse national,0.4938505
adventure rocky,0.49378538
rocky bullwinkle,0.49378538
bullwinkle,0.49378538
sport rocky,0.49365452
boxing sport,0.49365452
talk town,0.49362722
queue talk,0.49362722
light year,0.49361464
year gandahar,0.49361464
gandahar,0.49361464
unleashed danny,0.49361432
danny dog,0.49361432
dance shall,0.49355733
rebellion,0.49350834
monster mostro,0.4934924
mostro,0.4934924
mostro il,0.4934924
home tonight,0.49347562
take home,0.49347562
tonight,0.49347562
could paint,0.49344724
kid could,0.49344724
majesty secret,0.49344426
tox,0.49343872
see tox,0.49343872
eat pray,0.4934296
pray,0.4934296
pray love,0.4934296
bell st,0.49323884
st mary,0.49323884
killer tomato,0.4931538
attack killer,0.4931538
lead rome,0.49312195
road lead,0.49312195
meat train,0.49311918
midnight meat,0.49311918
ii quickening,0.49305144
highlander ii,0.49305144
quickening,0.49305144
georgy,0.49296445
georgy girl,0.49296445
pregnancy georgy,0.49296445
retribution,0.49294275
evil retribution,0.49294275
afterlife,0.49294275
evil afterlife,0.49294275
surreal weird,0.49293175
defiant one,0.49292266
racism defiant,0.49292266
defiant,0.49292266
five deadly,0.49291512
prince purple,0.49290583
purple rain,0.49290583
dark kumite,0.49287626
bloodsport dark,0.49287626
book candle,0.4928076
bell book,0.4928076
archaeology indiana,0.49277765
hang,0.49270228
hang em,0.49270228
undisputed iii,0.492611
iii redemption,0.492611
religion saved,0.49259084
pregnancy religion,0.49259084
need talk,0.49254188
talk kevin,0.49254188
fantastic beast,0.49251336
beast find,0.49251336
killing joke,0.49230742
batman killing,0.49230742
golden age,0.4923014
elizabeth golden,0.4923014
aka creeper,0.49229026
phenomenon aka,0.49229026
nun sister,0.49212897
baseball news,0.4920368
insomniac,0.49199367
dream insomniac,0.49199367
generation dream,0.49199367
journalism close,0.4919732
close personal,0.4919732
twin fall,0.4919377
fall idaho,0.4919377
pickup,0.4919324
pickup south,0.4919324
south street,0.4919324
top james,0.49192783
james stewart,0.49192783
titanic ghost,0.4918598
ghost abyss,0.4918598
cider,0.49181494
house rule,0.49181494
cider house,0.49181494
bowling,0.4917511
face dr,0.49168918
lao,0.49168918
dr lao,0.49168918
twist fate,0.4916679
simple twist,0.4916679
igby,0.49160728
igby go,0.49160728
adolescence igby,0.49160728
trial procs,0.49151984
procs le,0.49151984
procs,0.49151984
gu shi,0.49147558
cha gu,0.49147558
lawyer cape,0.4914245
get shorty,0.491373
hollywood get,0.491373
shorty,0.491373
cave forgotten,0.49128118
forgotten dream,0.49128118
destination final,0.49127102
earring,0.49126858
girl pearl,0.49126858
pearl earring,0.49126858
promesse,0.49125758
hate haine,0.49125758
collectionneuse,0.49125758
promise la,0.49125758
la collectionneuse,0.49125758
collector la,0.49125758
haine la,0.49125758
haine,0.49125758
la promesse,0.49125758
need mom,0.49120402
mar need,0.49120402
player one,0.4911991
ready player,0.4911991
dorado,0.49118844
road el,0.49118844
el dorado,0.49118844
spoof galaxy,0.49114403
galaxy terror,0.49114403
terror quest,0.49114403
galaxy quest,0.49114403
next cut,0.49105695
barbershop next,0.49105695
mockumentary mighty,0.49103785
mighty wind,0.49103785
hellraiser ii,0.49100617
hellbound hellraiser,0.49100617
damien,0.49100617
tremor ii,0.49100617
spawning,0.49100617
damien omen,0.49100617
ii aftershock,0.49100617
hellbound,0.49100617
ii spawning,0.49100617
omen ii,0.49100617
piranha ii,0.49100617
aftershock,0.49100617
oh hell,0.4909539
sharknado oh,0.4909539
batman mystery,0.4909323
batwoman,0.4909323
mystery batwoman,0.4909323
religion breaking,0.49089882
breaking wave,0.49089882
incredible mr,0.4908629
mr limpet,0.4908629
limpet,0.4908629
bottom sea,0.4908266
voyage bottom,0.4908266
green card,0.490804
immigrant green,0.490804
religion magdalene,0.49079546
magdalene,0.49079546
magdalene sister,0.49079546
beyond re,0.49079406
yongary monster,0.49070197
monster deep,0.49070197
yongary,0.49070197
pacino scarface,0.49069104
kong skull,0.49062237
skull island,0.49062237
oz great,0.49056914
great powerful,0.49056914
stop making,0.49055162
making sense,0.49055162
disability passion,0.49054512
impossible fallout,0.49054512
fallout,0.49054512
passion fish,0.49054512
ghost girlfriend,0.49051055
girlfriend past,0.49051055
all,0.4904915
star superman,0.4904915
all star,0.4904915
effect revelation,0.49048483
sorus,0.49048454
sorus voice,0.49048454
voice heart,0.49048454
trade center,0.49045256
fastest indian,0.49045256
fastest,0.49045256
trade,0.49045256
world fastest,0.49045256
world trade,0.49045256
love beth,0.49040183
beth cooper,0.49040183
tomorrow never,0.49039713
never dy,0.49039713
gotham knight,0.49038345
gotham,0.49038345
batman gotham,0.49038345
election year,0.4903385
purge election,0.4903385
bride re,0.49030915
falling cedar,0.49018073
hundred foot,0.4900234
foot journey,0.4900234
nina take,0.48999316
take lover,0.48999316
day resurgence,0.4899665
resurgence,0.4899665
dark territory,0.4899526
siege dark,0.4899526
territory,0.4899526
perfect shot,0.48995066
nowitzki,0.48995066
nowitzki perfect,0.48995066
midnight express,0.48986357
ruthless,0.4897704
kidnapping ruthless,0.4897704
ruthless people,0.4897704
ernest scared,0.48956963
scared stupid,0.48956963
florette,0.48949346
de florette,0.48949346
jean de,0.48949346
diseased,0.4894904
carlin diseased,0.4894904
queue pride,0.48934564
client,0.48926848
grisham client,0.48926848
joy luck,0.48914582
luck club,0.48914582
equanimity,0.4891215
chappelle equanimity,0.4891215
river edge,0.48911285
queue river,0.48911285
basketball hoop,0.48908186
hoop dream,0.48908186
snake moan,0.48906806
moan,0.48906806
black snake,0.48906806
ballet red,0.48905516
red shoe,0.48905516
jordan max,0.48903817
michael jordan,0.48903817
wolf vargtimmen,0.48901382
vargtimmen,0.48901382
hour wolf,0.48901382
trying break,0.4890017
break heart,0.4890017
devlin,0.48893753
max devlin,0.48893753
devil max,0.48893753
shot andy,0.48876026
nazi music,0.4887495
music box,0.4887495
forecaster la,0.48872626
weather forecaster,0.48872626
forecaster,0.48872626
adventure sebastian,0.48868564
cancer american,0.48868564
sebastian cole,0.48868564
american splendor,0.48868564
aka return,0.48865393
claymation christmas,0.4885529
christmas celebration,0.4885529
blew kid,0.48849946
blew,0.48849946
honey blew,0.48849946
india monsoon,0.48849612
monsoon wedding,0.48849612
monsoon,0.48849612
vega vacation,0.48848623
stop mom,0.4883371
mom shoot,0.4883371
wilbur want,0.4882851
wilbur,0.4882851
want kill,0.4882851
week end,0.48825353
business singin,0.4882148
brain wouldnt,0.4882148
singin,0.4882148
singin rain,0.4882148
wouldnt die,0.4882148
wouldnt,0.4882148
little toaster,0.48818952
brave little,0.48818952
toaster,0.48818952
rogers roberta,0.48815444
ck shameless,0.48815444
shameless,0.48815444
chewed,0.48815444
roberta,0.48815444
ck chewed,0.48815444
get loud,0.488141
might get,0.488141
plain drifter,0.48813915
gunfight high,0.48813915
high plain,0.48813915
gunfight,0.48813915
notice,0.4880914
two week,0.4880914
week notice,0.4880914
quiet western,0.48805252
western front,0.48805252
paper moon,0.48794535
queue paper,0.48794535
flying saucer,0.4879351
earth flying,0.4879351
saucer,0.4879351
mccabe mr,0.48777667
mr miller,0.48777667
mccabe,0.48777667
beyond pine,0.4876229
place beyond,0.4876229
pine,0.4876229
who harry,0.48757753
harry crumb,0.48757753
circuitry,0.48757598
living chemistry,0.48757598
chemistry,0.48757598
living circuitry,0.48757598
english reborn,0.487562
cabiria,0.48754644
forster room,0.4875406
room view,0.4875406
abominable dr,0.48749053
false,0.4874875
one false,0.4874875
false move,0.4874875
last enforcer,0.4873836
goon last,0.4873836
mouse secret,0.4872879
secret nimh,0.4872879
nimh,0.4872879
nothing untold,0.48725995
everything nothing,0.48725995
nazi great,0.48723215
great dictator,0.48723215
avp alien,0.4871295
avp,0.4871295
hick revelation,0.48710728
plane fire,0.48709598
fire rescue,0.48709598
spacecamp,0.48707795
space spacecamp,0.48707795
truman show,0.48707274
tv truman,0.48707274
hammett big,0.48707175
hammett,0.48707175
big sleep,0.48707175
humor gentleman,0.4870342
gentleman bronco,0.4870342
visiteurs le,0.48698917
professionnel,0.48698917
professional le,0.48698917
le professionnel,0.48698917
visitor visiteurs,0.48698917
visiteurs,0.48698917
primary color,0.4869878
primary,0.4869878
politics primary,0.4869878
du bi,0.48684207
pan hook,0.4868341
hook,0.4868341
sorority rising,0.4868341
neighbor sorority,0.4868341
monday october,0.48681358
first monday,0.48681358
vanya nd,0.4867674
vanya,0.4867674
five easy,0.4867653
easy piece,0.4867653
earl dying,0.4867448
dying girl,0.4867448
earl,0.4867448
train automobile,0.48671272
plane train,0.48671272
alice looking,0.48668477
looking glass,0.48668477
attack crab,0.4866684
crab monster,0.4866684
crab,0.4866684
saga eclipse,0.48663744
park hudson,0.4866158
hyde park,0.4866158
water adrift,0.48653674
adrift,0.48653674
knockin,0.48642778
knockin heaven,0.48642778
heaven door,0.48642778
shakespeare behind,0.48636267
behind bar,0.48636267
morgan creek,0.4863461
miracle morgan,0.4863461
fairlane,0.4863347
adventure ford,0.4863347
operation shuriks,0.4863347
shuriks,0.4863347
ford fairlane,0.4863347
shuriks adventure,0.4863347
politics terrorism,0.4863109
terrorism fahrenheit,0.4863109
mia go,0.48628446
mafia miller,0.4862097
iv oblivion,0.4862097
phantasm iv,0.4862097
miller crossing,0.4862097
friggin,0.48620388
merry friggin,0.48620388
friggin christmas,0.48620388
taxation,0.48619944
drug taxation,0.48619944
sex drug,0.48619944
come frogtown,0.4861093
hell come,0.4861093
frogtown,0.4861093
welcome dollhouse,0.48607108
dangerous liaison,0.48607108
adultery dangerous,0.48607108
adolescence welcome,0.48607108
general died,0.4859656
died dawn,0.4859656
risky business,0.48592687
risky,0.48592687
prostitution risky,0.48592687
samurai resurrection,0.48592106
lake missing,0.48586738
bunny lake,0.48586738
clock,0.48585662
safety last,0.48585662
clock safety,0.48585662
on curse,0.48585173
mr popper,0.48579606
popper penguin,0.48579606
popper,0.48579606
private benjamin,0.48572934
military private,0.48572934
wrong number,0.48561576
sorry wrong,0.48561576
retaliation,0.4855829
joe retaliation,0.4855829
queue lone,0.48558217
lone star,0.48558217
quirky moonrise,0.4855759
moonrise,0.4855759
moonrise kingdom,0.4855759
new testament,0.48551434
brand new,0.48551434
low dirty,0.48549432
supermanbatman,0.48549432
dirty shame,0.48549432
supermanbatman public,0.48549432
killed electric,0.48548803
electric car,0.48548803
cinaga la,0.4854265
swamp cinaga,0.4854265
escort scorta,0.4854265
cinaga,0.4854265
scorta la,0.4854265
scorta,0.4854265
vita la,0.4854265
dolce,0.4854265
dolce vita,0.4854265
bill cosby,0.48539433
age ultron,0.48539433
ultron,0.48539433
avenger age,0.48539433
cosby,0.48539433
animal secondhand,0.48539433
stand bill,0.48539433
secondhand,0.48539433
secondhand lion,0.48539433
xxl,0.48532963
steamboat bill,0.48532963
bill jr,0.48532963
mike xxl,0.48532963
devil advocate,0.4852563
lawyer devil,0.4852563
advocate,0.4852563
money money,0.4852175
laventure,0.4852175
pirate band,0.48521447
band misfit,0.48521447
take job,0.48514757
job shove,0.48514757
shove,0.48514757
robe,0.48514667
black robe,0.48514667
intense dont,0.48511925
dont breathe,0.48511925
queue history,0.48509863
history violence,0.48509863
dancer texas,0.4849026
texas pop,0.4849026
fatherhood great,0.48490202
great santini,0.48490202
santini,0.48490202
men stare,0.48482996
stare goat,0.48482996
stare,0.48482996
door nuovomondo,0.48482722
giant peach,0.48482722
golden door,0.48482722
james giant,0.48482722
peach,0.48482722
nuovomondo,0.48482722
start revolution,0.48476273
golden circle,0.48476273
revolution without,0.48476273
kingsman golden,0.48476273
fantasy magic,0.48456633
hello broadway,0.4845423
oh hello,0.4845423
sexuality butterfly,0.48441547
japan sexuality,0.48441547
string samurai,0.48440775
six string,0.48440775
metallica,0.48440203
metallica kind,0.48440203
kind monster,0.48440203
enjoyable,0.4842958
meet dave,0.4842958
enjoyable meet,0.4842958
room romeo,0.48426464
romeo brass,0.48426464
osiris,0.48426297
flight osiris,0.48426297
final flight,0.48426297
heist boring,0.4841552
boring score,0.4841552
ricordati di,0.4841205
remember ricordati,0.4841205
ricordati,0.4841205
galactica plan,0.4840799
fatherhood return,0.48406076
return vozvrashcheniye,0.48406076
vozvrashcheniye,0.48406076
woman influence,0.48402295
queue woman,0.48402295
pet force,0.48388955
garfield pet,0.48388955
jack jack,0.4838889
jack attack,0.4838889
dressing victorvictoria,0.48382276
victorvictoria,0.48382276
family robinson,0.48381123
swiss family,0.48381123
corbeau le,0.48372424
diaboliques,0.48372424
closet placard,0.48372424
choristes le,0.48372424
chorus choristes,0.48372424
placard,0.48372424
diabolique le,0.48372424
placard le,0.48372424
le diaboliques,0.48372424
choristes,0.48372424
le raven,0.48372424
corbeau,0.48372424
bart got,0.48370403
got room,0.48370403
bart,0.48370403
revenge trickster,0.48367107
trickster,0.48367107
flash revenge,0.48367107
versus volcano,0.48362878
joe versus,0.48362878
midnight clear,0.4835878
bare,0.48354128
jefferies freedumb,0.48354128
jefferies bare,0.48354128
freedumb,0.48354128
politics weather,0.48353308
weather underground,0.48353308
requiem heavyweight,0.48350483
fast cheap,0.48350483
boxing requiem,0.48350483
cheap control,0.48350483
winter light,0.48344973
deer hunter,0.48344973
nattvardsgsterna,0.48344973
light nattvardsgsterna,0.48344973
vietnam deer,0.48344973
deer,0.48344973
ii patton,0.48337317
whasango,0.4833478
volcano high,0.4833478
high whasango,0.4833478
ordet word,0.4833247
religion ordet,0.4833247
ordet,0.4833247
farscape,0.48323584
peacekeeper war,0.48323584
farscape peacekeeper,0.48323584
disgraceful,0.48311812
segura disgraceful,0.48311812
remade born,0.4830444
born yesterday,0.4830444
lady detective,0.48303106
detective agency,0.48303106
agency,0.48303106
tender mercy,0.4830062
music tender,0.4830062
wave welle,0.4829322
welle die,0.4829322
orca killer,0.4829322
welle,0.4829322
orca,0.4829322
killer whale,0.4829322
dc comic,0.48283455
assassination taxi,0.4828013
budapest hotel,0.4828013
grand budapest,0.4828013
taxi driver,0.4828013
happened miss,0.48278746
miss simone,0.48278746
brief encounter,0.48277366
adultery brief,0.48277366
every way,0.4827181
way loose,0.4827181
according garp,0.48270682
garp,0.48270682
world according,0.48270682
crimson tide,0.4826357
submarine crimson,0.4826357
kizumonogatari part,0.48262188
tekketsu,0.48262188
part tekketsu,0.48262188
gold rush,0.48260686
mining,0.48260686
mining gold,0.48260686
chain gang,0.48243064
fugitive chain,0.48243064
sharknado th,0.4824189
th awakens,0.4824189
movie state,0.48234594
fall yet,0.48234594
transformer age,0.48234594
state main,0.48234594
age extinction,0.48234594
daria fall,0.48234594
quiz,0.48231244
quiz show,0.48231244
tv quiz,0.48231244
madagascar europe,0.4823054
europe wanted,0.4823054
attack giant,0.482275
leech,0.482275
giant leech,0.482275
hope glory,0.48226437
queue hope,0.48226437
buster mal,0.4822478
mal,0.4822478
mal heart,0.4822478
ringu ring,0.48214144
mafia married,0.48214144
married mob,0.48214144
present grandpa,0.48214144
television ringu,0.48214144
jackass present,0.48214144
eggroll,0.48206902
get eggroll,0.48206902
six get,0.48206902
heavenly creature,0.4820372
australia heavenly,0.4820372
feature godzilla,0.4820372
creature feature,0.4820372
supporting,0.48199716
supporting actress,0.48199716
best supporting,0.48199716
jack flash,0.48196286
jumpin,0.48196286
jumpin jack,0.48196286
waverly,0.48196158
waverly place,0.48196158
wizard waverly,0.48196158
emotional sexuality,0.48196158
intouchables,0.48196158
sexuality intouchables,0.48196158
de dr,0.48179922
back perfection,0.4817767
tremor back,0.4817767
perfection,0.4817767
metal headbangers,0.4815727
headbangers journey,0.4815727
headbangers,0.4815727
stiller wedding,0.48143533
wedding crasher,0.48143533
crasher,0.48143533
baker,0.48138675
baker boy,0.48138675
julien donkey,0.48138675
fabulous baker,0.48138675
donkey boy,0.48138675
julien,0.48138675
highlander search,0.48127964
search vengeance,0.48127964
whats tiger,0.48125377
tiger lily,0.48125377
shattered glass,0.4811941
ireland michael,0.4811941
michael collins,0.4811941
journalism shattered,0.4811941
hare hunt,0.4811268
affleck daredevil,0.4811268
dragonheart sorcerer,0.4811268
daredevil,0.4811268
sorcerer curse,0.4811268
porkys hare,0.4811268
turn radio,0.4810763
nine yard,0.4810763
destiny turn,0.4810763
whole nine,0.4810763
murphy delirious,0.48106378
runner atanarjuat,0.4810363
destroyed,0.4810363
frankenstein must,0.4810363
must destroyed,0.4810363
atanarjuat,0.4810363
fast runner,0.4810363
picture dorian,0.48101175
lawyer legally,0.48096743
love phillip,0.48082817
muy love,0.48082817
morris,0.48082817
phillip,0.48082817
tenchi muy,0.48082817
tenchi,0.48082817
phillip morris,0.48082817
muy,0.48082817
batch,0.48079914
new batch,0.48079914
gremlin new,0.48079914
music greatest,0.48073593
greatest showman,0.48073593
showman,0.48073593
valet la,0.4807138
irma,0.4807138
valet,0.4807138
irma la,0.4807138
la doublure,0.4807138
la douce,0.4807138
doublure,0.4807138
douce,0.4807138
kubo two,0.480701
kubo,0.480701
tale underground,0.480701
subwaystories tale,0.480701
subwaystories,0.480701
two string,0.480701
elmo grouchland,0.48067516
pluto nash,0.48067516
nash,0.48067516
adventure pluto,0.48067516
grouchland,0.48067516
huck finn,0.48067516
adventure huck,0.48067516
finn,0.48067516
adventure elmo,0.48067516
power goldmember,0.48066038
goldmember,0.48066038
floyd,0.4806441
pink floyd,0.4806441
floyd wall,0.4806441
despite falling,0.48061976
despite,0.48061976
falling snow,0.48061976
india born,0.4805079
brothel,0.4805079
born brothel,0.4805079
xxx state,0.4804305
state union,0.4804305
lord lantern,0.4804305
lantern budapest,0.4804305
wholl stop,0.48034346
wholl,0.48034346
stop rain,0.48034346
tension sicario,0.48028907
atmospheric tension,0.48028907
sicario,0.48028907
voltage,0.48015508
crank high,0.48015508
high voltage,0.48015508
cadavra,0.48007405
lost skeleton,0.48007405
skeleton cadavra,0.48007405
firefly light,0.48006922
forest firefly,0.48006922
sex lie,0.4800692
videotape,0.4800692
charity,0.4800692
lie videotape,0.4800692
sweet charity,0.4800692
prostitution sweet,0.4800692
leg tail,0.47990927
wing leg,0.47990927
super ex,0.4798637
ex girlfriend,0.4798637
prince tide,0.4798637
psychiatrist prince,0.4798637
missionary priest,0.47985762
priest mission,0.47985762
punishment suburbia,0.47985253
crime punishment,0.47985253
punishment,0.47985253
christ superstar,0.4798012
cold creek,0.47979292
creek manor,0.47979292
lycans,0.47979292
underworld rise,0.47979292
manor,0.47979292
rise lycans,0.47979292
snl night,0.4797774
night roxbury,0.4797774
roxbury,0.4797774
snl,0.4797774
birth legend,0.47962412
pel,0.47962412
pel birth,0.47962412
shaker height,0.4795854
battle shaker,0.4795854
shaker,0.4795854
lorax,0.47953776
seuss lorax,0.47953776
hollywood chainsaw,0.4794802
hooker,0.4794802
chainsaw hooker,0.4794802
shrugged part,0.47944343
shrugged,0.47944343
atlas shrugged,0.47944343
waking ned,0.4794423
besieged aka,0.47942954
aka assedio,0.47942954
assedio,0.47942954
besieged,0.47942954
cretaceous,0.47938845
back cretaceous,0.47938845
rex back,0.47938845
getting married,0.47937682
gift shop,0.47937682
exit gift,0.47937682
rachel getting,0.47937682
broken flower,0.47934258
queue left,0.47934258
left foot,0.47934258
queue broken,0.47934258
holocaust paper,0.47931823
knocking,0.47931823
paper clip,0.47931823
knocking door,0.47931823
who knocking,0.47931823
clip,0.47931823
space travel,0.47920528
devil daniel,0.47919756
johnston,0.47919756
daniel johnston,0.47919756
gary,0.47914773
yamato,0.479145
battleship yamato,0.479145
space battleship,0.479145
wandafuru,0.4791361
wandafuru raifu,0.4791361
life emile,0.4791361
life wandafuru,0.4791361
zola,0.4791361
raifu,0.4791361
emile,0.4791361
emile zola,0.4791361
ruffalo going,0.4790683
tenant locataire,0.4790605
pp le,0.4790605
tenant,0.4790605
mpris le,0.4790605
mpris,0.4790605
carabinier,0.4790605
carabinier le,0.4790605
dcole,0.4790605
carabineer,0.4790605
moko,0.4790605
pp,0.4790605
le moko,0.4790605
godson,0.4790605
locataire,0.4790605
locataire le,0.4790605
contempt mpris,0.4790605
chabert,0.4790605
le godson,0.4790605
le matre,0.4790605
matre dcole,0.4790605
chabert le,0.4790605
carabineer carabinier,0.4790605
contempt,0.4790605
colonel chabert,0.4790605
samoura,0.4790605
samoura le,0.4790605
colonel,0.4790605
matre,0.4790605
snowflake,0.47897813
lair white,0.47897813
white gorilla,0.47897813
white worm,0.47897813
lair,0.47897813
snowflake white,0.47897813
trippy,0.4789223
cusack identity,0.4788496
cusack,0.4788496
john cusack,0.4788496
cool dry,0.47884735
dry,0.47884735
dry place,0.47884735
palm,0.47884735
palm beach,0.47884735
screwball palm,0.47884735
think straight,0.47882065
even dad,0.47882065
cant think,0.47882065
daniel butler,0.47882065
lee daniel,0.47882065
getting even,0.47882065
shakespeare merchant,0.4787067
merchant venice,0.4787067
merchant,0.4787067
bale yuma,0.47863352
milagro,0.47858608
beanfield,0.47858608
beanfield war,0.47858608
hurt locker,0.47858608
hurt,0.47858608
milagro beanfield,0.47858608
locker,0.47858608
war hurt,0.47858608
silicon,0.47857055
legal eagle,0.47857055
silicon valley,0.47857055
legal,0.47857055
lawyer legal,0.47857055
pirate silicon,0.47857055
waak,0.47829303
gai waak,0.47829303
fried green,0.4782906
green tomato,0.4782906
queue tokyo,0.47818208
tokyo godfather,0.47818208
ship mutiny,0.4781576
abiding,0.4781505
abiding citizen,0.4781505
law abiding,0.4781505
adultery fatal,0.47800305
fatal attraction,0.47800305
ferngully,0.47798225
last rainforest,0.47798225
rainforest,0.47798225
ferngully last,0.47798225
richard nixon,0.47797757
assassination richard,0.47797757
murphy raw,0.4779158
shi shei,0.47786105
shei,0.47786105
wo shi,0.47786105
fighting thor,0.4778169
stage fright,0.4778169
thor mockumentary,0.4778169
theater stage,0.4778169
gillian,0.47779244
th birthday,0.47779244
gillian th,0.47779244
smillas sense,0.47772157
state leland,0.47772157
smillas,0.47772157
united state,0.47772157
leland,0.47772157
sense snow,0.47772157
return secaucus,0.47755164
queue return,0.47755164
secaucus,0.47755164
surfing riding,0.47752026
riding giant,0.47752026
tre et,0.47749022
avoir,0.47749022
et avoir,0.47749022
came polly,0.47738868
polly,0.47738868
byatt book,0.477361
book possession,0.477361
byatt,0.477361
belleville,0.47734296
comme,0.4772801
comme un,0.4772801
un chef,0.4772801
tokyo tky,0.47723612
tky monogatari,0.47723612
werewolf ginger,0.47705382
dear frankie,0.47702387
farewell flesh,0.47702387
candyman farewell,0.47702387
baseball sport,0.47702387
sport natural,0.47702387
ireland dear,0.47702387
spaghetti western,0.47694033
spaghetti,0.47694033
wear prada,0.47684723
devil wear,0.47684723
prada,0.47684723
vampire motorcycle,0.47680402
bought vampire,0.47680402
nell,0.47660983
twin nell,0.47660983
disability twin,0.47660983
oncle uncle,0.47659904
bridge madison,0.4764253
missionary african,0.4764253
madison county,0.4764253
african queen,0.4764253
romance titanic,0.47636193
shipwreck,0.47636193
shipwreck romance,0.47636193
assassin samurai,0.4761497
samurai assassin,0.4761497
adultery english,0.4761089
english patient,0.4761089
patient,0.4761089
adventure baron,0.47609824
munchausen,0.47609824
idolatry restrepo,0.47609824
adventure sharkboy,0.47609824
sharkboy lavagirl,0.47609824
comedy strict,0.47609824
sharkboy,0.47609824
american idolatry,0.47609824
restrepo,0.47609824
idolatry,0.47609824
baron,0.47609824
strict,0.47609824
strict regime,0.47609824
baron munchausen,0.47609824
regime,0.47609824
lavagirl,0.47609824
strawberry smultronstllet,0.4760343
wild strawberry,0.4760343
smultronstllet,0.4760343
trial henry,0.47598094
regarding,0.47598094
henry kissinger,0.47598094
kissinger,0.47598094
regarding henry,0.47598094
amnesia regarding,0.47598094
taming shrew,0.47594047
emily rose,0.47594047
shakespeare taming,0.47594047
exorcism emily,0.47594047
london fog,0.47584853
lodger,0.47584853
lodger london,0.47584853
night part,0.47579032
arkham,0.47576934
assault arkham,0.47576934
juli,0.47576934
batman assault,0.47576934
july im,0.47576934
im juli,0.47576934
screwball awful,0.47571498
legged,0.47571498
awful truth,0.47571498
legged freak,0.47571498
awful,0.47571498
eight legged,0.47571498
stallion cimarron,0.4756451
spirit stallion,0.4756451
ii enigma,0.475617
enigma,0.475617
teaching,0.47559285
teaching mr,0.47559285
peabody sherman,0.47559285
mr tingle,0.47559285
peabody,0.47559285
rebecca,0.47559285
sherman,0.47559285
mr peabody,0.47559285
dewinter,0.47559285
mr dewinter,0.47559285
tingle,0.47559285
dewinter rebecca,0.47559285
madonna truth,0.47553146
truth dare,0.47553146
nudity proof,0.47548673
notable nudity,0.47548673
casper meet,0.47547093
walk among,0.47547093
meet wendy,0.47547093
among tombstone,0.47547093
teddy bear,0.4753097
miller crucible,0.4753097
arthur miller,0.4753097
crucible,0.4753097
teddy,0.4753097
bear mi,0.4753097
so called,0.47524896
called disaster,0.47524896
farewell arm,0.47524896
hitchhiker guide,0.47524896
hemingway farewell,0.47524896
hitchhiker,0.47524896
creature comfort,0.47524896
aardman creature,0.47524896
mood,0.47522444
glide blue,0.4751866
turner,0.4751866
turner hooch,0.4751866
glide,0.4751866
dog turner,0.4751866
electra,0.4751866
hooch,0.4751866
electra glide,0.4751866
ten yard,0.4751709
whole ten,0.4751709
live huozhe,0.47512072
huozhe,0.47512072
queue live,0.47512072
aguirre,0.47507203
pax,0.47499293
psychiatrist pax,0.47499293
alien psychiatrist,0.47499293
rogan triggered,0.4749723
triggered,0.4749723
nightmare nightmare,0.4749022
street part,0.4749022
part freddys,0.4749022
broadcast,0.4747544
journalism broadcast,0.4747544
broadcast news,0.4747544
snap unleashed,0.47473475
get ahead,0.47470784
ahead advertising,0.47470784
advertising,0.47470784
battle royale,0.4745487
batoru rowaiaru,0.4745487
rowaiaru,0.4745487
remember mama,0.4745367
motherhood remember,0.4745367
smell success,0.4744409
sweet smell,0.4744409
libre et,0.47441143
assoupi,0.47441143
et assoupi,0.47441143
zeitgeist moving,0.47416514
moving forward,0.47416514
beach memoir,0.47414005
raging bull,0.47414005
raging,0.47414005
brighton,0.47414005
brighton beach,0.47414005
boxing raging,0.47414005
fourth july,0.4741153
born fourth,0.4741153
italy enchanted,0.47411412
enchanted april,0.47411412
dylan moran,0.47410274
moran,0.47410274
moran monster,0.47410274
queue duma,0.47406483
animal netflix,0.47406483
kombat annihilation,0.47398344
on grudge,0.47398344
judd,0.47396424
apatow return,0.47396424
apatow,0.47396424
judd apatow,0.47396424
college yet,0.47395405
daria college,0.47395405
pageant miss,0.47387236
pageant,0.47387236
squid whale,0.47378317
talking fish,0.47378317
divorce squid,0.47378317
wow,0.47378317
wow talking,0.47378317
squid,0.47378317
playground,0.4737808
amish devil,0.4737808
devil playground,0.4737808
needed,0.47365922
letter iwo,0.47365588
swashbuckler mark,0.47365156
mark zorro,0.47365156
queue steal,0.47363168
steal million,0.47363168
roan inish,0.4736207
roan,0.4736207
inish,0.4736207
secret roan,0.4736207
hit bank,0.4735976
vabank,0.4735976
bank vabank,0.4735976
knight valour,0.4735587
valour,0.4735587
justin knight,0.4735587
clan,0.47347656
cave bear,0.47347656
dirty laundry,0.47347656
punisher dirty,0.47347656
laundry,0.47347656
clan cave,0.47347656
unauthorized saved,0.4734165
speed cruise,0.4734165
unauthorized,0.4734165
cruise control,0.4734165
hilarious steve,0.47317594
inspired true,0.47309253
inspired,0.47309253
core logo,0.47309253
dreamer inspired,0.47309253
hawaii,0.47309253
hard ticket,0.47309253
ticket hawaii,0.47309253
true underdog,0.47309253
jack whitehall,0.47309253
dodgeball,0.47309253
dodgeball true,0.47309253
logo,0.47309253
whitehall large,0.47309253
hard core,0.47309253
whitehall,0.47309253
two nought,0.47307074
zed,0.47307074
nought,0.47307074
zed two,0.47307074
final conflict,0.47306502
conflict,0.47306502
anchorman,0.47296
anchorman legend,0.47296
ferrell anchorman,0.47296
semitism crossfire,0.47287905
tolstoy,0.47287905
crossfire,0.47287905
tolstoy anna,0.47287905
guide cinema,0.47277564
dudley do,0.47275582
australia danny,0.47275582
danny deckchair,0.47275582
dudley,0.47275582
do right,0.47275582
deckchair,0.47275582
elmo puppeteer,0.4727235
august moon,0.4727235
teahouse,0.4727235
puppeteer journey,0.4727235
puppeteer,0.4727235
teahouse august,0.4727235
jade scorpion,0.47260162
curse jade,0.47260162
et oblix,0.4725555
izzard glorious,0.4725419
stepmother,0.47251362
stepmother alien,0.47251362
alien stepmother,0.47251362
lesbian gia,0.47246853
minority report,0.47246853
gia,0.47246853
minority,0.47246853
future minority,0.47246853
drug lesbian,0.47246853
ogre unhold,0.47233576
buffy vampire,0.47233576
unhold,0.47233576
vampire slayer,0.47233576
buffy,0.47233576
unhold der,0.47233576
fight finish,0.4723161
happen,0.4723161
could happen,0.4723161
bring fight,0.4723161
freak edward,0.4723161
edward scissorhands,0.4723161
gambling could,0.4723161
finish,0.4723161
scissorhands,0.4723161
phone booth,0.472262
marion cotillard,0.472262
booth,0.472262
cotillard,0.472262
cotillard year,0.472262
zhong,0.472262
zhong zu,0.472262
zu,0.472262
phone,0.472262
crime phone,0.472262
marion,0.472262
crime zhong,0.472262
crow wicked,0.47213647
wicked prayer,0.47213647
vance,0.47204423
bagger vance,0.47204423
legend bagger,0.47204423
bagger,0.47204423
ryans express,0.47196755
von ryans,0.47196755
ryans,0.47196755
rock roll,0.47192737
gattopardo,0.47192737
gattopardo il,0.47192737
tarnation,0.47192737
leopard gattopardo,0.47192737
prey,0.47192737
psychology tarnation,0.47192737
prey rock,0.47192737
parenthood psychology,0.47192737
hire,0.47182882
gun hire,0.47182882
queue gun,0.47182882
blackadder,0.47181955
blackadder back,0.47181955
back forth,0.47181955
forth,0.47181955
galactica razor,0.47170863
appealing visually,0.4714514
boudu,0.47141895
european vacation,0.47138536
flick,0.4713141
chick flick,0.4713141
head duffel,0.47120902
pauper,0.47120902
dirty rotten,0.47120902
christina mother,0.47120902
mario,0.47120902
mario bros,0.47120902
rotten scoundrel,0.47120902
duffel,0.47120902
inferior,0.47120902
mother inferior,0.47120902
super mario,0.47120902
mickey prince,0.47120902
rotten,0.47120902
prince pauper,0.47120902
duffel bag,0.47120902
divorce gay,0.47110096
files want,0.47110096
gay divorcee,0.47110096
want believe,0.47110096
counterfeiter,0.47109914
counterfeiter die,0.47109914
barton fink,0.47109914
koroshiya,0.47109914
flscher,0.47109914
killer koroshiya,0.47109914
die flscher,0.47109914
barton,0.47109914
ichi,0.47109914
fink,0.47109914
ichi killer,0.47109914
business barton,0.47109914
meet wally,0.4710397
wally spark,0.4710397
wally,0.4710397
winner,0.47085887
jiro,0.47084183
dream sushi,0.47084183
sushi,0.47084183
jiro dream,0.47084183
blowup,0.47082385
blow up,0.47082385
up blowup,0.47082385
block party,0.47077492
operation dumbo,0.47064596
dumbo drop,0.47064596
queue call,0.47060847
call northside,0.47060847
northside,0.47060847
york city,0.4705944
companion,0.47057492
prairie,0.47057492
prairie home,0.47057492
home companion,0.47057492
paul giamatti,0.4704997
giamatti,0.4704997
shake barley,0.47049856
barley,0.47049856
wind shake,0.47049856
illness psychology,0.4703966
intimate,0.47037846
oklahoma,0.47023672
hammerstein oklahoma,0.47023672
pelican,0.47013128
pelican brief,0.47013128
lawyer pelican,0.47013128
queue odd,0.47008675
body rest,0.47003815
rest,0.47003815
rest motion,0.47003815
pork chop,0.47000948
chop,0.47000948
pork,0.47000948
chop hill,0.47000948
tin cup,0.46988803
rim uprising,0.46988803
uprising,0.46988803
golf tin,0.46988803
never say,0.46983653
say never,0.46983653
bradbury fahrenheit,0.46978658
shade grey,0.46978658
crusoe mar,0.46972153
crusoe,0.46972153
robinson crusoe,0.46972153
doctor parnassus,0.4697093
efter brylluppet,0.4697093
efter,0.4697093
brylluppet,0.4697093
imaginarium doctor,0.4697093
parnassus,0.4697093
imaginarium,0.4697093
wedding efter,0.4697093
ending planet,0.46968132
hellboy seed,0.46959326
seed creation,0.46959326
hector search,0.4695647
search happiness,0.4695647
hector,0.4695647
vinny,0.46948528
hunter trolljegeren,0.46948528
court cousin,0.46948528
cousin vinny,0.46948528
troll hunter,0.46948528
trolljegeren,0.46948528
sundown,0.4693962
nasu summer,0.4693962
town dreaded,0.4693962
nasu,0.4693962
dreaded sundown,0.4693962
dreaded,0.4693962
summer andalusia,0.4693962
andalusia,0.4693962
mayor sunset,0.46927473
mayor,0.46927473
freddy got,0.46927473
got fingered,0.46927473
hardly,0.46904194
writing finding,0.46904194
finding forrester,0.46904194
forrester,0.46904194
cant hardly,0.46904194
hardly wait,0.46904194
award,0.46890152
donnie brasco,0.4688911
mafia donnie,0.4688911
brasco,0.4688911
military caine,0.46886486
charlie lonesome,0.46886486
ooops noah,0.46886486
caine,0.46886486
lonesome cougar,0.46886486
ooops,0.46886486
caine mutiny,0.46886486
noah gone,0.46886486
cougar,0.46886486
lisa smile,0.46873966
insider,0.46872684
tobacco,0.46872684
tobacco true,0.46872684
true insider,0.46872684
pearl jam,0.46841866
jam twenty,0.46841866
natty gann,0.46836793
natty,0.46836793
gann,0.46836793
da geht,0.46836793
bin jip,0.46836793
bin,0.46836793
noch,0.46836793
jip,0.46836793
iron bin,0.46836793
geht,0.46836793
journey natty,0.46836793
geht noch,0.46836793
messenger joan,0.46801636
chongs smoke,0.46801636
motherhood mildred,0.46801636
der herr,0.4679908
downfall,0.4679908
untergang,0.4679908
ewoks,0.4679908
downfall untergang,0.4679908
untergang der,0.4679908
battle endor,0.4679908
endor,0.4679908
herr,0.4679908
herr karl,0.4679908
karl,0.4679908
ewoks battle,0.4679908
mystery twist,0.4679438
virgin spring,0.46791124
spring jungfrukllan,0.46791124
veggietales,0.46791124
librarian quest,0.46791124
stanford prison,0.46791124
running empty,0.46791124
jungfrukllan,0.46791124
hippy running,0.46791124
hippy,0.46791124
stanford,0.46791124
spear,0.46791124
jonah veggietales,0.46791124
quest spear,0.46791124
prison experiment,0.46791124
bible jonah,0.46791124
downbeat,0.46772796
il castrato,0.46759358
corelli,0.46759358
corelli mandolin,0.46759358
md,0.46759358
captain corelli,0.46759358
captain newman,0.46759358
zohan,0.46759358
un prophte,0.46759358
mandolin,0.46759358
farinelli il,0.46759358
farinelli,0.46759358
conformist,0.46759358
prophet,0.46759358
prophet un,0.46759358
prophte,0.46759358
newman md,0.46759358
newman,0.46759358
mess zohan,0.46759358
dont mess,0.46759358
conformista,0.46759358
conformista il,0.46759358
mess,0.46759358
conformist conformista,0.46759358
castrato,0.46759358
staying,0.46755224
staying alive,0.46755224
mm staying,0.46755224
king dead,0.46746042
horror dracula,0.46743166
dracula dracula,0.46743166
loss sexual,0.46738082
squeakquel,0.46738082
sexual innocence,0.46738082
chipmunk squeakquel,0.46738082
chipwrecked,0.46738082
chipmunk chipwrecked,0.46738082
ewok,0.46737716
ewok adventure,0.46737716
young poisoner,0.46717417
handbook,0.46717417
poisoner,0.46717417
poisoner handbook,0.46717417
seven henchman,0.46717417
henchman,0.46717417
ryuzo,0.46717417
ryuzo seven,0.46717417
queue twentieth,0.4671481
oncle damrique,0.4669531
pour elle,0.4669531
anything pour,0.4669531
damrique,0.4669531
demon lover,0.46688774
demon demon,0.46688774
serenity,0.46683723
disability spiral,0.46683723
spiral staircase,0.46683723
predictable firefly,0.46683723
staircase,0.46683723
firefly serenity,0.46683723
lodging,0.46678966
wheres car,0.46678966
gas food,0.46678966
food lodging,0.46678966
dude,0.46678966
dude wheres,0.46678966
carnosaur primal,0.4666638
primal specie,0.4666638
wake ron,0.4666638
wake,0.4666638
pronounce chuck,0.46634704
chuck larry,0.46634704
pronounce,0.46634704
last jedi,0.46630195
old skool,0.46625844
eighty,0.46625844
nineteen,0.46625844
nineteen eighty,0.46625844
kickin old,0.46625844
orfanato,0.46625844
eighty four,0.46625844
skool,0.46625844
orphanage orfanato,0.46625844
kickin,0.46625844
orphanage,0.46625844
orfanato el,0.46625844
run lola,0.46620128
criticism,0.4660341
unsinkable molly,0.4659489
molly brown,0.4659489
unsinkable,0.4659489
incident loch,0.46582603
double indemnity,0.4657557
insurance double,0.4657557
pond,0.4657557
golden pond,0.4657557
indemnity,0.4657557
insurance,0.4657557
aging,0.4657557
aging golden,0.4657557
ong,0.465658
bak,0.465658
ong bak,0.465658
america civil,0.46564347
firework hana,0.4656097
malibu bikini,0.4656097
malibu,0.4656097
jeff dunham,0.4656097
hana,0.4656097
sartana,0.4656097
dunham,0.4656097
dunham map,0.4656097
bikini shop,0.4656097
hana bi,0.4656097
trinity sartana,0.4656097
sartana coming,0.4656097
robot sci,0.46555862
shepherd border,0.46551096
ideology,0.46551096
border patrol,0.46551096
guide ideology,0.46551096
ball battle,0.46546984
battle god,0.46546984
philosophical poignant,0.4654187
court breaker,0.4652178
crichton congo,0.4652178
crichton,0.4652178
belinda,0.4652178
morant,0.4652178
johnny belinda,0.4652178
deafness,0.4652178
deafness johnny,0.4652178
breaker morant,0.4652178
breaker,0.4652178
congo,0.4652178
michael crichton,0.4652178
long shot,0.46502417
sukiyaki,0.46501294
billy elliot,0.46501294
birdemic shock,0.46501294
spoof airplane,0.46501294
ballet billy,0.46501294
birdemic,0.46501294
western django,0.46501294
elliot,0.46501294
sukiyaki western,0.46501294
aviation spoof,0.46501294
shock terror,0.46501294
aviation,0.46501294
queue browning,0.46496987
cop ii,0.4646456
sonnenallee,0.4646397
blanket,0.4646397
bingo,0.4646397
blanket bingo,0.4646397
sun alley,0.4646397
beach blanket,0.4646397
alley sonnenallee,0.4646397
alley,0.4646397
waiting guffman,0.4646153
guffman,0.4646153
mockumentary waiting,0.4646153
immortal beloved,0.4644923
beethoven immortal,0.4644923
africa africa,0.46448806
adultery africa,0.46448806
rose red,0.4641908
king rose,0.4641908
bleak midwinter,0.46417993
decent criminal,0.46417993
theater bleak,0.46417993
northman,0.46417993
viking saga,0.46417993
sport jerry,0.46417993
spelling,0.46417993
spelling bee,0.46417993
ordinary decent,0.46417993
jerry maguire,0.46417993
midwinter,0.46417993
maguire,0.46417993
bee spellbound,0.46417993
northman viking,0.46417993
decent,0.46417993
everything illuminated,0.46416125
queue everything,0.46416125
illuminated,0.46416125
christmas tale,0.46415773
gaffigan cinco,0.46401525
holocaust sophies,0.46401525
rwanda,0.46401525
gaffigan,0.46401525
hotel rwanda,0.46401525
sophies choice,0.46401525
footage,0.46401525
unedited,0.46401525
unedited footage,0.46401525
genocide,0.46401525
footage bear,0.46401525
choice,0.46401525
jim gaffigan,0.46401525
genocide hotel,0.46401525
cinco,0.46401525
sophies,0.46401525
book hugh,0.46388322
matchmaker hello,0.46378848
herbie fully,0.46378848
hello dolly,0.46378848
yellow ribbon,0.46378848
fully loaded,0.46378848
wore yellow,0.46378848
king cat,0.46340635
cat eye,0.46340635
alice neco,0.4633368
alenky,0.4633368
topzu,0.4633368
paprika,0.4633368
dreamlike paprika,0.4633368
tokyo decadence,0.4633368
aparajito,0.4633368
papurika,0.4633368
paprika papurika,0.4633368
neco,0.4633368
lover leaver,0.4633368
leaver,0.4633368
leaver kuutamolla,0.4633368
neco alenky,0.4633368
decadence,0.4633368
unvanquished aparajito,0.4633368
unvanquished,0.4633368
decadence topzu,0.4633368
kuutamolla,0.4633368
india unvanquished,0.4633368
long island,0.4628767
death long,0.4628767
halloween resurrection,0.46282265
resurrection halloween,0.46282265
alternate reality,0.46275383
mega shark,0.46275368
avenue,0.46275368
crocosaurus,0.46275368
simpson longest,0.46275368
dallas forty,0.46275368
golfing pushing,0.46275368
golfing,0.46275368
happened fifth,0.46275368
columbus,0.46275368
columbus discovery,0.46275368
christopher columbus,0.46275368
dominion prequel,0.46275368
dominion,0.46275368
longest daycare,0.46275368
forty,0.46275368
prequel exorcist,0.46275368
north dallas,0.46275368
shark crocosaurus,0.46275368
pushing tin,0.46275368
daycare,0.46275368
fifth avenue,0.46275368
food simply,0.46259463
fisshu sutr,0.46259463
irresistible,0.46259463
fisshu,0.46259463
timecrimes cronocrmenes,0.46259463
cronocrmenes,0.46259463
simply irresistible,0.46259463
simply,0.46259463
cronocrmenes los,0.46259463
brandon teena,0.46259463
fish fisshu,0.46259463
antonias,0.46259463
teena,0.46259463
sexuality brandon,0.46259463
antonias line,0.46259463
timecrimes,0.46259463
antonia,0.46259463
brandon,0.46259463
line antonia,0.46259463
sutr,0.46259463
bettie page,0.4624721
breakin electric,0.4624721
capote breakfast,0.4624721
breakfast tiffany,0.4624721
piece april,0.4624721
notorious bettie,0.4624721
tiffany,0.4624721
boogaloo,0.4624721
thanksgiving piece,0.4624721
thanksgiving,0.4624721
electric boogaloo,0.4624721
bettie,0.4624721
king child,0.4623926
little lady,0.46203148
men little,0.46203148
ich seh,0.4619639
seh,0.4619639
ich,0.4619639
rogue one,0.46182194
one star,0.46182194
expelled,0.46177632
expelled intelligence,0.46177632
fracchia,0.46177632
tong,0.46177632
rain pred,0.46177632
pete,0.46177632
pred dozhdot,0.46177632
pred,0.46177632
fracchia contro,0.46177632
gone pete,0.46177632
pete tong,0.46177632
dozhdot,0.46177632
allowed,0.46177632
contro,0.46177632
intelligence allowed,0.46177632
contro dracula,0.46177632
someone marry,0.4616567
marry barry,0.4616567
trail doomsday,0.4616567
statue,0.4616567
macgyver trail,0.4616567
statue maltese,0.4616567
fatboy run,0.46160612
run fatboy,0.46160612
fatboy,0.46160612
movie decade,0.46135002
chopper chick,0.46135002
chick zombietown,0.46135002
heavy weight,0.46135002
dodger,0.46135002
ho tep,0.46135002
weight,0.46135002
decade influence,0.46135002
steel magnolia,0.46135002
tep,0.46135002
bubba ho,0.46135002
dating roger,0.46135002
diabetes,0.46135002
zombietown,0.46135002
decade,0.46135002
heavyweight heavy,0.46135002
roger dodger,0.46135002
diabetes steel,0.46135002
existenz,0.4608652
clyde,0.4608652
bonnie,0.4608652
daffy,0.4608652
reality existenz,0.4608652
daffy duck,0.4608652
bonnie clyde,0.4608652
duck quackbusters,0.4608652
dorkness rising,0.4608652
virtual reality,0.4608652
gangster bonnie,0.4608652
quackbusters,0.4608652
virtual,0.4608652
dorkness,0.4608652
capone gangster,0.4608652
capone,0.4608652
untouchable,0.4608652
gangster untouchable,0.4608652
gamers dorkness,0.4608652
gamers,0.4608652
queue hilary,0.46082327
queue mississippi,0.46082327
mississippi masala,0.46082327
hilary jackie,0.46082327
alcoholism man,0.4606339
man love,0.4606339
queue parallax,0.46051827
queue chaplin,0.46051827
judaism chosen,0.46051827
biopic netflix,0.46051827
queue judaism,0.46051827
chaplin,0.46051827
parallax view,0.46051827
parallax,0.46051827
chosen,0.46051827
stronger,0.46035835
stronger faster,0.46035835
bigger stronger,0.46035835
zombie night,0.46026155
holmes woman,0.46021995
woman green,0.46021995
life sherlock,0.45999226
parson,0.45983887
impossible imposible,0.45983887
theft parson,0.45983887
roseannas grave,0.45983887
burt,0.45983887
roseannas,0.45983887
imposible,0.45983887
imposible lo,0.45983887
grand theft,0.45983887
wonderstone,0.45983887
theft,0.45983887
burt wonderstone,0.45983887
incredible burt,0.45983887
roseanna roseannas,0.45983887
roseanna,0.45983887
lo,0.45983887
cooky fortune,0.45967314
cooky,0.45967314
southern cooky,0.45967314
nicolas,0.45967314
outta compton,0.45967314
se hinton,0.45967314
breakfast pluto,0.45967314
straight outta,0.45967314
harlan county,0.45967314
harlan,0.45967314
transvestite breakfast,0.45967314
county usa,0.45967314
transvestite,0.45967314
hinton,0.45967314
hinton outsider,0.45967314
compton,0.45967314
nicolas cage,0.45967314
cage mm,0.45967314
morality,0.45938957
cop iii,0.45904332
maratsade,0.45887238
spectator maratsade,0.45887238
heavenly delight,0.45887238
shade darker,0.45887238
nina heavenly,0.45887238
darker,0.45887238
journey night,0.4587611
day journey,0.4587611
long day,0.4587611
rosebud citizen,0.45866558
hedwig,0.45866558
modern millie,0.45866558
rosebud,0.45866558
hedwig angry,0.45866558
gambling owning,0.45866558
youre expecting,0.45866558
expect,0.45866558
expect youre,0.45866558
expecting,0.45866558
millie,0.45866558
nickleby,0.45866558
kane,0.45866558
foxtrot,0.45866558
tango foxtrot,0.45866558
playbook,0.45866558
thoroughly,0.45866558
thoroughly modern,0.45866558
dickens nicholas,0.45866558
owning mahowny,0.45866558
silver lining,0.45866558
nicholas,0.45866558
jobrani immigrant,0.45866558
inch,0.45866558
jobrani,0.45866558
whiskey tango,0.45866558
whiskey,0.45866558
lining playbook,0.45866558
maz,0.45866558
lining,0.45866558
maz jobrani,0.45866558
angry inch,0.45866558
nicholas nickleby,0.45866558
mahowny,0.45866558
citizen kane,0.45866558
owning,0.45866558
psychological suspense,0.45821145
youth without,0.45788157
without youth,0.45788157
assassination high,0.45772904
school president,0.45772904
bagdad cafe,0.45759732
baise moi,0.45759732
glen ross,0.45759732
glengarry glen,0.45759732
passenger professione,0.45759732
tenacious pick,0.45759732
forgetting,0.45759732
forgetting sarah,0.45759732
rape baise,0.45759732
glengarry,0.45759732
gotta give,0.45759732
pick destiny,0.45759732
professione,0.45759732
rosenheim,0.45759732
sarah marshall,0.45759732
tenacious,0.45759732
cafe rosenheim,0.45759732
somethings,0.45759732
professione reporter,0.45759732
somethings gotta,0.45759732
baise,0.45759732
arnaud,0.45729867
greenwich,0.45729867
pope greenwich,0.45729867
sonata,0.45729867
pope,0.45729867
monsieur arnaud,0.45729867
sonata hstsonaten,0.45729867
simon garfunkel,0.45729867
allegro,0.45729867
troppo,0.45729867
graduate,0.45729867
electronic,0.45729867
electronic odyssey,0.45729867
nelly,0.45729867
allegro non,0.45729867
garfunkel,0.45729867
theremin,0.45729867
theremin electronic,0.45729867
greenwich village,0.45729867
garfunkel graduate,0.45729867
hstsonaten,0.45729867
nelly monsieur,0.45729867
autumn sonata,0.45729867
non troppo,0.45729867
game shadow,0.45684615
holmes game,0.45684615
fat man,0.45683137
little boy,0.45683137
man little,0.45683137
queue thats,0.45678568
educating,0.45678568
entertainment,0.45678568
roaring twenty,0.45678568
roaring,0.45678568
queue roaring,0.45678568
thats entertainment,0.45678568
educating rita,0.45678568
queue educating,0.45678568
nine week,0.4565005
week nine,0.4565005
cyberpunk,0.45641845
cherbourg,0.45624694
girl life,0.45610347
life lane,0.45610347
gohan,0.45580217
union norma,0.4556654
unprecedented presidential,0.4556654
unprecedented,0.4556654
wreck,0.4556654
presidential election,0.4556654
wreck it,0.4556654
josey,0.4556654
sacrifice offret,0.4556654
austere,0.4556654
roman israel,0.4556654
quaker,0.4556654
austere shame,0.4556654
quaker friendly,0.4556654
presidential,0.4556654
sacraficatio,0.4556654
outlaw josey,0.4556654
volunteer,0.4556654
peace corp,0.4556654
it ralph,0.4556654
it,0.4556654
wale,0.4556654
skammen,0.4556654
friendly persuasion,0.4556654
friendly,0.4556654
offret sacraficatio,0.4556654
offret,0.4556654
norma,0.4556654
corp volunteer,0.4556654
corp,0.4556654
norma rae,0.4556654
esq,0.4556654
israel,0.4556654
rae,0.4556654
israel esq,0.4556654
shame skammen,0.4556654
minded professor,0.4556654
absent minded,0.4556654
minded,0.4556654
josey wale,0.4556654
absent,0.4556654
terror night,0.45564845
holmes terror,0.45564845
pretty pink,0.45504722
school pretty,0.45504722
clockwork orange,0.4548854
penny serenade,0.4548854
brainwashing clockwork,0.4548854
clockwork,0.4548854
penny,0.4548854
adoption penny,0.4548854
war holiday,0.4543452
holiday special,0.4543452
queue americanization,0.45408806
celebration festen,0.45408806
americanization emily,0.45408806
americanization,0.45408806
festen,0.45408806
queue celebration,0.45408806
cest,0.4538986
soleil,0.4536432
sans soleil,0.4536432
roughness,0.4536432
susan,0.4536432
seeking susan,0.4536432
cook troublemaker,0.4536432
anacleto agente,0.4536432
visiting barbos,0.4536432
necessary roughness,0.4536432
kissing,0.4536432
kissing jessica,0.4536432
desperately,0.4536432
desperately seeking,0.4536432
anacleto,0.4536432
necessary,0.4536432
football necessary,0.4536432
agente,0.4536432
stein,0.4536432
agente secreto,0.4536432
jessica stein,0.4536432
barbos,0.4536432
troublemaker,0.4536432
sunless,0.4536432
dane cook,0.4536432
sunless sans,0.4536432
dane,0.4536432
bobik,0.4536432
bobik visiting,0.4536432
arthur court,0.45360467
kid king,0.45360467
bromance,0.453314
liar liar,0.45323247
lawyer liar,0.45323247
scrooged,0.4530772
york scrooged,0.4530772
christmas new,0.4530772
green mile,0.4527499
king green,0.4527499
time bandit,0.45269918
paced,0.4523036
next day,0.45182672
porkys ii,0.45182672
christmas miracle,0.45111707
school stand,0.45101303
stand deliver,0.45101303
yemen,0.45100057
extension,0.45100057
exte hair,0.45100057
exte,0.45100057
mozart salieri,0.45100057
hair extension,0.45100057
starring,0.45100057
starring pancho,0.45100057
pancho villa,0.45100057
amadeus,0.45100057
pancho,0.45100057
out of,0.45100057
nico dani,0.45100057
tastrophe,0.45100057
scrat,0.45100057
scrat tastrophe,0.45100057
fishing yemen,0.45100057
fishing,0.45100057
investigation held,0.45100057
towners,0.45100057
kolobki,0.45100057
robo,0.45100057
robogeisha,0.45100057
dani,0.45100057
krmpack,0.45100057
camera buff,0.45100057
beckham,0.45100057
salmon fishing,0.45100057
salieri,0.45100057
bend,0.45100057
salieri amadeus,0.45100057
bend beckham,0.45100057
robogeisha robo,0.45100057
pagal hai,0.45100057
dani krmpack,0.45100057
soccer bend,0.45100057
robo geisha,0.45100057
cosmic scrat,0.45100057
held,0.45100057
held kolobki,0.45100057
dil pagal,0.45100057
pagal,0.45100057
amator,0.45100057
buff,0.45100057
dil,0.45100057
of towners,0.45100057
of,0.45100057
buff amator,0.45100057
amaro,0.45048332
doctor strange,0.4504759
appealing doctor,0.4504759
renaissance part,0.45038143
second renaissance,0.45038143
salaam,0.45022345
salaam bombay,0.45022345
queue kolya,0.45022345
queue salaam,0.45022345
bombay,0.45022345
kolya,0.45022345
kolya kolja,0.45022345
kolja,0.45022345
top scooby,0.45018262
funny high,0.44996288
school duff,0.44996288
duff,0.44996288
hunter black,0.44967043
black heart,0.44967043
white hunter,0.44967043
baby secret,0.44936597
secret lost,0.44936597
lost legend,0.44936597
america first,0.4492738
first avenger,0.4492738
walk girl,0.44926137
night short,0.44926137
short walk,0.44926137
unconventional,0.44909203
crazy ii,0.44899106
sest,0.44864947
aka dragon,0.44859615
holmes secret,0.44831145
secret weapon,0.44831145
family gothic,0.44811767
comedy christina,0.44811767
christina ricci,0.44811767
ricci christopher,0.44811767
christopher lloyd,0.44811767
ricci,0.44811767
momma father,0.4480739
school never,0.44803816
never kissed,0.44803816
race around,0.44762948
frankenstein meet,0.44759727
meet wolf,0.44759727
live free,0.44748768
free die,0.44748768
sex comedy,0.44728938
night sex,0.44728938
invincible iron,0.44727176
animation invincible,0.44727176
vrungelya,0.4472136
drake,0.4472136
kikujir natsu,0.4472136
kikujir,0.4472136
kikujiro kikujir,0.4472136
kikujiro,0.4472136
ballistic eck,0.4472136
brennan mics,0.4472136
drained,0.4472136
drained cheiro,0.4472136
cheiro,0.4472136
ballistic,0.4472136
luzhin,0.4472136
luzhin defence,0.4472136
munna,0.4472136
maasilamani,0.4472136
nabokov luzhin,0.4472136
bhai mbbs,0.4472136
bhai,0.4472136
defence,0.4472136
atragon,0.4472136
cheiro ralo,0.4472136
phir,0.4472136
pheri,0.4472136
eck,0.4472136
eck sever,0.4472136
kapitana,0.4472136
ocho apellidos,0.4472136
ocho,0.4472136
kapitana vrungelya,0.4472136
priklyucheniya kapitana,0.4472136
priklyucheniya,0.4472136
florence foster,0.4472136
nabokov,0.4472136
florence,0.4472136
atragon kaitei,0.4472136
phir hera,0.4472136
mbbs,0.4472136
kaitei gunkan,0.4472136
kandahar,0.4472136
munna bhai,0.4472136
kaitei,0.4472136
engira,0.4472136
kandahar safar,0.4472136
ralo,0.4472136
ghandehar,0.4472136
safar,0.4472136
gunkan,0.4472136
apellidos vascos,0.4472136
apellidos,0.4472136
massu engira,0.4472136
massu,0.4472136
safar ghandehar,0.4472136
engira maasilamani,0.4472136
hera,0.4472136
hera pheri,0.4472136
foster jenkins,0.4472136
mics,0.4472136
jenkins,0.4472136
neal brennan,0.4472136
neal,0.4472136
foster,0.4472136
natsu,0.4472136
abortion vera,0.4472136
brennan,0.4472136
abortion,0.4472136
vera drake,0.4472136
vera,0.4472136
vascos,0.4472136
sever,0.4472136
dickens tale,0.44702882
two city,0.44702882
hime,0.4468608
beatles hard,0.446745
hard day,0.446745
beatles,0.446745
experiment experiment,0.44623944
da experiment,0.44623944
ghost dog,0.44618845
dog way,0.44618845
way samurai,0.44618845
cold mountain,0.44605896
war cold,0.44605896
thing another,0.44597623
alien thing,0.44597623
another world,0.44597623
still know,0.44581583
seven night,0.4454001
six day,0.4454001
day seven,0.4454001
trouble little,0.44519514
little china,0.44519514
war clone,0.4451745
clone war,0.4451745
caribbean world,0.4448976
bill cunningham,0.44467214
cunningham,0.44467214
cunningham new,0.44467214
america winter,0.44467026
winter soldier,0.44467026
trek final,0.44457978
final frontier,0.44457978
entertaining,0.44434714
master final,0.44434366
reflective,0.4441522
york annie,0.4441093
annie hall,0.4441093
japan one,0.44410905
suspect lost,0.4440368
wish face,0.44401726
grisham time,0.4434941
time kill,0.4434941
red dead,0.4434184
snow red,0.4434184
budget king,0.44303742
treasure book,0.44285715
book secret,0.44285715
remake wedding,0.44282058
suspenseful tense,0.44261235
year snow,0.44254074
last year,0.44254074
american wedding,0.44234857
wedding american,0.44234857
happened one,0.4422743
screwball happened,0.4422743
sky captain,0.44203424
captain world,0.44203424
holmes dressed,0.44202402
future past,0.44150776
day future,0.44150776
men day,0.44150776
lord slug,0.44135633
slug,0.44135633
ball lord,0.44135633
symbolism,0.44132942
burr let,0.441313
seeking friend,0.44121096
friend end,0.44121096
dog best,0.44110307
best show,0.44110307
satire dog,0.44110307
poltergeist ii,0.44107428
ii side,0.44107428
martin guerre,0.4408518
present trap,0.4407812
job man,0.44075525
man machine,0.44075525
machete kill,0.44072762
kill machete,0.44072762
marriage secret,0.44068974
life dentist,0.44068974
gone wind,0.44060874
war gone,0.44060874
peter seller,0.44039908
death peter,0.44039908
love live,0.44035757
live school,0.44035757
school idol,0.44035757
ferrell old,0.4403452
old school,0.4403452
adventure robin,0.44006425
swashbuckler adventure,0.44006425
austen book,0.4400396
book club,0.4400396
disney race,0.43997955
race love,0.43997955
little call,0.43989018
call wild,0.43989018
kingdom ii,0.4396315
lost kingdom,0.4396315
wizard lost,0.4396315
devil know,0.43961182
know youre,0.43961182
york new,0.4394554
alphaville,0.43939152
seen man,0.4390115
iron mask,0.4390115
turn dead,0.4389954
la horde,0.4387761
horde la,0.4387761
return one,0.4387704
blood simple,0.43854374
brother blood,0.43854374
carlin back,0.43834847
back town,0.43834847
hood prince,0.43830875
prince thief,0.43830875
night fury,0.43825063
gift night,0.43825063
dragon gift,0.43825063
world police,0.43819186
team america,0.43819186
america world,0.43819186
brother man,0.4381629
wasnt,0.4381629
man wasnt,0.4381629
enchanted christmas,0.43807864
beast enchanted,0.43807864
th man,0.43796724
man sixth,0.43796724
sixth man,0.43796724
hungary,0.43796232
hungary last,0.43796232
holocaust hungary,0.43796232
woman ciociara,0.4379219
ciociara la,0.4379219
ciociara,0.4379219
two woman,0.4379219
lack,0.43788618
mash aka,0.43779883
aka iousa,0.43779883
aka mash,0.43779883
iousa aka,0.43779883
ck oh,0.43776312
phantasm iii,0.43775955
iii lord,0.43775955
lord dead,0.43775955
city siege,0.43773383
academy city,0.43773383
finzi,0.43756709
dick tracy,0.43755266
book dick,0.43755266
bloom,0.43755263
doo go,0.43749285
go hollywood,0.43749285
lampoon bag,0.4374894
bag boy,0.4374894
trek generation,0.43742627
enterprise star,0.43742627
love song,0.43733197
song bobby,0.43733197
bobby long,0.43733197
bride chucky,0.43725327
crazy night,0.43716356
eight crazy,0.43716356
massacre iii,0.43715084
heel low,0.43708405
low life,0.43708405
queue day,0.43690723
black rock,0.43690723
day black,0.43690723
royal tenenbaums,0.4368799
tenenbaums,0.4368799
york royal,0.4368799
bicycle thief,0.4367614
dr terror,0.43643537
house horror,0.43643537
terror house,0.43643537
business corruption,0.43642652
child village,0.43638346
massacre beginning,0.43638298
eagle iii,0.4360151
ace iron,0.4360151
intelligent sci,0.43580908
fi district,0.43580908
walk way,0.43560097
burr walk,0.43560097
go town,0.43551946
deed go,0.43551946
york crossing,0.43545514
crossing delancey,0.43545514
delancey,0.43545514
saga new,0.4354284
new moon,0.4354284
dawn dinosaur,0.43527928
age dawn,0.43527928
motion picture,0.43524358
trek motion,0.43524358
child damned,0.43521526
sandler big,0.43516523
big daddy,0.43516523
road warrior,0.43502206
warrior mad,0.43502206
bright light,0.434768
big city,0.434768
light big,0.434768
iii cold,0.43472916
kizumonogatari iii,0.43472916
nonlinear,0.4347144
show fugitive,0.43468273
blue water,0.4345673
full moon,0.4345673
moon blue,0.4345673
next chapter,0.4344405
neverending ii,0.4344405
great performance,0.4344213
museum secret,0.43426037
secret tomb,0.43426037
man would,0.43400195
india man,0.43400195
would king,0.43400195
would,0.43400195
lady vengeance,0.43387187
day woman,0.4338248
grave day,0.4338248
arthur excalibur,0.43375337
excalibur,0.43375337
park iii,0.43344337
family house,0.43337923
queue two,0.43337923
two family,0.43337923
mulaney new,0.43332067
new town,0.43332067
portrait serial,0.43322113
henry portrait,0.43322113
water horse,0.43320262
legend deep,0.43320262
horse legend,0.43320262
hung ji,0.43315107
sea white,0.433051
foam,0.433051
white foam,0.433051
back training,0.43299946
academy back,0.43299946
time aka,0.4328999
playtime,0.4328999
play time,0.4328999
aka playtime,0.4328999
vom,0.43285584
business stage,0.432782
stage door,0.432782
first assignment,0.4326345
academy first,0.4326345
blood hand,0.43259597
ii blood,0.43259597
pusher ii,0.43259597
devil dog,0.43237734
hound hell,0.43237734
dog hound,0.43237734
many adventure,0.43223846
adventure winnie,0.43223846
mammoth christmas,0.43222088
age mammoth,0.43222088
mammoth,0.43222088
iii hell,0.43219256
hellraiser iii,0.43219256
hell earth,0.43219256
jack go,0.43217364
legend earthsea,0.4321536
earthsea legend,0.4321536
meet tall,0.43208712
dark stranger,0.43208712
tall dark,0.43208712
american reunion,0.43193653
reunion american,0.43193653
willy adventure,0.431881
adventure home,0.431881
dundee ii,0.431793
tights,0.43172744
men tights,0.43172744
hood men,0.43172744
development,0.43170312
iron giant,0.4316075
animation iron,0.4316075
robot animation,0.4316075
clousseau return,0.4315857
return pink,0.4315857
adultery first,0.43157762
first wife,0.43157762
wife club,0.43157762
gun fu,0.4315283
napoleon dynamite,0.43145967
napoleon,0.43145967
school napoleon,0.43145967
shadow blair,0.43143928
book shadow,0.43143928
part deux,0.43131492
shot part,0.43131492
sweet blood,0.4312415
blood jesus,0.4312415
da sweet,0.4312415
truman capote,0.43114266
capote capote,0.43114266
crime nightclub,0.4311139
nightclub th,0.4311139
intelligence underestimated,0.43109006
underestimated,0.43109006
audience,0.43109006
audience intelligence,0.43109006
league new,0.43095392
new frontier,0.43095392
silent night,0.43093765
deadly night,0.43093765
night deadly,0.43093765
dark emotional,0.43091947
different,0.43079108
spanish prisoner,0.43063873
ending spanish,0.43063873
christmas letter,0.43061316
letter santa,0.43061316
business kid,0.43058464
stay picture,0.43058464
kid stay,0.43058464
power whale,0.43055347
whale rider,0.43055347
live broadway,0.43053737
williams live,0.43053737
porter night,0.43050766
night day,0.43050766
cole porter,0.43050766
mr brown,0.43046787
snowtown snowtown,0.430119
snowtown murder,0.430119
jim andy,0.43000197
andy great,0.43000197
great beyond,0.43000197
denver youre,0.42984182
thing denver,0.42984182
altar,0.42981678
altar boy,0.42981678
dangerous life,0.42981678
life altar,0.42981678
younger men,0.4297514
adultery younger,0.4297514
men girl,0.4297514
younger,0.4297514
apocalyptic jete,0.4296648
jete la,0.4296648
jete,0.4296648
disability mental,0.42957076
illness pumpkin,0.42957076
legend final,0.42954373
blade runner,0.42953742
philosophical blade,0.42953742
animal fly,0.4295058
fly away,0.4295058
away home,0.4295058
morgan freeman,0.4293044
freeman,0.4293044
christ vampire,0.4291371
saw vii,0.42912158
vii final,0.42912158
bear grizzly,0.42908835
grizzly man,0.42908835
animal bear,0.42908835
revenge michael,0.42895582
bourgeoisie,0.4289293
rocketman,0.42884678
rocketman aka,0.42884678
aka rocket,0.42884678
rocket man,0.42884678
de capucines,0.42858258
man boulevard,0.42858258
boulevard de,0.42858258
capucines,0.42858258
president air,0.42847893
force one,0.42847893
air force,0.42847893
return michael,0.42840695
halloween return,0.42840695
fear loathing,0.4282867
loathing la,0.4282867
loathing,0.4282867
samurai sword,0.42822868
doo samurai,0.42822868
dame kill,0.42811364
city dame,0.42811364
religion big,0.4281048
kahuna,0.4281048
business religion,0.4281048
big kahuna,0.4281048
blustery day,0.4280686
concern,0.4280686
blustery,0.4280686
pooh blustery,0.4280686
pooh day,0.4280686
day concern,0.4280686
benefit,0.42804474
john tucker,0.42800322
tucker must,0.42800322
sequel violent,0.42796135
violent final,0.42796135
tame,0.42783064
tie tame,0.42783064
tie tie,0.42783064
go visiting,0.42782536
pooh go,0.42782536
heartwarming lego,0.4277864
funny heartwarming,0.4277864
seed chucky,0.4277741
age patrik,0.42770094
patrik age,0.42770094
mabuse,0.42769775
dr mabuse,0.42769775
action murder,0.42758736
police taken,0.42758736
murder police,0.42758736
academy mission,0.42750776
mission moscow,0.42750776
ghost protocol,0.42745438
impossible ghost,0.42745438
rare export,0.4273854
export,0.4273854
existential surreal,0.4273627
existential,0.4273627
surreal world,0.4273627
night life,0.42709526
life jimmy,0.42709526
reardon,0.42709526
jimmy reardon,0.42709526
brutal,0.42707616
ock spider,0.4269941
doc ock,0.4269941
ock,0.4269941
warrior musa,0.4268973
musa warrior,0.4268973
dance music,0.42687795
music dirty,0.42687795
baby look,0.42683628
halloween nightmare,0.42681575
christmas halloween,0.42681575
nightmare christmas,0.42681575
hellboy ii,0.42677638
golden army,0.42677638
ii golden,0.42677638
suspect last,0.4267072
last witness,0.4267072
world fallen,0.42669427
fallen kingdom,0.42669427
spider woman,0.42660478
kiss spider,0.42660478
swing time,0.4264601
rogers swing,0.4264601
andy kaufman,0.42644152
kaufman man,0.42644152
kaufman,0.42644152
beyond return,0.42639762
return joker,0.42639762
batman beyond,0.42639762
fix world,0.42628774
men fix,0.42628774
fix,0.42628774
love hate,0.42623797
thin line,0.42623797
line love,0.42623797
plot twist,0.426162
twist psychological,0.426162
aka cry,0.42613277
crywolf aka,0.42613277
crywolf,0.42613277
dollar baby,0.42608863
boxing million,0.42608863
tolkein classic,0.42606047
classic lord,0.42606047
shape water,0.42603773
dreamlike shape,0.42603773
der knochenmann,0.42603257
knochenmann,0.42603257
man der,0.42603257
bone man,0.42603257
little whorehouse,0.42600465
whorehouse,0.42600465
best little,0.42600465
whorehouse texas,0.42600465
red dragon,0.4259563
lecter red,0.4259563
rogers shall,0.42582473
wet,0.42577535
american summer,0.42577535
hot american,0.42577535
wet hot,0.42577535
doo monster,0.4257701
monster unleashed,0.4257701
age collision,0.42575467
illness dark,0.4255027
dark victory,0.4255027
braun,0.42548943
maria braun,0.42548943
yo,0.4254484
welcome woop,0.4254425
woop woop,0.4254425
lantern first,0.4254073
first flight,0.4254073
shot item,0.42529905
flying machine,0.4252629
men flying,0.4252629
magnificent men,0.4252629
lee warrior,0.42513615
warrior journey,0.42513615
paranoia suspenseful,0.42509547
suspenseful come,0.42509547
comedy hot,0.42504537
hot fuzz,0.42504537
catching fire,0.4250221
catching,0.4250221
game catching,0.4250221
ten chi,0.42502102
earth ten,0.42502102
kramer kramer,0.42486772
divorce kramer,0.42486772
mandy lane,0.42484012
boy love,0.42484012
love mandy,0.42484012
mandy,0.42484012
tate,0.42471126
prodigy,0.42471126
prodigy little,0.42471126
man tate,0.42471126
love got,0.42468238
whats love,0.42468238
biopic whats,0.42468238
art house,0.42459992
russia ninotchka,0.4245359
war russia,0.4245359
muppets muppet,0.42449751
muppet treasure,0.42449751
cabinet,0.4244639
caligari,0.4244639
dr caligari,0.4244639
queue long,0.42433378
long hot,0.42433378
hot summer,0.42433378
rider spirit,0.42431715
spirit vengeance,0.42431715
trip sure,0.42430997
sure thing,0.42430997
sure,0.42430997
adolescence violence,0.42430028
america elephant,0.42430028
wine rose,0.4242561
alcoholism day,0.4242561
day wine,0.4242561
le voleur,0.4241813
thief paris,0.4241813
paris le,0.4241813
voleur,0.4241813
day reckoning,0.4241613
soldier day,0.4241613
action iii,0.4240707
braddock,0.4240707
braddock missing,0.4240707
bird revelation,0.4240303
chappelle bird,0.4240303
life picture,0.4239513
kubrick life,0.4239513
klowns,0.42386058
klowns outer,0.42386058
killer klowns,0.42386058
batman forever,0.42377287
shrunk kid,0.42352784
disney honey,0.42352784
animal lion,0.4235064
born free,0.4235064
lion born,0.4235064
save world,0.42348295
mom dad,0.42348295
dad save,0.42348295
veterinarian,0.42335016
veterinarian truth,0.42335016
truth cat,0.42335016
husband river,0.42331472
river song,0.42331472
doctor husband,0.42331472
death cure,0.42324603
runner death,0.42324603
day wild,0.42323223
jingjyuhn,0.42323223
wild fei,0.42323223
fei jingjyuhn,0.42323223
ii passionate,0.42306978
passionate blood,0.42306978
kizumonogatari ii,0.42306978
order phoenix,0.42298225
potter order,0.42298225
dolly bell,0.42295593
final insult,0.42263773
gun final,0.42263773
last druid,0.42249292
garm,0.42249292
garm war,0.42249292
druid,0.42249292
black butler,0.42244288
butler book,0.42244288
book atlantic,0.42244288
stranger tide,0.42243972
caribbean stranger,0.42243972
sunrise song,0.42234394
song two,0.42234394
two human,0.42234394
pooh honey,0.4223073
honey tree,0.4223073
rogers top,0.42230138
top hat,0.42230138
thing hate,0.422248
sort thing,0.422248
dolores,0.42217526
claiborne,0.42217526
dolores claiborne,0.42217526
king dolores,0.42217526
tale christ,0.42207775
hur tale,0.42207775
corn iv,0.42201898
iv gathering,0.42201898
taiga,0.42201534
happy people,0.42201534
people year,0.42201534
year taiga,0.42201534
queue wood,0.42198431
tale netflix,0.42198431
silverman evil,0.42198116
saving silverman,0.42198116
evil woman,0.42198116
veut,0.42194384
drug police,0.42193267
police french,0.42193267
sea monster,0.4218846
jackson sea,0.4218846
senior trip,0.42165118
lampoon senior,0.42165118
senior,0.42165118
peak fire,0.4216453
twin peak,0.4216453
fire walk,0.4216453
smithsonian,0.42149696
museum battle,0.42149696
battle smithsonian,0.42149696
back minor,0.42141247
league back,0.42141247
cinderella man,0.42138225
boxing cinderella,0.42138225
boksdrama,0.42138225
boksdrama boxing,0.42138225
america sweetheart,0.4213691
business america,0.4213691
hollywood business,0.4213691
sweetheart,0.4213691
lovely amazing,0.4213446
sisterhood woman,0.4213446
woman lovely,0.4213446
splendored thing,0.4213127
love many,0.4213127
many splendored,0.4213127
splendored,0.4213127
leaving,0.4213113
alcoholism leaving,0.4213113
leaving la,0.4213113
wzu,0.42130905
sam wzu,0.42130905
summer war,0.42130905
war sam,0.42130905
paul rudd,0.42130125
rudd,0.42130125
power stan,0.42126167
great power,0.42126167
stan lee,0.42126167
big carnival,0.4212348
ace hole,0.4212348
hole big,0.4212348
adultery seven,0.421076
itch,0.421076
year itch,0.421076
three wife,0.4210207
letter three,0.4210207
royal engagement,0.42085415
diary royal,0.42085415
great ending,0.42082357
dirt beautiful,0.42082193
great pumpkin,0.4207509
pumpkin charlie,0.4207509
take shape,0.4206988
terror take,0.4206988
thing terror,0.4206988
citizen patrol,0.4206242
academy citizen,0.4206242
wedding make,0.4206131
quilt,0.4206131
make american,0.4206131
american quilt,0.4206131
flower saw,0.4205421
anohana,0.4205421
anohana flower,0.4205421
saw day,0.4205421
fantasy sintel,0.420478
sintel,0.420478
animation fantasy,0.420478
adventure animation,0.420478
sequel slasher,0.42044896
named bob,0.42043215
street cat,0.42043215
cat named,0.42043215
flying rio,0.4204023
rogers flying,0.4204023
starcrash,0.4203944
star crash,0.4203944
aka star,0.4203944
starcrash aka,0.4203944
television confession,0.42038062
harris,0.42028636
live animal,0.42026523
sister werewolf,0.42017752
howling ii,0.42017752
ii sister,0.42017752
shangri,0.42009628
la lost,0.42009628
lost horizon,0.42009628
shangri la,0.42009628
dorothy day,0.4200869
angel dorothy,0.4200869
entertaining angel,0.4200869
untitled spider,0.42001587
man reboot,0.42001587
reboot,0.42001587
untitled,0.42001587
raising arizona,0.41993424
brother raising,0.41993424
heartbreaking make,0.41987628
make way,0.41987628
way tomorrow,0.41987628
leningrad cowboy,0.41977128
go america,0.41977128
cowboy go,0.41977128
leningrad,0.41977128
man beyond,0.41970062
cyberspace,0.41970062
beyond cyberspace,0.41970062
race imitation,0.41962197
imitation life,0.41962197
motherhood race,0.41962197
cliff chi,0.4195826
vasilievich,0.41951057
ivan vasilievich,0.41951057
ugetsu ugetsu,0.41948047
ugetsu monogatari,0.41948047
stealing rembrandt,0.41948047
rembrandt rembrandt,0.41948047
mel,0.41947275
gibson,0.41947275
mel gibson,0.41947275
slumberland,0.4194074
little nemo,0.4194074
adventure slumberland,0.4194074
nemo adventure,0.4194074
hall brain,0.41935855
kid hall,0.41935855
brain candy,0.41935855
man shot,0.41934255
valance,0.41934255
shot liberty,0.41934255
liberty valance,0.41934255
smell fear,0.41931346
gun smell,0.41931346
turning back,0.4192658
best turning,0.4192658
kittredge,0.4192348
kittredge american,0.4192348
kit,0.4192348
kit kittredge,0.4192348
moon nasa,0.41922268
space apollo,0.41922268
joe rise,0.41918832
rise cobra,0.41918832
pippa lee,0.41917953
life pippa,0.41917953
pippa,0.41917953
band camp,0.4191386
thunderdome,0.4191325
max beyond,0.4191325
beyond thunderdome,0.4191325
kessen,0.41913193
cattle,0.41903403
cattle drive,0.41903403
drive red,0.41903403
red river,0.41903403
top gun,0.41890603
predictable navy,0.41890603
navy top,0.41890603
return durant,0.4188704
darkman ii,0.4188704
durant,0.4188704
ii return,0.4188704
comedy tour,0.41886738
collar,0.41886738
collar comedy,0.41886738
blue collar,0.41886738
rogue nation,0.41881248
impossible rogue,0.41881248
comedy punchline,0.418789
up comedy,0.418789
punchline,0.418789
africa immigrant,0.4187687
coming america,0.4187687
immigrant coming,0.4187687
shakespeare much,0.41868162
hot lead,0.41865712
lead cold,0.41865712
cold foot,0.41865712
gaga five,0.4186212
five foot,0.4186212
gaga,0.4186212
thief wife,0.41856703
wife lover,0.41856703
cook thief,0.41856703
art cinematography,0.41852692
vision light,0.41852692
light art,0.41852692
space station,0.41846767
station babylon,0.41846767
babylon beginning,0.41846767
factory dancer,0.41844356
blindness factory,0.41844356
dancer dark,0.41844356
dragon emperor,0.4183785
mummy tomb,0.4183785
tomb dragon,0.4183785
continental drift,0.41831982
age continental,0.41831982
havana night,0.4180702
havana,0.4180702
dancing havana,0.4180702
charing,0.41793454
cross road,0.41793454
charing cross,0.41793454
book charing,0.41793454
al hirschfeld,0.4178861
line king,0.4178861
king al,0.4178861
hirschfeld,0.4178861
muir,0.41760957
mr muir,0.41760957
ghost ghost,0.41760957
ghost mr,0.41760957
netflix mutiny,0.4176093
bacio,0.4175913
kiss ultimo,0.4175913
ultimo bacio,0.4175913
nuke em,0.41739726
class nuke,0.41739726
nuke,0.41739726
future folk,0.4171557
quirky history,0.4171557
history future,0.4171557
valerian,0.41712418
city thousand,0.41712418
valerian city,0.41712418
thousand planet,0.41712418
mr toad,0.41705844
ichabod mr,0.41705844
adventure ichabod,0.41705844
toad,0.41705844
humor thing,0.41705778
luck tomorrow,0.41696832
better luck,0.41696832
gang better,0.41696832
charles dickens,0.41695106
dickens great,0.41695106
timothy green,0.41689098
timothy,0.41689098
odd life,0.41689098
life timothy,0.41689098
mulaney comeback,0.4168324
comeback kid,0.4168324
doe,0.41681173
journalism meet,0.41681173
meet john,0.41681173
john doe,0.41681173
american president,0.41670522
president american,0.41670522
penguin christmas,0.41669145
madagascar penguin,0.41669145
back habit,0.416602
habit,0.416602
act back,0.416602
dundee los,0.4165614
heart mind,0.4164957
vietnam heart,0.4164957
queue vietnam,0.4164957
cowgirl,0.41644636
even cowgirl,0.41644636
get blue,0.41644636
cowgirl get,0.41644636
courage fire,0.4162999
gulf,0.4162999
gulf war,0.4162999
war courage,0.4162999
insanity paranoia,0.41617018
old baby,0.41610214
bamford old,0.41610214
walk freedom,0.41607872
mandela,0.41607872
mandela long,0.41607872
back beginning,0.41601455
snap back,0.41601455
shadow recruit,0.4159804
ryan shadow,0.4159804
jack ryan,0.4159804
toga,0.4159669
college toga,0.4159669
animal house,0.4159669
toga animal,0.4159669
chappelle age,0.41595283
spin,0.41595283
age spin,0.41595283
carol ted,0.41594055
bob carol,0.41594055
ted alice,0.41594055
promised rose,0.41590562
rose garden,0.41590562
never promised,0.41590562
lampoon van,0.41584498
van wilder,0.41584498
wilder,0.41584498
underpants,0.41584054
underpants first,0.41584054
captain underpants,0.41584054
first epic,0.41584054
dza dza,0.41583252
kin dza,0.41583252
persia,0.4158186
sand time,0.4158186
persia sand,0.4158186
prince persia,0.4158186
watchman tale,0.4158134
black freighter,0.4158134
tale black,0.4158134
freighter,0.4158134
man uncle,0.41576093
slick stylish,0.41576093
stylish man,0.41576093
midnight garden,0.41574955
savannah midnight,0.41574955
garden evil,0.41574955
episode iv,0.4157187
beta,0.41568527
beta house,0.41568527
freddys dead,0.4155033
jefferies swear,0.41548473
swear god,0.41548473
swear,0.41548473
hop witch,0.4154657
witch da,0.4154657
sutra,0.41545323
sutra tale,0.41545323
kama,0.41545323
tale love,0.41545323
kama sutra,0.41545323
feux rouge,0.415295
light feux,0.415295
red light,0.415295
feux,0.415295
morrison music,0.41523856
music door,0.41523856
jim morrison,0.41523856
morrison,0.41523856
lemploi,0.41521832
time lemploi,0.41521832
lemploi du,0.41521832
walk line,0.41520992
johnny cash,0.41520992
cash walk,0.41520992
military path,0.4151939
path glory,0.4151939
oh boy,0.41497433
coffee berlin,0.41497433
boy coffee,0.41497433
frres,0.4149665
deux frres,0.4149665
brother deux,0.4149665
two brother,0.4149665
jack rose,0.41490793
fatherhood ballad,0.41490793
ballad jack,0.41490793
th century,0.41490746
buck rogers,0.41490746
rogers th,0.41490746
ventura nature,0.41489708
mystery science,0.4148747
science theater,0.4148747
spoof mystery,0.4148747
nutcracker,0.4148734
jerry nutcracker,0.4148734
nutcracker tale,0.4148734
quiet american,0.4148014
greene quiet,0.4148014
japan lost,0.41470143
atmospheric japan,0.41470143
lost translation,0.41470143
translation,0.41470143
bye lenin,0.4146622
war bye,0.4146622
lenin,0.4146622
bye,0.4146622
lose head,0.41464707
carry dont,0.41464707
dont lose,0.41464707
shadow doubt,0.4145584
small town,0.4145584
town shadow,0.4145584
food fast,0.41451904
fast woman,0.41451904
blue velvet,0.41450518
suburbia blue,0.41450518
sexuality suburbia,0.41450518
religion classic,0.41449276
classic bruce,0.41449276
bruce almighty,0.41449276
pippi,0.4144711
longstocking,0.4144711
new adventure,0.4144711
adventure pippi,0.4144711
pippi longstocking,0.4144711
corps,0.4144344
house corps,0.4144344
zombie house,0.4144344
ii klumps,0.41439274
klumps,0.41439274
professor ii,0.41439274
sn,0.4143788
dd sn,0.4143788
snow dd,0.4143788
keebles big,0.41432536
keebles,0.41432536
big move,0.41432536
max keebles,0.41432536
pierre,0.4141513
nazi must,0.4141444
surf nazi,0.4141444
condition ningen,0.41413024
know im,0.41408426
queue know,0.41408426
im going,0.41408426
austen persuasion,0.4140818
queue jane,0.4140818
ml,0.41407555
fucking ml,0.41407555
show love,0.41407555
love fucking,0.41407555
american degenerate,0.4138714
jim norton,0.4138714
norton american,0.4138714
degenerate,0.4138714
wing dove,0.4138586
james wing,0.4138586
conte dt,0.41381305
dt,0.41381305
summer tale,0.41381305
gang ride,0.41370565
naked mile,0.41366842
journey begin,0.4135638
kombat journey,0.4135638
vitelloni,0.4134893
vitelloni aka,0.4134893
young passionate,0.4134893
aka young,0.4134893
horse feather,0.41347376
brother horse,0.41347376
hammerstein sound,0.41347107
sound music,0.41347107
game ever,0.4134453
ever played,0.4134453
greatest game,0.4134453
yonder,0.41340193
green yonder,0.41340193
wild green,0.41340193
futurama wild,0.41340193
adventure forbidden,0.41338977
spacehunter adventure,0.41338977
forbidden zone,0.41338977
spacehunter,0.41338977
inspirational intelligent,0.41338414
intelligent imitation,0.41338414
imitation game,0.41338414
drama queen,0.41319594
teenage drama,0.41319594
confession teenage,0.41319594
love martha,0.41317925
strange love,0.41317925
ivers,0.41317925
martha ivers,0.41317925
segura mostly,0.41313526
mostly story,0.41313526
memoir international,0.41312942
international assassin,0.41312942
true memoir,0.41312942
de fte,0.4130591
jour de,0.4130591
holiday jour,0.4130591
fte,0.4130591
ever aka,0.41303563
pokemon,0.41303563
pokemon ever,0.41303563
aka pokmon,0.41303563
abraham,0.4130299
abraham lincoln,0.4130299
lincoln vampire,0.4130299
big score,0.4129494
bender big,0.4129494
sensibility,0.41294035
sense sensibility,0.41294035
austen sense,0.41294035
iv quest,0.41293538
superman iv,0.41293538
quest peace,0.41293538
sandler grown,0.41289723
henry orient,0.41286334
world henry,0.41286334
teenager,0.41286334
teenager world,0.41286334
nochnoy,0.41286078
nochnoy dozor,0.41286078
watch nochnoy,0.41286078
dieter,0.4127824
need fly,0.4127824
little dieter,0.4127824
dieter need,0.4127824
ark adaptation,0.41274458
space right,0.41263425
right stuff,0.41263425
stuff,0.41263425
remo williams,0.41262764
williams adventure,0.41262764
adventure begin,0.41262764
remo,0.41262764
kkaku kidtai,0.41259217
shell kkaku,0.41259217
kidtai,0.41259217
kkaku,0.41259217
alienate,0.41258523
alienate people,0.41258523
lose friend,0.41258523
friend alienate,0.41258523
greene end,0.41256526
end affair,0.41256526
pole,0.41254774
open christmas,0.41254774
north pole,0.41254774
pole open,0.41254774
wide world,0.41254067
whole wide,0.41254067
conan whole,0.41254067
howard end,0.4124619
forster howard,0.4124619
billion,0.41232383
beast billion,0.41232383
futurama beast,0.41232383
billion back,0.41232383
five fast,0.4121554
fast five,0.4121554
macgyver lost,0.4121369
lost treasure,0.4121369
treasure atlantis,0.4121369
yao yao,0.4120613
pretty thing,0.41204327
immigration,0.41204327
dirty pretty,0.41204327
immigration dirty,0.41204327
washington square,0.41200382
james washington,0.41200382
camel,0.41199762
entre le,0.4118965
murs,0.4118965
le murs,0.4118965
class entre,0.4118965
morphin power,0.41184857
mighty morphin,0.41184857
morphin,0.41184857
bound incredible,0.41182703
anaconda hunt,0.41170093
hunt blood,0.41170093
blood orchid,0.41170093
love krtki,0.41170052
short love,0.41170052
milosci,0.41170052
krtki milosci,0.41170052
circus circus,0.41168588
top circus,0.41168588
mule sister,0.41165838
two mule,0.41165838
sister sara,0.41165838
ivy new,0.41156527
new seduction,0.41156527
bloodshed,0.411544
heroic,0.411544
heroic bloodshed,0.411544
go monte,0.41154253
singleton,0.4115221
singleton bridget,0.4115221
jones diary,0.4115221
babam oglum,0.41147086
babam,0.41147086
oglum,0.41147086
son babam,0.41147086
random harvest,0.41138256
cry random,0.41138256
wedding kivenpyrittjn,0.41136107
kivenpyrittjn,0.41136107
kivenpyrittjn kyl,0.41136107
kyl,0.41136107
last wedding,0.41136107
neutron boy,0.41134402
neutron,0.41134402
jimmy neutron,0.41134402
boy genius,0.41134402
power spy,0.4113372
spy shagged,0.4113372
shagged,0.4113372
wong baby,0.41133
ali wong,0.41133
baby cobra,0.41133
gambling sydney,0.41131052
sydney hard,0.41131052
hard eight,0.41131052
heart dog,0.41126406
sobachye,0.41126406
serdtse,0.41126406
dog sobachye,0.41126406
sobachye serdtse,0.41126406
ice castle,0.41110522
skating ice,0.41110522
disturbing irreversible,0.4109729
irreversible,0.4109729
irrversible,0.4109729
irreversible irrversible,0.4109729
heart darkness,0.41096085
darkness filmmaker,0.41096085
filmmaker,0.41096085
filmmaker apocalypse,0.41096085
ogill,0.4108328
darby,0.4108328
ogill little,0.4108328
darby ogill,0.4108328
little people,0.4108328
adentro,0.41078508
sea inside,0.41078508
inside mar,0.41078508
mar adentro,0.41078508
adam rib,0.41075313
tracy adam,0.41075313
rib,0.41075313
death sweet,0.4107492
canada death,0.4107492
canada,0.4107492
sweet hereafter,0.4107492
salute jugger,0.41069955
blood hero,0.41069955
jugger,0.41069955
hero salute,0.41069955
holland opus,0.41058666
holland,0.41058666
opus,0.41058666
mr holland,0.41058666
music mr,0.41058666
devil reject,0.41048717
reject,0.41048717
zombie devil,0.41048717
watch dnevnoy,0.41034898
day watch,0.41034898
dnevnoy dozor,0.41034898
dnevnoy,0.41034898
creepy suspense,0.4103475
cloverfield lane,0.4103475
suspense cloverfield,0.4103475
dress kill,0.41022015
izzard dress,0.41022015
four wedding,0.41020906
wedding four,0.41020906
wedding funeral,0.41020906
avpr alien,0.4101886
avpr,0.4101886
predator requiem,0.4101886
disability hunchback,0.4100223
space jam,0.41002113
bug bunny,0.41002113
bunny space,0.41002113
wide shut,0.4099677
sexuality eye,0.4099677
eye wide,0.4099677
convent,0.40994337
narcissus,0.40994337
convent religion,0.40994337
religion black,0.40994337
black narcissus,0.40994337
travel robot,0.40966964
sp senshi,0.4096406
young damned,0.40951055
damned olvidados,0.40951055
olvidados,0.40951055
olvidados los,0.40951055
prison cool,0.40928355
cool hand,0.40928355
hand luke,0.40928355
guide zombie,0.4092789
scout guide,0.4092789
zombie apocalypse,0.4092789
day later,0.40924633
zombie day,0.40924633
zombie zombie,0.40924633
follow fleet,0.40919945
rogers follow,0.40919945
chicago,0.4090909
murder chicago,0.4090909
court jazz,0.4090909
jazz murder,0.4090909
tetsuo,0.40903962
mortadelo,0.40899482
live fame,0.40898907
hunter collision,0.40892377
crocodile hunter,0.40892377
boot da,0.4088756
da boat,0.4088756
submarine boot,0.4088756
three diablos,0.40878984
boot three,0.40878984
diablos,0.40878984
profondo,0.40874982
deep red,0.40874982
profondo rosso,0.40874982
red profondo,0.40874982
arm stranger,0.4086856
stranger story,0.4086856
story kindertransport,0.4086856
kindertransport,0.4086856
call sling,0.40861985
folk call,0.40861985
halloween curse,0.4085756
curse michael,0.4085756
frank remembered,0.40845934
remembered,0.40845934
holocaust anne,0.40845934
columbine,0.4083613
bowling columbine,0.4083613
america bowling,0.4083613
la pianiste,0.40834296
teacher la,0.40834296
piano teacher,0.40834296
pianiste,0.40834296
ibrahim,0.40832093
monsieur ibrahim,0.40832093
shield,0.40830845
agent shield,0.40830845
fury agent,0.40830845
nick fury,0.40830845
bittersweet life,0.40823448
insaeng,0.40823448
dalkomhan,0.40823448
life dalkomhan,0.40823448
dalkomhan insaeng,0.40823448
ex con,0.40818197
con sling,0.40818197
run silent,0.40814078
silent run,0.40814078
run deep,0.40814078
man vanishes,0.40813854
johatsu,0.40813854
ningen johatsu,0.40813854
vanishes ningen,0.40813854
nutty nature,0.40813252
job nutty,0.40813252
picnic hanging,0.40799743
hanging rock,0.40799743
australia picnic,0.40799743
unbelievable,0.40791386
unbelievable adventure,0.40791386
adventure italian,0.40791386
italian russia,0.40791386
reason,0.40783867
edge reason,0.40783867
jones edge,0.40783867
bronte jane,0.40776432
bronte,0.40776432
charlotte bronte,0.40776432
fantasy xv,0.40775597
kingsglaive,0.40775597
kingsglaive final,0.40775597
xv,0.40775597
stella got,0.4076883
stella,0.4076883
got groove,0.4076883
groove back,0.4076883
wire welt,0.40768743
draht,0.40768743
welt draht,0.40768743
world wire,0.40768743
back action,0.40760887
looney tune,0.40760887
looney,0.40760887
tune back,0.40760887
tune,0.40760887
files fight,0.407586
fight future,0.407586
conspiracy files,0.407586
dr goldfoot,0.40758258
bikini machine,0.40758258
goldfoot bikini,0.40758258
goldfoot,0.40758258
slick kingsman,0.40745535
kingsman secret,0.40745535
band outsider,0.40745476
outsider bande,0.40745476
bande part,0.40745476
bande,0.40745476
au revoir,0.4073281
revoir le,0.4073281
le enfants,0.4073281
revoir,0.4073281
blood part,0.40732035
ball broly,0.40729427
inoubliable,0.407278
un inoubliable,0.407278
unforgettable summer,0.407278
summer un,0.407278
billy kid,0.40727237
garrett,0.40727237
pat garrett,0.40727237
garrett billy,0.40727237
bluegrass brother,0.40719002
art thou,0.40719002
brother art,0.40719002
bluegrass,0.40719002
thou,0.40719002
leopard screwball,0.40717682
screwball bringing,0.40717682
bringing baby,0.40717682
australia dance,0.4071096
dance strictly,0.4071096
strictly ballroom,0.4071096
domestic violence,0.40705737
sleeping enemy,0.40705737
violence sleeping,0.40705737
finding neverland,0.40704542
neverland,0.40704542
pan finding,0.40704542
chappelle killin,0.40692192
killin,0.40692192
killin softly,0.40692192
throttle,0.40682593
angel full,0.40682593
full throttle,0.40682593
alien et,0.40680555
extra terrestrial,0.40680555
terrestrial,0.40680555
et extra,0.40680555
extra,0.40680555
sliding,0.40677658
sliding door,0.40677658
universe sliding,0.40677658
roast border,0.40677267
heroine tight,0.4064389
heroine,0.4064389
tight,0.4064389
tight suit,0.4064389
judaism yentl,0.40642825
yentl,0.40642825
dressing judaism,0.40642825
cold treasure,0.40637833
sierra madre,0.40637833
treasure sierra,0.40637833
third kind,0.40633777
close encounter,0.40633777
encounter third,0.40633777
folles la,0.4062216
cage aux,0.4062216
aux folles,0.4062216
folles,0.4062216
dream child,0.40619555
trail bremen,0.40610838
sexuality splendor,0.40609732
adolescence sexuality,0.40609732
splendor grass,0.40609732
life tomas,0.40608445
katz,0.40608445
tomas,0.40608445
tomas katz,0.40608445
nine life,0.40608445
ventura pet,0.406074
pet detective,0.406074
killing field,0.40607065
cambodia vietnam,0.40607065
vietnam killing,0.40607065
butler housekeeper,0.40604293
remains day,0.40604293
housekeeper remains,0.40604293
housekeeper,0.40604293
vicious,0.40599835
mr parker,0.40599835
vicious circle,0.40599835
parker vicious,0.40599835
python completely,0.40592584
completely different,0.40592584
bian,0.40588823
bian lian,0.40588823
king mask,0.40588823
lian,0.40588823
mask bian,0.40588823
forster passage,0.4057238
passage india,0.4057238
capturing friedman,0.4057156
capturing,0.4057156
abuse capturing,0.4057156
friedman,0.4057156
poppins,0.4056881
mary poppins,0.4056881
nanny mary,0.4056881
disney nanny,0.4056881
desu,0.40567145
desu nto,0.40567145
note desu,0.40567145
nto,0.40567145
smiling fish,0.40564615
fish goat,0.40564615
goat fire,0.40564615
smiling,0.40564615
understated paterson,0.40562823
paterson,0.40562823
quirky sweet,0.40562823
sweet understated,0.40562823
jones stroke,0.40559012
stroke genius,0.40559012
bobby jones,0.40559012
stroke,0.40559012
interesting invisible,0.40552753
acting interesting,0.40552753
horrible acting,0.40552753
la libert,0.40552574
nous la,0.40552574
nous,0.40552574
libert freedom,0.40552574
libert,0.40552574
kitty,0.40551803
two kitty,0.40551803
garfield tail,0.40551803
tail two,0.40551803
conte dautomne,0.40545282
dautomne,0.40545282
autumn tale,0.40545282
prison birdman,0.40542996
birdman alcatraz,0.40542996
bird prison,0.40542996
live runteldat,0.40538716
runteldat,0.40538716
lawrence live,0.40538716
martin lawrence,0.40538716
cast short,0.40536806
short cut,0.40536806
large cast,0.40536806
wrath vredens,0.405348
vredens,0.405348
day wrath,0.405348
vredens dag,0.405348
dag,0.405348
forbidden game,0.40533507
interdits,0.40533507
game jeux,0.40533507
jeux interdits,0.40533507
judaism believer,0.40533212
noah african,0.40531304
african american,0.40531304
trevor,0.40531304
trevor noah,0.40531304
hak hap,0.40526927
mask hak,0.40526927
hak,0.40526927
hap,0.40526927
black mask,0.40526927
gogh lust,0.40526822
lust life,0.40526822
gogh,0.40526822
van gogh,0.40526822
personal velocity,0.4052545
film personal,0.4052545
lejanos,0.40500107
tacones lejanos,0.40500107
tacones,0.40500107
heel tacones,0.40500107
side bottom,0.40497935
firework see,0.40497935
see side,0.40497935
morte venezia,0.40491346
morte,0.40491346
venice morte,0.40491346
death venice,0.40491346
piernas,0.40478685
leg entre,0.40478685
entre la,0.40478685
la piernas,0.40478685
jesus magic,0.4047307
sarah silverman,0.4047307
silverman jesus,0.4047307
kwai,0.4046907
pow bridge,0.4046907
river kwai,0.4046907
bridge river,0.4046907
stoked rise,0.40466088
gator,0.40466088
fall gator,0.40466088
stoked,0.40466088
satire reefer,0.40456644
madness musical,0.40456644
im help,0.4045616
ferguson im,0.4045616
ii watch,0.40454838
rhine,0.40454838
watch rhine,0.40454838
vampire chronicle,0.404506
vampire vampire,0.404506
interview vampire,0.404506
dune suna,0.40432668
suna,0.40432668
suna onna,0.40432668
woman dune,0.40432668
segura completely,0.40431848
completely normal,0.40431848
postino,0.40425587
postino il,0.40425587
writing postman,0.40425587
postman postino,0.40425587
alone night,0.40424556
boy striped,0.40419802
striped,0.40419802
centipede,0.40417415
human centipede,0.40417415
first sequence,0.40417415
sequence,0.40417415
centipede first,0.40417415
paranoid surreal,0.40405464
loving grace,0.40395257
watched machine,0.40395257
machine loving,0.40395257
evil hear,0.403894
see evil,0.403894
hear evil,0.403894
dont eat,0.4038566
please dont,0.4038566
eat daisy,0.4038566
bud golden,0.4038239
golden receiver,0.4038239
receiver,0.4038239
cache cach,0.40381357
aka cache,0.40381357
hidden aka,0.40381357
cache,0.40381357
cach,0.40381357
reality tv,0.4037354
tv series,0.4037354
series contender,0.4037354
hansel gretel,0.40367407
gretel witch,0.40367407
gretel,0.40367407
hansel,0.40367407
proof fence,0.40362465
australia rabbit,0.40362465
rabbit proof,0.40362465
murder arsenic,0.40361744
old lace,0.40361744
arsenic old,0.40361744
arsenic,0.40361744
lace,0.40361744
neibian jidian,0.4035982
neibian,0.4035982
time ni,0.4035982
ni neibian,0.4035982
jidian,0.4035982
bob dylan,0.40355286
direction,0.40355286
direction home,0.40355286
home bob,0.40355286
flintstone viva,0.40353128
viva rock,0.40353128
rock vega,0.40353128
viva,0.40353128
espionage,0.40351966
hard dewey,0.40349653
cox,0.40349653
dewey cox,0.40349653
walk hard,0.40349653
dewey,0.40349653
enter fist,0.40340254
pow enter,0.40340254
kung pow,0.40340254
merry christmas,0.40335023
nol merry,0.40335023
joyeux nol,0.40335023
joyeux,0.40335023
scorch trial,0.40333682
scorch,0.40333682
runner scorch,0.40333682
turtle iii,0.4033147
screw on,0.40329802
screw,0.40329802
amazing screw,0.40329802
on head,0.40329802
butt head,0.40322912
butt,0.40322912
beavis,0.40322912
beavis butt,0.40322912
head america,0.40322912
west est,0.4031951
east west,0.4031951
est ouest,0.4031951
ouest,0.4031951
congeniality armed,0.4031887
armed fabulous,0.4031887
big steal,0.4031454
steal big,0.4031454
steal little,0.4031454
eleven aka,0.40302882
aka ocean,0.40302882
jude law,0.40300518
aka bleep,0.40283427
bleep know,0.40283427
know aka,0.40283427
bleep,0.40283427
kaze tachinu,0.4027465
rise kaze,0.4027465
tachinu,0.4027465
wind rise,0.4027465
killbots,0.40268767
chopping,0.40268767
aka killbots,0.40268767
mall aka,0.40268767
chopping mall,0.40268767
hawaiian style,0.40258476
hawaiian,0.40258476
bell hawaiian,0.40258476
saw devil,0.40256605
akmareul,0.40256605
devil akmareul,0.40256605
akmareul boatda,0.40256605
boatda,0.40256605
bijo photo,0.402543
bride bijo,0.402543
bijo,0.402543
picture bride,0.402543
wharton house,0.4024143
house mirth,0.4024143
mirth,0.4024143
russell,0.40239707
tracy desk,0.40237296
desk,0.40237296
desk set,0.40237296
legend guardian,0.40234295
guardian owl,0.40234295
owl,0.40234295
owl gahoole,0.40234295
gahoole,0.40234295
without cause,0.40211993
rebel without,0.40211993
rebel,0.40211993
adolescence rebel,0.40211993
love exposure,0.402109
exposure,0.402109
ai mukidashi,0.402109
mukidashi,0.402109
exposure ai,0.402109
muriels,0.402105
australia wedding,0.402105
wedding muriels,0.402105
muriels wedding,0.402105
friendship casablanca,0.40207356
beautiful friendship,0.40207356
start beautiful,0.40207356
casablanca,0.40207356
la tour,0.40204212
eiffel,0.40204212
tour eiffel,0.40204212
mystre,0.40204212
mystre la,0.40204212
marlboro,0.4020317
dellamorte,0.4020317
marlboro man,0.4020317
harley davidson,0.4020317
man dellamorte,0.4020317
dellamore,0.4020317
davidson,0.4020317
cemetery man,0.4020317
davidson marlboro,0.4020317
dellamorte dellamore,0.4020317
zazie dans,0.4019311
zazie,0.4019311
le mtro,0.4019311
dans le,0.4019311
de souffle,0.4019311
breathless bout,0.4019311
bout de,0.4019311
bout,0.4019311
get killed,0.40190062
teller,0.40190062
teller get,0.40190062
penn teller,0.40190062
kedamono ken,0.40166783
sword beast,0.40166783
beast kedamono,0.40166783
kedamono,0.40166783
bang youre,0.40151072
criticism bourgeois,0.40147018
self criticism,0.40147018
bourgeois,0.40147018
bourgeois dog,0.40147018
wharton age,0.40134093
age innocence,0.40134093
williams glass,0.4013311
glass menagerie,0.4013311
menagerie,0.4013311
bobby soxer,0.40131962
bachelor bobby,0.40131962
soxer,0.40131962
court bachelor,0.40131962
assassination brainwashing,0.40129092
brainwashing manchurian,0.40129092
faster pussycat,0.40119871
kill kill,0.40119871
pussycat kill,0.40119871
undertaking betty,0.40113062
betty plot,0.40113062
undertaking,0.40113062
plot view,0.40113062
salesman year,0.40108293
rocket singh,0.40108293
singh,0.40108293
singh salesman,0.40108293
present dark,0.40096548
ron jeremy,0.4009495
jeremy,0.4009495
pornstar legend,0.4009495
pornstar,0.4009495
mountain climbing,0.40094835
climbing touching,0.40094835
touching void,0.40094835
climbing,0.40094835
meet frankenstein,0.40088046
costello,0.40088046
costello meet,0.40088046
abbott costello,0.40088046
abbott,0.40088046
hero federation,0.4008159
federation,0.4008159
trooper hero,0.4008159
shop around,0.400789
around corner,0.400789
remade shop,0.400789
kid dog,0.4007796
dream master,0.4007477
chueok,0.40069947
murder salinui,0.40069947
salinui chueok,0.40069947
salinui,0.40069947
memory murder,0.40069947
corsican brother,0.40067947
corsican,0.40067947
chongs corsican,0.40067947
sophie,0.40057293
sophie scholl,0.40057293
scholl,0.40057293
food mcdonalds,0.40051684
mcdonalds,0.40051684
mcdonalds super,0.40051684
super size,0.40051684
willy wonka,0.40051052
wonka,0.40051052
wonka chocolate,0.40051052
von ravensbrck,0.40036985
die frau,0.40036985
ravensbrck,0.40036985
frau von,0.40036985
white guilt,0.40033042
olympics sport,0.40021777
chariot,0.40021777
chariot fire,0.40021777
sport chariot,0.40021777
mala,0.40019912
la mala,0.40019912
mala educacin,0.40019912
education la,0.40019912
educacin,0.40019912
oscar wilde,0.4001683
wilde importance,0.4001683
wilde,0.4001683
provoking eye,0.40016612
eye sky,0.40016612
burnham make,0.4001589
bo burnham,0.4001589
make happy,0.4001589
burnham,0.4001589
dream warrior,0.40008637
chris rock,0.40002692
blacker,0.40002692
bigger blacker,0.40002692
rock bigger,0.40002692
trmula,0.40000173
carne trmula,0.40000173
flesh carne,0.40000173
carne,0.40000173
live flesh,0.40000173
christoph waltz,0.39991945
christoph,0.39991945
open city,0.39991027
gordon conquers,0.3998073
conquers universe,0.3998073
solution,0.39976424
per cent,0.39976424
seven per,0.39976424
cent solution,0.39976424
shura yukihime,0.39974567
princess blade,0.39974567
shura,0.39974567
blade shura,0.39974567
yukihime,0.39974567
blechtrommel die,0.3997036
blechtrommel,0.3997036
drum blechtrommel,0.3997036
drum,0.3997036
tin drum,0.3997036
doctor doctor,0.39970335
widow wardrobe,0.39970335
doctor widow,0.39970335
laugh pain,0.39969692
hart laugh,0.39969692
bigalow male,0.39962566
male gigolo,0.39962566
fish tsumetai,0.39956483
tsumetai,0.39956483
tsumetai nettaigyo,0.39956483
nettaigyo,0.39956483
cold fish,0.39956483
stewart left,0.39955303
left building,0.39955303
jon stewart,0.39955303
interesting scenario,0.39953545
thousand word,0.39953545
scenario thousand,0.39953545
scenario,0.39953545
inferno animated,0.39949784
animated epic,0.39949784
dante inferno,0.39949784
zhestokij,0.3994859
zhestokij roman,0.3994859
romance zhestokij,0.3994859
cruel romance,0.3994859
vous,0.39942938
prince egypt,0.3993928
moses prince,0.3993928
bible moses,0.3993928
moses,0.3993928
yj,0.39933127
yj toshi,0.39933127
toshi,0.39933127
city yj,0.39933127
wicked city,0.39933127
vuoro,0.39928743
miesten vuoro,0.39928743
life miesten,0.39928743
miesten,0.39928743
steam life,0.39928743
yatsu,0.39926952
observe,0.3992456
observe report,0.3992456
rogen observe,0.3992456
le amour,0.39924365
amour imaginaires,0.39924365
imaginaires,0.39924365
heartbeat,0.39924365
heartbeat le,0.39924365
sinnui,0.39922714
sinnui yauwan,0.39922714
yauwan,0.39922714
chinese ghost,0.39922714
ghost sinnui,0.39922714
pygmalion,0.39919114
shaw pygmalion,0.39919114
tennis coach,0.3991736
gary tennis,0.3991736
ball gary,0.3991736
crane sleepy,0.39916754
ichabod crane,0.39916754
roman holiday,0.39914078
italy royalty,0.39914078
royalty,0.39914078
royalty roman,0.39914078
radio radio,0.39906693
nostalgia,0.39906693
nostalgia radio,0.39906693
zabijaniu,0.39895993
krtki zabijaniu,0.39895993
mississippi burning,0.39895993
short killing,0.39895993
rasicm mississippi,0.39895993
killing krtki,0.39895993
race rasicm,0.39895993
without warning,0.39893624
warning aka,0.39893624
turtle shadow,0.39891115
cerebral dreamlike,0.39890832
race six,0.39876196
six degree,0.39876196
degree separation,0.39876196
degree,0.39876196
pierrot,0.39870426
pierrot le,0.39870426
cyrano de,0.39870426
bergerac,0.39870426
le fou,0.39870426
cyrano,0.39870426
de bergerac,0.39870426
fou,0.39870426
queue pierrot,0.39870426
queue cyrano,0.39870426
enigmatic prestige,0.3986621
prestige,0.3986621
ummarti,0.3986621
ummarti atmospheric,0.3986621
atmospheric enigmatic,0.3986621
french twist,0.39866194
twist gazon,0.39866194
gazon,0.39866194
maudit,0.39866194
gazon maudit,0.39866194
alien men,0.3985581
black aka,0.3985581
lawn,0.3985391
brother lawn,0.3985391
lawn mower,0.3985391
mower,0.3985391
mower straight,0.3985391
purple rose,0.39850023
queue purple,0.39850023
cairo,0.39850023
rose cairo,0.39850023
cold comfort,0.39842167
queue cold,0.39842167
comfort farm,0.39842167
law disorder,0.39809078
disorder,0.39809078
louis theroux,0.39809078
theroux law,0.39809078
theroux,0.39809078
bring head,0.39795864
alfredo garcia,0.39795864
head alfredo,0.39795864
alfredo,0.39795864
true holocaust,0.39792165
holocaust true,0.39792165
holocaust pianist,0.39792165
surgery death,0.39786232
death becomes,0.39786232
becomes,0.39786232
plastic surgery,0.39786232
surgery,0.39786232
prostitution mighty,0.39782184
adoption prostitution,0.39782184
mighty aphrodite,0.39782184
aphrodite,0.39782184
country girl,0.3978024
actress country,0.3978024
caro,0.39779985
caro diario,0.39779985
dear diary,0.39779985
diario,0.39779985
diary caro,0.39779985
fever kldum,0.39778498
cold fever,0.39778498
klaka,0.39778498
kldum klaka,0.39778498
kldum,0.39778498
skating cutting,0.3977145
cutting edge,0.3977145
cutting,0.3977145
waco rule,0.39768946
fbi waco,0.39768946
waco,0.39768946
mask zorro,0.3976359
mexico mask,0.3976359
california mexico,0.3976359
perros love,0.39761072
amores perros,0.39761072
bitch,0.39761072
perros,0.39761072
love bitch,0.39761072
amores,0.39761072
seishun,0.39755583
yaju seishun,0.39755583
youth beast,0.39755583
beast yaju,0.39755583
yaju,0.39755583
kidnapping remade,0.3975304
remade vanishing,0.3975304
spoorloos,0.3975304
vanishing spoorloos,0.3975304
capture castle,0.39742956
capture,0.39742956
smith capture,0.39742956
dodie,0.39742956
dodie smith,0.39742956
suspense twist,0.39736405
swordsman zatoichi,0.3971941
blind swordsman,0.3971941
zatoichi zatichi,0.3971941
throne,0.39718398
blood kumonosu,0.39718398
throne blood,0.39718398
kumonosu,0.39718398
macbeth throne,0.39718398
jerry shiver,0.39710233
shiver,0.39710233
whisker,0.39710233
shiver whisker,0.39710233
hiker,0.39702943
hiker guide,0.39702943
hitch hiker,0.39702943
tierra libertad,0.39702472
tierra,0.39702472
freedom tierra,0.39702472
libertad,0.39702472
land freedom,0.39702472
death serial,0.3969229
aileen life,0.3969229
aileen,0.3969229
england manager,0.3968475
talaye sorgh,0.3968475
manager,0.3968475
gold talaye,0.3968475
talaye,0.3968475
sorgh,0.3968475
mike bassett,0.3968475
crimson gold,0.3968475
bassett,0.3968475
bassett england,0.3968475
ii american,0.39678088
office space,0.39665738
workplace office,0.39665738
stapler workplace,0.39665738
stapler,0.39665738
workplace,0.39665738
ichidai,0.39665234
irezumi ichidai,0.39665234
tattooed,0.39665234
tattooed life,0.39665234
life irezumi,0.39665234
irezumi,0.39665234
soire,0.39660943
mnage tenue,0.39660943
mnage,0.39660943
prix,0.39660943
priceless hors,0.39660943
priceless,0.39660943
de prix,0.39660943
tenue de,0.39660943
tenue,0.39660943
de soire,0.39660943
hors de,0.39660943
hors,0.39660943
badkonake,0.39656267
badkonake sefid,0.39656267
sefid,0.39656267
white balloon,0.39656267
balloon badkonake,0.39656267
sassy,0.39647737
girl yeopgijeogin,0.39647737
sassy girl,0.39647737
yeopgijeogin geunyeo,0.39647737
yeopgijeogin,0.39647737
geunyeo,0.39647737
nosed,0.39637616
rudolph red,0.39637616
red nosed,0.39637616
rudolph,0.39637616
nosed reindeer,0.39637616
ending mystery,0.3963055
deeply,0.3960786
truly,0.3960786
madly deeply,0.3960786
ghost truly,0.3960786
truly madly,0.3960786
book ii,0.3959986
god book,0.3959986
religion oh,0.3959986
patoreb,0.3959742
patlabor kid,0.3959742
kid keisatsu,0.3959742
keisatsu patoreb,0.3959742
keisatsu,0.3959742
peggy,0.39596614
got married,0.39596614
sue got,0.39596614
peggy sue,0.39596614
akira kurosawa,0.39588484
kurosawa,0.39588484
kurosawa dream,0.39588484
dream dream,0.39588484
nueve reinas,0.39586648
queen nueve,0.39586648
nine queen,0.39586648
nueve,0.39586648
reinas,0.39586648
roboto knibauru,0.39584866
knibauru,0.39584866
carnival roboto,0.39584866
robot carnival,0.39584866
roboto,0.39584866
beard akahige,0.39584827
beard,0.39584827
red beard,0.39584827
akahige,0.39584827
queue red,0.39584827
aid netflix,0.3958399
band played,0.3958399
queue band,0.3958399
reilly,0.39578968
hyde mary,0.39578968
jekyll hyde,0.39578968
mary reilly,0.39578968
night live,0.39577776
live blue,0.39577776
hole post,0.39563435
raising victor,0.39557233
vargas,0.39557233
victor vargas,0.39557233
adolescence raising,0.39557233
ist wieder,0.3955534
wieder,0.3955534
wieder da,0.3955534
er ist,0.3955534
lady wrestling,0.3955378
gorgeous lady,0.3955378
glow gorgeous,0.3955378
glow,0.3955378
wrestling,0.3955378
fong,0.39548358
fong sai,0.39548358
sai yuk,0.39548358
yuk,0.39548358
undisputed ii,0.3954061
ii last,0.3954061
driving,0.395404
driving miss,0.395404
rasicm driving,0.395404
miss daisy,0.395404
aaron,0.39531797
internet boy,0.39531797
internet,0.39531797
aaron swartz,0.39531797
swartz,0.39531797
boy aaron,0.39531797
gentleman prefer,0.39513418
queue gentleman,0.39513418
prefer,0.39513418
prefer blonde,0.39513418
general motor,0.39508566
michigan,0.39508566
michigan roger,0.39508566
motor michigan,0.39508566
brockovich,0.39495063
erin brockovich,0.39495063
scandal true,0.39495063
true erin,0.39495063
erin,0.39495063
school teacher,0.3947975
teacher dangerous,0.3947975
always watching,0.39476618
watching marble,0.39476618
marble hornet,0.39476618
confrontational,0.39466915
tickle,0.39463007
tickle fight,0.39463007
ferguson tickle,0.39463007
european gigolo,0.3945253
bigalow european,0.3945253
suicide club,0.39448258
club jisatsu,0.39448258
jisatsu saakuru,0.39448258
jisatsu,0.39448258
saakuru,0.39448258
zi hudie,0.39443848
hudie,0.39443848
purple butterfly,0.39443848
butterfly zi,0.39443848
steinsgate burden,0.39414436
steinsgate,0.39414436
burden dj,0.39414436
deaf miracle,0.3940561
miracle worker,0.3940561
blindness deaf,0.3940561
worker,0.3940561
deaf,0.3940561
abracadabra,0.39385694
abracadabra doo,0.39385694
doo abracadabra,0.39385694
boh lee,0.3938182
lee chun,0.3938182
boh,0.3938182
gorgeous boh,0.3938182
date tad,0.3938038
tad,0.3938038
win date,0.3938038
hamilton,0.3938038
tad hamilton,0.3938038
alesha popovich,0.3937979
alesha,0.3937979
popovich,0.3937979
popovich tugarin,0.3937979
tugarin dragon,0.3937979
tugarin,0.3937979
toto wizard,0.39378965
toto,0.39378965
wizard oz,0.39378965
dorothy toto,0.39378965
ii journey,0.39372924
journey new,0.39372924
pocahontas ii,0.39372924
hulots holiday,0.39366332
hulots,0.39366332
secret ballot,0.3935061
raye,0.3935061
ballot raye,0.3935061
ballot,0.3935061
raye makhfi,0.3935061
makhfi,0.3935061
knafayim,0.39349285
shvurot,0.39349285
broken wing,0.39349285
knafayim shvurot,0.39349285
wing knafayim,0.39349285
lost dream,0.3934812
kid island,0.3934812
island lost,0.3934812
final break,0.39343163
prison break,0.39343163
break final,0.39343163
union silkwood,0.39338896
silkwood,0.39338896
disaster union,0.39338896
nuclear disaster,0.39338896
tennis shoe,0.39328519
computer wore,0.39328519
wore tennis,0.39328519
elmer gantry,0.39320302
religion elmer,0.39320302
preacher religion,0.39320302
gantry,0.39320302
elmer,0.39320302
meuheret,0.39309484
late marriage,0.39309484
hatuna,0.39309484
marriage hatuna,0.39309484
hatuna meuheret,0.39309484
cinema chain,0.3930804
chain reaction,0.3930804
reaction,0.3930804
seen cinema,0.3930804
ii dead,0.39303237
dead dawn,0.39303237
dead ii,0.39303237
telling joke,0.39302102
telling,0.39302102
carr telling,0.39302102
kimssi pyoryugi,0.39299107
kimssi,0.39299107
moon kimssi,0.39299107
pyoryugi,0.39299107
castaway moon,0.39299107
mam tambin,0.39292103
tu mam,0.39292103
mam,0.39292103
mother tu,0.39292103
laitakaupungin valot,0.39284456
valot,0.39284456
laitakaupungin,0.39284456
dusk laitakaupungin,0.39284456
light dusk,0.39284456
thong perfect,0.3927682
snogging,0.3927682
perfect snogging,0.3927682
thong,0.3927682
angus thong,0.3927682
burial melquiades,0.3927258
melquiades,0.3927258
burial,0.3927258
three burial,0.3927258
estrada,0.3927258
melquiades estrada,0.3927258
comedy brad,0.39257497
dream star,0.39255145
war trilogy,0.39255145
empire dream,0.39255145
lto,0.39253235
bab,0.39253235
bab lto,0.39253235
autumn spring,0.39253235
spring bab,0.39253235
nagaremono,0.39250883
tky nagaremono,0.39250883
tokyo drifter,0.39250883
drifter tky,0.39250883
jsan,0.39249626
solntsem,0.39249626
nin shikaku,0.39249626
sun utomlyonnye,0.39249626
contender waterfront,0.39249626
jsan nin,0.39249626
boxing coulda,0.39249626
utomlyonnye solntsem,0.39249626
utomlyonnye,0.39249626
coulda contender,0.39249626
shikaku,0.39249626
waterfront,0.39249626
coulda,0.39249626
assassin jsan,0.39249626
burnt sun,0.39249626
flow,0.3924074
hustle flow,0.3924074
hop hustle,0.3924074
language,0.3922877
man chest,0.39228454
existentialism philosophical,0.3922348
bler,0.3921832
adam bler,0.3921832
apple adam,0.3921832
adam apple,0.3921832
rabbi keeping,0.39215416
keeping faith,0.39215416
priest rabbi,0.39215416
chalice,0.39211965
librarian curse,0.39211965
juda chalice,0.39211965
juda,0.39211965
curse juda,0.39211965
extremely loud,0.39208552
loud incredibly,0.39208552
bread chocolate,0.39208552
incredibly close,0.39208552
extremely,0.39208552
pane cioccolata,0.39208552
cioccolata,0.39208552
chocolate pane,0.39208552
assembly,0.39205736
assembly ji,0.39205736
ji jie,0.39205736
jie hao,0.39205736
udachi,0.392056
gentleman fortune,0.392056
dzhentlmeny,0.392056
dzhentlmeny udachi,0.392056
fortune dzhentlmeny,0.392056
koi,0.39202204
tsumi,0.39202204
guilty romance,0.39202204
romance koi,0.39202204
koi tsumi,0.39202204
oswalt weakness,0.39198276
weakness strong,0.39198276
weakness,0.39198276
secret master,0.3918927
koroshi,0.39159402
branded,0.39159402
rakuin,0.39159402
branded kill,0.39159402
koroshi rakuin,0.39159402
kill koroshi,0.39159402
curb enthusiasm,0.39149794
enthusiasm,0.39149794
david curb,0.39149794
fairy magical,0.39149794
cactus,0.39149794
curb,0.39149794
crystal fairy,0.39149794
magical cactus,0.39149794
magical,0.39149794
larry david,0.39149794
ptk salapoliiseina,0.39148587
salapoliiseina,0.39148587
suezilla,0.39148587
ptk suezilla,0.39148587
shaffir double,0.39144415
ari shaffir,0.39144415
negative,0.39144415
double negative,0.39144415
shaffir,0.39144415
arabia,0.39135742
lawrence arabia,0.39135742
middle east,0.39135742
east lawrence,0.39135742
tais,0.39117056
quentin tais,0.39117056
tais toi,0.39117056
toi,0.39117056
ruby quentin,0.39117056
fleiss hollywood,0.39112464
marie,0.39112464
marie antoinette,0.39112464
fleiss,0.39112464
heidi fleiss,0.39112464
lyrical marie,0.39112464
madam,0.39112464
antoinette,0.39112464
cinematography lyrical,0.39112464
hollywood madam,0.39112464
death soon,0.3909922
soon,0.3909922
ii death,0.3909922
america ii,0.3909922
brilliantovaya,0.3908682
brilliantovaya ruka,0.3908682
diamond arm,0.3908682
arm brilliantovaya,0.3908682
ruka,0.3908682
tense dunkirk,0.3907657
inspiring tense,0.3907657
dunkirk,0.3907657
brilliant inspiring,0.3907657
brilliant,0.3907657
doodle dandy,0.39050728
case benjamin,0.39050728
biopic yankee,0.39050728
yankee doodle,0.39050728
xia nu,0.39050728
curious case,0.39050728
touch zen,0.39050728
button,0.39050728
benjamin button,0.39050728
dandy,0.39050728
zen xia,0.39050728
zen,0.39050728
vir da,0.3904779
moon feng,0.3904779
vir,0.3904779
politics thrilling,0.3904779
understanding,0.3904779
sucka,0.3904779
temptress,0.3904779
im gonna,0.3904779
argo,0.3904779
cia,0.3904779
temptress moon,0.3904779
cia politics,0.3904779
feng yue,0.3904779
feng,0.3904779
da abroad,0.3904779
thrilling,0.3904779
git sucka,0.3904779
git,0.3904779
thrilling argo,0.3904779
abroad,0.3904779
yue,0.3904779
gonna,0.3904779
abroad understanding,0.3904779
gonna git,0.3904779
moody,0.39047736
bobby fischer,0.39037552
fischer,0.39037552
searching bobby,0.39037552
chess searching,0.39037552
caution se,0.3902741
lust caution,0.3902741
se jie,0.3902741
komplex,0.39025927
meinhof,0.39025927
freezing hot,0.39025927
iglesias hot,0.39025927
iglesias,0.39025927
meinhof komplex,0.39025927
shlesinger,0.39025927
shlesinger freezing,0.39025927
komplex der,0.39025927
fluffy,0.39025927
freezing,0.39025927
hot fluffy,0.39025927
baader meinhof,0.39025927
iliza,0.39025927
baader,0.39025927
gabriel iglesias,0.39025927
iliza shlesinger,0.39025927
gabriel,0.39025927
crane flying,0.39021313
letyat,0.39021313
virginia,0.39021313
virginia woolf,0.39021313
letyat zhuravli,0.39021313
flying letyat,0.39021313
zhuravli,0.39021313
who afraid,0.39021313
woolf,0.39021313
afraid virginia,0.39021313
hormonal beast,0.39002883
horatio,0.39002883
jbei ninpch,0.39002883
jbei,0.39002883
captain horatio,0.39002883
ninja scroll,0.39002883
hornblower,0.39002883
ninpch,0.39002883
hormonal,0.39002883
lynne,0.39002883
rn,0.39002883
scroll,0.39002883
horatio hornblower,0.39002883
lynne koplitz,0.39002883
koplitz hormonal,0.39002883
scroll jbei,0.39002883
hornblower rn,0.39002883
koplitz,0.39002883
remake silk,0.39000484
silk,0.39000484
ninotchka remake,0.39000484
stocking,0.39000484
silk stocking,0.39000484
blue harvest,0.38996953
present blue,0.38996953
ready wear,0.38990533
wear pret,0.38990533
pret porter,0.38990533
pret,0.38990533
jared leto,0.38969326
jared,0.38969326
leto,0.38969326
shou,0.38956192
tui,0.38956192
hand tui,0.38956192
pushing hand,0.38956192
tui shou,0.38956192
farewell europe,0.38930455
zweig,0.38930455
zweig farewell,0.38930455
stefan,0.38930455
stefan zweig,0.38930455
escape victory,0.3893044
aka escape,0.3893044
victory aka,0.3893044
water nz,0.389253
nz wodzie,0.389253
wodzie,0.389253
knife,0.389253
knife water,0.389253
nz,0.389253
escape clause,0.38921574
clause escape,0.38921574
mon amour,0.3891554
queue hiroshima,0.3891554
hiroshima mon,0.3891554
hiroshima,0.3891554
tear jerker,0.38912708
jerker,0.38912708
beregis,0.38907284
automobile beregis,0.38907284
avtomobilya,0.38907284
watch automobile,0.38907284
beregis avtomobilya,0.38907284
wheel meal,0.38887528
martha marcy,0.38887528
meal kuai,0.38887528
meal,0.38887528
kuai,0.38887528
kuai che,0.38887528
marcy,0.38887528
marcy may,0.38887528
may marlene,0.38887528
marlene,0.38887528
ending psychology,0.38869807
crawler,0.38864687
sukai,0.38864687
lygter,0.38864687
blinkende,0.38864687
blinkende lygter,0.38864687
sky crawler,0.38864687
crawler sukai,0.38864687
sukai kurora,0.38864687
light blinkende,0.38864687
kurora,0.38864687
flickering light,0.38864687
flickering,0.38864687
watson acquaintance,0.3886421
acquaintance,0.3886421
bear ii,0.3886396
ii new,0.3886396
anna passion,0.38861644
passion anna,0.38861644
passion en,0.38861644
legend suriyothai,0.38861537
suriyothai aka,0.38861537
general conquerer,0.3885274
margarethe cammermeyer,0.3885274
cammermeyer,0.3885274
margarethe,0.3885274
serving silence,0.3885274
silence margarethe,0.3885274
conquerer worm,0.3885274
witchfinder general,0.3885274
conquerer,0.3885274
witchfinder,0.3885274
carlin jammin,0.38833725
jammin,0.38833725
jammin new,0.38833725
nerd iii,0.38831878
iii next,0.38831878
reversal fortune,0.38829538
diamond popil,0.38829538
bulow,0.38829538
diament,0.38829538
von bulow,0.38829538
popil,0.38829538
popil diament,0.38829538
ash diamond,0.38829538
bulow reversal,0.38829538
reversal,0.38829538
street freddys,0.38815528
freddys revenge,0.38815528
zero kurzu,0.38807613
kurzu,0.38807613
crow zero,0.38807613
kurzu zero,0.38807613
fiddler roof,0.38804114
standup,0.38804114
tradition,0.38804114
tradition fiddler,0.38804114
lloyd weber,0.38804114
evita,0.38804114
andrew lloyd,0.38804114
armisen standup,0.38804114
standup drummer,0.38804114
fiddler,0.38804114
armisen,0.38804114
weber,0.38804114
weber evita,0.38804114
judaism tradition,0.38804114
fred armisen,0.38804114
uncomfortable,0.3879449
tekkonkinkreet,0.3879449
uncomfortable unsettling,0.3879449
rien,0.3879449
allegorical uncomfortable,0.3879449
tekkonkinkreet tekkon,0.3879449
dclarer,0.3879449
tekkon,0.3879449
rien dclarer,0.3879449
allegorical,0.3879449
anime tekkonkinkreet,0.3879449
tekkon kinkurto,0.3879449
nothing declare,0.3879449
kinkurto,0.3879449
unsettling mother,0.3879449
declare,0.3879449
declare rien,0.3879449
unsettling,0.3879449
amricaine,0.38791165
nuit amricaine,0.38791165
night la,0.38791165
la nuit,0.38791165
partridge,0.38781235
alan partridge,0.38781235
partridge alpha,0.38781235
alpha papa,0.38781235
alien day,0.38757086
infinite playlist,0.38754815
norahs infinite,0.38754815
norahs,0.38754815
infinite,0.38754815
playlist,0.38754815
nick norahs,0.38754815
shakespeare midsummer,0.38745427
balthazar,0.38720673
hasard balthazar,0.38720673
hasard,0.38720673
donkey au,0.38720673
au hasard,0.38720673
disney king,0.38720196
sword stone,0.38720196
arthur sword,0.38720196
denis,0.38704175
denis leary,0.38704175
leary cure,0.38704175
cure cancer,0.38704175
leary,0.38704175
hero united,0.38694307
hulk hero,0.38694307
man hulk,0.38694307
ghibli,0.3869089
studio ghibli,0.3869089
studio,0.3869089
smith go,0.38662577
politics mr,0.38662577
sens ai,0.3865634
corrida,0.3865634
ai corrida,0.3865634
realm sens,0.3865634
tale voice,0.38649216
voice dark,0.38649216
babylon lost,0.38649216
lost tale,0.38649216
willens,0.38641262
triumph de,0.38641262
triumph triumph,0.38641262
de willens,0.38641262
begyndere,0.3863833
beginner italiensk,0.3863833
italian beginner,0.3863833
italiensk,0.3863833
playing victim,0.3863833
italiensk begyndere,0.3863833
izobrazhaya zhertvu,0.3863833
izobrazhaya,0.3863833
victim izobrazhaya,0.3863833
zhertvu,0.3863833
tmnt teenage,0.3862674
tmnt,0.3862674
school ferris,0.3862032
ferris buellers,0.3862032
buellers day,0.3862032
buellers,0.3862032
crucifixion,0.38609836
crucifixion rome,0.38609836
slavery,0.38609836
slavery spartacus,0.38609836
spartacus,0.38609836
rome slavery,0.38609836
political,0.38609788
queue ox,0.3860737
ox bow,0.3860737
ox,0.3860737
bow incident,0.3860737
called wanda,0.38600802
fish called,0.38600802
wanda,0.38600802
fish fish,0.38600802
atmospheric cinematography,0.3858831
boring psychedelic,0.38580018
symbolic begotten,0.38580018
symbolic,0.38580018
begotten,0.38580018
psychedelic symbolic,0.38580018
show mission,0.38578993
corn ii,0.38561228
ii final,0.38561228
final sacrifice,0.38561228
librarian return,0.3854691
hele,0.38539663
radcliffe zoe,0.38539663
det hele,0.38539663
direktren,0.38539663
espagnole,0.38539663
direktren det,0.38539663
lauberge,0.38539663
zoe kazan,0.38539663
daniel radcliffe,0.38539663
spanish apartment,0.38539663
apartment lauberge,0.38539663
bos direktren,0.38539663
lauberge espagnole,0.38539663
kazan,0.38539663
radcliffe,0.38539663
frontal,0.3850391
nudity full,0.3850391
full frontal,0.3850391
inspirational heartwarming,0.38497588
heartwarming inspirational,0.38497588
inspirational hunting,0.38497588
bath hamam,0.38492432
delight turk,0.38492432
turkish bath,0.38492432
steam turkish,0.38492432
turk fruit,0.38492432
turk,0.38492432
turkish delight,0.38492432
hamam,0.38492432
weird joheunnom,0.38480225
joheunnom nabbeunnom,0.38480225
joheunnom,0.38480225
isanghannom,0.38480225
nabbeunnom,0.38480225
nabbeunnom isanghannom,0.38480225
clarke,0.38449395
pusher iii,0.38446623
im angel,0.38446623
iii im,0.38446623
angel death,0.38446623
fi space,0.38442636
kein,0.38417077
sicher,0.38417077
system ist,0.38417077
tulip,0.38417077
pane tulipani,0.38417077
kein system,0.38417077
ist sicher,0.38417077
bread tulip,0.38417077
tulipani,0.38417077
tulip pane,0.38417077
son rambow,0.3840452
movie son,0.3840452
rambow,0.3840452
movie movie,0.3840452
caccia alla,0.383994
alla volpe,0.383994
alla,0.383994
volpe,0.383994
caccia,0.383994
fox caccia,0.383994
pixar fun,0.38396296
fun toy,0.38396296
pixar pixar,0.38396296
highlander iv,0.38376844
highlander endgame,0.38376844
endgame highlander,0.38376844
york harry,0.38306144
sally,0.38306144
met sally,0.38306144
twist turn,0.38303322
lost world,0.3830325
world jurassic,0.3830325
dinosaur lost,0.3830325
cock bull,0.38302547
shandy,0.38302547
cock,0.38302547
shandy cock,0.38302547
tristram,0.38302547
tristram shandy,0.38302547
blood prince,0.38276052
potter half,0.38276052
half blood,0.38276052
steve buscemi,0.38269672
buscemi,0.38269672
life pink,0.38268304
pink vie,0.38268304
bleu le,0.38262567
big blue,0.38262567
grand bleu,0.38262567
blue grand,0.38262567
cherry tam,0.38256183
taste cherry,0.38256183
birdman unexpected,0.38256183
cristina barcelona,0.38256183
tam guilass,0.38256183
tam,0.38256183
virtue ignorance,0.38256183
virtue,0.38256183
vicky cristina,0.38256183
ignorance,0.38256183
unexpected virtue,0.38256183
vicky,0.38256183
threesome vicky,0.38256183
guilass,0.38256183
cristina,0.38256183
jonestown,0.382434
people temple,0.382434
death people,0.382434
jonestown life,0.382434
bruce willis,0.38234818
willis,0.38234818
art hero,0.3822936
hero ying,0.3822936
carrey,0.3822772
jim carrey,0.3822772
air making,0.38219544
making south,0.38219544
day air,0.38219544
life without,0.38216776
adultery terminal,0.38216776
illness life,0.38216776
beirut west,0.38214973
west beirut,0.38214973
beirut,0.38214973
beyrouth,0.38214973
west beyrouth,0.38214973
tucker dale,0.3819841
comedy tucker,0.3819841
dale evil,0.3819841
dale,0.3819841
sweet charlotte,0.38194022
hush sweet,0.38194022
hush hush,0.38194022
piedone,0.38182205
flatfoot nile,0.38182205
inhuman resource,0.38182205
inhuman,0.38182205
resource,0.38182205
resource redd,0.38182205
hawk sparrow,0.38182205
degitto,0.38182205
nile piedone,0.38182205
montage heck,0.38182205
sparrow,0.38182205
sparrow uccellacci,0.38182205
kurt cobain,0.38182205
uccellacci,0.38182205
uccellacci uccellini,0.38182205
redd,0.38182205
montage,0.38182205
redd inc,0.38182205
uccellini,0.38182205
piedone degitto,0.38182205
cobain,0.38182205
cobain montage,0.38182205
flatfoot,0.38182205
nevsky,0.38182205
nevskiy,0.38182205
nevsky aleksandr,0.38182205
aleksandr,0.38182205
alexander nevsky,0.38182205
aleksandr nevskiy,0.38182205
heck,0.38182205
music original,0.381367
dvd,0.3812917
day disco,0.3812917
netflix last,0.3812917
disco,0.3812917
dvd netflix,0.3812917
night iv,0.38127768
iv deliver,0.38127768
grand day,0.3812245
moon grand,0.3812245
day wallace,0.3812245
shooting dog,0.3811908
beyond gate,0.3811908
aka beyond,0.3811908
emotional heartwarming,0.3811295
king ii,0.38100347
ii simbas,0.38100347
simbas,0.38100347
simbas pride,0.38100347
bram,0.38087785
stoker dracula,0.38087785
bram stoker,0.38087785
dracula bram,0.38087785
right thing,0.38077673
great cinematography,0.38077673
racism great,0.38077673
cinematography right,0.38077673
far home,0.38064688
home adventure,0.38064688
yellow dog,0.38064688
adventure yellow,0.38064688
chappelle deep,0.38056818
deep heart,0.38056818
heart texas,0.38056818
real woman,0.3804898
woman curve,0.3804898
power real,0.3804898
curve,0.3804898
york caveman,0.38044125
caveman valentine,0.38044125
homeless new,0.38044125
marriage woman,0.38044032
tracy marriage,0.38044032
woman year,0.38044032
child lesser,0.3802912
lesser god,0.3802912
penalty child,0.3802912
lesser,0.3802912
famous iedereen,0.38024232
hoop hudsucker,0.38024232
hudsucker,0.38024232
hula hoop,0.38024232
copie conforme,0.38024232
hula,0.38024232
iedereen beroemd,0.38024232
iedereen,0.38024232
copy copie,0.38024232
ri kui,0.38024232
ri,0.38024232
xiang ri,0.38024232
copie,0.38024232
sunflower,0.38024232
sunflower xiang,0.38024232
conforme,0.38024232
certified copy,0.38024232
certified,0.38024232
proxy,0.38024232
hudsucker proxy,0.38024232
xiang,0.38024232
everybodys,0.38024232
everybodys famous,0.38024232
beroemd,0.38024232
search spock,0.3802345
trek iii,0.3802345
iii search,0.3802345
spock,0.3802345
perry daddy,0.3801211
daddy little,0.3801211
day belle,0.38009337
beauty day,0.38009337
de jour,0.38009337
belle de,0.38009337
rekka,0.38002244
disturbing drama,0.37988538
provoking twist,0.37987044
sanjuro tsubaki,0.37977624
sanjr,0.37977624
queue sanjuro,0.37977624
sanjuro,0.37977624
tsubaki sanjr,0.37977624
tsubaki,0.37977624
future intelligent,0.3797219
gattaca,0.3797219
provoking gattaca,0.3797219
league crisis,0.37972125
two earth,0.37972125
crisis two,0.37972125
big short,0.3796029
interesting witty,0.3796029
witty big,0.3796029
element crime,0.3794038
crime forbrydelsens,0.3794038
forbrydelsens,0.3794038
forbrydelsens element,0.3794038
miiib,0.37910852
iii miiib,0.37910852
black iii,0.37910852
miiib mib,0.37910852
reacher never,0.37888846
never go,0.37888846
go back,0.37888846
ensemble,0.3785402
ensemble cast,0.3785402
trou le,0.3784879
trou,0.3784879
le hole,0.3784879
hole night,0.3784879
reef,0.378225
hero gun,0.378225
wick,0.378225
keanu reef,0.378225
john wick,0.378225
dorchestra,0.37796447
prova,0.37796447
prova dorchestra,0.37796447
orchestra,0.37796447
andrei,0.37796447
bitty titty,0.37796447
titty committee,0.37796447
andrey,0.37796447
andrey rublyov,0.37796447
andrei rublev,0.37796447
rehearsal prova,0.37796447
bitty,0.37796447
rehearsal,0.37796447
orchestra rehearsal,0.37796447
titty,0.37796447
rublev,0.37796447
rublev andrey,0.37796447
rublyov,0.37796447
committee,0.37796447
itty,0.37796447
itty bitty,0.37796447
meditative,0.37792748
politics fear,0.37787572
nightmare rise,0.37787572
rise politics,0.37787572
power nightmare,0.37787572
trek first,0.37778345
first contact,0.37778345
borg star,0.37778345
borg,0.37778345
strawberry chocolate,0.37777975
fresa,0.37777975
fresa chocolate,0.37777975
chocolate fresa,0.37777975
chris evans,0.3777278
jessica alba,0.3777278
alba,0.3777278
evans,0.3777278
female scientist,0.3777278
sexy female,0.3777278
mononoke,0.37770543
street money,0.37764302
money never,0.37764302
never sleep,0.37764302
live comedy,0.37739646
store,0.37739646
comedy store,0.37739646
life train,0.3773274
de vie,0.3773274
train life,0.3773274
train de,0.3773274
id,0.3771037
aka id,0.3771037
alien independence,0.3771037
day aka,0.3771037
disney snow,0.37702277
white seven,0.37702277
dwarf,0.37702277
seven dwarf,0.37702277
surreal life,0.3767465
cinematography india,0.3767465
life pi,0.3767465
india surreal,0.3767465
international man,0.37665316
man mystery,0.37665316
power international,0.37665316
toulon revenge,0.37664524
master iii,0.37664524
toulon,0.37664524
iii toulon,0.37664524
agent carter,0.37663394
shot agent,0.37663394
doo curse,0.3764896
lake monster,0.3764896
curse lake,0.3764896
penalty john,0.37639418
grisham chamber,0.37639418
alive kicking,0.37630716
summer aka,0.37630716
aka alive,0.37630716
broadway danny,0.37624303
danny rose,0.37624303
business broadway,0.37624303
amy adam,0.37618157
superhero man,0.37618157
man steel,0.37618157
adam superhero,0.37618157
soundtrack night,0.3758438
atmospheric soundtrack,0.3758438
shyamalan village,0.3758438
bellezza,0.37571886
great beauty,0.37571886
bellezza la,0.37571886
grande bellezza,0.37571886
beauty grande,0.37571886
david cross,0.37560776
cross making,0.37560776
america great,0.37560776
making america,0.37560776
forbidden planet,0.37556908
sort space,0.37556908
space forbidden,0.37556908
omega great,0.37538695
great wolf,0.37538695
wolf game,0.37538695
alpha omega,0.37538695
ending lucky,0.37537113
lucky number,0.37537113
slevin,0.37537113
number slevin,0.37537113
giant men,0.37533912
dev adam,0.37533912
adam three,0.37533912
three giant,0.37533912
dev,0.37533912
show traffic,0.375291
drug based,0.375291
cant jump,0.37524217
white men,0.37524217
basketball white,0.37524217
men cant,0.37524217
svet,0.37518153
tmavomodr svet,0.37518153
world tmavomodr,0.37518153
tmavomodr,0.37518153
blue world,0.37518153
brady sequel,0.3749873
show brady,0.3749873
kumar go,0.37489867
go white,0.37489867
white castle,0.37489867
siege tale,0.37472734
king dungeon,0.37472734
dungeon siege,0.37472734
fievel,0.37471205
fievel go,0.37471205
tail fievel,0.37471205
present demon,0.3747024
demon knight,0.3747024
le red,0.37467563
red circle,0.37467563
cercle,0.37467563
cercle rouge,0.37467563
london adventure,0.37458095
ii patch,0.37458095
patch london,0.37458095
dalmatian ii,0.37458095
begin goal,0.3744781
dream begin,0.3744781
goal dream,0.3744781
men dont,0.3743613
dont wear,0.3743613
wear plaid,0.3743613
plaid,0.3743613
jinx,0.3741797
jinx life,0.3741797
robert durst,0.3741797
death robert,0.3741797
durst,0.3741797
operation condor,0.37398
business radioland,0.37373266
radioland murder,0.37373266
radio show,0.37373266
radioland,0.37373266
solid,0.37361798
solid state,0.37361798
state society,0.37361798
shell solid,0.37361798
funny great,0.37328145
annoying,0.37323922
gone girl,0.37323922
ending gone,0.37323922
annoying stupid,0.37323922
legend seven,0.37323856
sinbad legend,0.37323856
seven sea,0.37323856
swashbuckler sinbad,0.37323856
aka best,0.37320414
best shot,0.37320414
basketball hoosier,0.37320414
hoosier aka,0.37320414
hoosier,0.37320414
vu deja,0.37314838
deja,0.37314838
deja vu,0.37314838
aka tell,0.3730141
tell child,0.3730141
madness aka,0.3730141
bebop,0.37292352
cowboy bebop,0.37292352
canton lady,0.3728445
canton,0.3728445
miracle mr,0.3728445
lady rose,0.3728445
mr canton,0.3728445
mostly martha,0.3727832
martha bella,0.3727832
bella martha,0.3727832
stunning akira,0.37269238
anime visually,0.37269238
roast james,0.3725327
queen mar,0.37234685
aelita queen,0.37234685
mar aelita,0.37234685
last battle,0.37224934
combat,0.37224934
le last,0.37224934
dernier combat,0.37224934
combat le,0.37224934
orgasm,0.37222952
amys orgasm,0.37222952
amys aka,0.37222952
aka amys,0.37222952
edward wood,0.3722277
wood jr,0.3722277
world edward,0.3722277
kidnapping mystic,0.37207764
mystic river,0.37207764
abuse kidnapping,0.37207764
scene class,0.37158293
struggle beverly,0.37158293
class struggle,0.37158293
mountain state,0.37136224
state rise,0.37136224
blue mountain,0.37136224
thadland,0.37136224
rise thadland,0.37136224
far side,0.37131855
commander far,0.37131855
side world,0.37131855
master commander,0.37131855
ghost buster,0.37125155
aka ghost,0.37125155
ghostbusters aka,0.37125155
academy assignment,0.37125102
assignment miami,0.37125102
miami beach,0.37125102
solitude,0.3712318
solitude moon,0.3712318
fi solitude,0.3712318
like sci,0.3712318
like,0.3712318
juan,0.3710433
juan demarco,0.3710433
psychology juan,0.3710433
demarco,0.3710433
advent,0.37101448
advent child,0.37101448
vii advent,0.37101448
fantasy vii,0.37101448
dave need,0.37100574
mike dave,0.37100574
need wedding,0.37100574
blue line,0.37089002
thin blue,0.37089002
queue police,0.37089002
police thin,0.37089002
kaij gojira,0.37064624
monster kaij,0.37064624
king monster,0.37064624
godzilla king,0.37064624
kaij,0.37064624
family sweet,0.37062633
sandler family,0.37062633
sweet spanglish,0.37062633
spanglish,0.37062633
dialogue great,0.37054014
surreal surrealism,0.37047264
surrealism,0.37047264
circus big,0.37041816
top pee,0.37041816
business behind,0.37040564
getting high,0.37040564
union business,0.37040564
behind getting,0.37040564
age great,0.370319
egg scapade,0.370319
great egg,0.370319
scapade,0.370319
police squad,0.36999878
gun file,0.36999878
file police,0.36999878
soul hyryuu,0.36997238
hyryuu gai,0.36997238
hyryuu,0.36997238
lost soul,0.36997238
bob strike,0.3698927
balloon ballon,0.3698481
red balloon,0.3698481
ballon,0.3698481
ballon rouge,0.3698481
je men,0.36981848
vrit,0.36981848
vrit si,0.36981848
la vrit,0.36981848
si je,0.36981848
rodrick,0.36978188
rodrick rule,0.36978188
kid rodrick,0.36978188
stone age,0.3697262
funny stone,0.3697262
croods,0.3697262
animation funny,0.3697262
age croods,0.3697262
ninja high,0.36964172
mega mountain,0.36964172
noon mega,0.36964172
tell mom,0.36950436
dont tell,0.36950436
babysitter dead,0.36950436
mom babysitter,0.36950436
pourpres le,0.3694664
river rivires,0.3694664
still walking,0.3693999
walking aruitemo,0.3693999
aruitemo aruitemo,0.3693999
code name,0.36939657
crazy aka,0.36939657
trixie,0.36939657
aka code,0.36939657
name trixie,0.36939657
bordello blood,0.3693795
present bordello,0.3693795
bordello,0.3693795
walk dont,0.36937642
tokyo walk,0.36937642
olympics tokyo,0.36937642
dont run,0.36937642
perdition,0.3693729
cinematography tom,0.3693729
hank road,0.3693729
road perdition,0.3693729
spielberg,0.36919492
steven,0.36919492
steven spielberg,0.36919492
wesley,0.36903557
snipe blade,0.36903557
great wesley,0.36903557
wesley snipe,0.36903557
blade ii,0.36903557
frankenstein bride,0.36894196
material world,0.3688611
george harrison,0.3688611
harrison living,0.3688611
living material,0.3688611
blind blindness,0.36885506
patch blue,0.36885506
race patch,0.36885506
blindness race,0.36885506
red october,0.3688352
hunt red,0.3688352
clancy hunt,0.3688352
chile,0.36874437
america missing,0.36874437
chile politics,0.36874437
politics south,0.36874437
build,0.36865672
blandings build,0.36865672
dream house,0.36865672
blandings,0.36865672
mr blandings,0.36865672
build dream,0.36865672
seule la,0.36863565
seule,0.36863565
single girl,0.36863565
girl fille,0.36863565
fille seule,0.36863565
aka ypf,0.3686143
ypf,0.3686143
young people,0.3686143
fucking aka,0.3686143
people fucking,0.3686143
carlin life,0.3685468
worth losing,0.3685468
life worth,0.3685468
hudson sexuality,0.3683454
day hudson,0.3683454
sexuality pillow,0.3683454
pillow talk,0.3683454
corrina corrina,0.36826178
romance corrina,0.36826178
interracial romance,0.36826178
shadow motown,0.3682518
motown,0.3682518
business standing,0.3682518
standing shadow,0.3682518
second best,0.36822483
mirror two,0.36821482
ad mirror,0.36821482
two face,0.36821482
live beacon,0.36782426
beacon,0.36782426
beacon theater,0.36782426
violin violon,0.367751
violon,0.367751
violon rouge,0.367751
violin,0.367751
red violin,0.367751
janghwa hongryeon,0.36771002
janghwa,0.36771002
two sister,0.36771002
sister janghwa,0.36771002
hongryeon,0.36771002
woman affaire,0.36759374
affaire,0.36759374
de femmes,0.36759374
affaire de,0.36759374
femmes une,0.36759374
banlieue ultimatum,0.3675403
ultimatum banlieue,0.3675403
district ultimatum,0.3675403
dog dead,0.36745864
bungo stray,0.36745864
dead apple,0.36745864
bungo,0.36745864
doo loch,0.3674533
ness monster,0.3674533
part new,0.36729705
nerd paradise,0.3671218
nerd ii,0.3671218
ii nerd,0.3671218
hornby high,0.36704487
music nick,0.36704487
high fidelity,0.36704487
fidelity,0.36704487
homeless screwball,0.36684668
screwball man,0.36684668
butler homeless,0.36684668
intellectual,0.36669648
guy poor,0.36668766
girl sabrina,0.36668766
rich guy,0.36668766
poor girl,0.36668766
night fog,0.36665472
brouillard,0.36665472
fog nuit,0.36665472
nuit et,0.36665472
et brouillard,0.36665472
alcott,0.36648563
louisa,0.36648563
louisa may,0.36648563
alcott little,0.36648563
may alcott,0.36648563
thiren,0.3664839
ghost aka,0.3664839
aka thiren,0.3664839
thiren ghost,0.3664839
thirteen ghost,0.3664839
silence grande,0.36642674
silenzio il,0.36642674
silenzio,0.36642674
great silence,0.36642674
grande silenzio,0.36642674
manhunter,0.3663321
lecter serial,0.3663321
killer manhunter,0.3663321
nerd iv,0.36625656
nerd love,0.36625656
iv nerd,0.36625656
five army,0.36625051
hope hobbit,0.36625051
battle five,0.36625051
hobbit battle,0.36625051
et cloptre,0.36623448
asterix cleopatra,0.36623448
quirky sad,0.36602533
marathon shoot,0.36589256
horse dont,0.36589256
dance marathon,0.36589256
shoot horse,0.36589256
quatermain lost,0.36585033
city gold,0.36585033
allan quatermain,0.36585033
allan,0.36585033
quatermain,0.36585033
doctor gross,0.36584082
gross,0.36584082
aka cut,0.36584082
anatomy aka,0.36584082
gross anatomy,0.36584082
mtro le,0.3655514
dernier mtro,0.3655514
last metro,0.3655514
metro dernier,0.3655514
aka murderer,0.36530265
sea aka,0.36530265
murderer hwanghae,0.36530265
yellow sea,0.36530265
hwanghae,0.36530265
adultery postman,0.36523068
looking comedy,0.36509168
muslim,0.36509168
muslim world,0.36509168
comedy muslim,0.36509168
queue looking,0.36509168
funny ridiculous,0.36497232
silly kung,0.36497232
kung fury,0.36497232
ridiculous silly,0.36497232
narrated,0.36482888
robert former,0.36479875
dickie,0.36479875
former child,0.36479875
child star,0.36479875
dickie robert,0.36479875
former,0.36479875
hill mob,0.36472553
heist lavender,0.36472553
lavender,0.36472553
lavender hill,0.36472553
crime heist,0.36472553
halloween iii,0.36471078
iii season,0.36471078
joon,0.36449325
benny,0.36449325
benny joon,0.36449325
illness seen,0.36449325
seen benny,0.36449325
ii saint,0.36448592
saint day,0.36448592
saint ii,0.36448592
fantastic planet,0.36447424
plante sauvage,0.36447424
plante,0.36447424
sauvage la,0.36447424
planet plante,0.36447424
sauvage,0.36447424
town creek,0.36444977
creek aka,0.36444977
blood creek,0.36444977
aka town,0.36444977
trouser,0.36438456
wrong trouser,0.36438456
gromit wrong,0.36438456
atmospheric dark,0.36435598
metaphorical psychological,0.36435598
babadook,0.36435598
metaphorical,0.36435598
psychological babadook,0.36435598
dark metaphorical,0.36435598
mma tom,0.36425334
hardy warrior,0.36425334
boxing mma,0.36425334
mma,0.36425334
alcatraz michael,0.3641915
bay terrorism,0.3641915
terrorism rock,0.3641915
estate,0.3640395
house sand,0.3640395
estate house,0.3640395
sand fog,0.3640395
real estate,0.3640395
asked question,0.36400968
frequently,0.36400968
frequently asked,0.36400968
question,0.36400968
question time,0.36400968
asked,0.36400968
bouncer,0.36399776
love bouncer,0.36399776
bouncer lady,0.36399776
brain smasher,0.36399776
smasher love,0.36399776
smasher,0.36399776
eighth,0.36395362
eighth day,0.36395362
huitime jour,0.36395362
huitime,0.36395362
jour le,0.36395362
day huitime,0.36395362
hasselhoff,0.36391842
david hasselhoff,0.36391842
roast david,0.36391842
zachary,0.36389494
dear zachary,0.36389494
letter son,0.36389494
son father,0.36389494
zachary letter,0.36389494
twin dragon,0.36384773
dragon shuang,0.36384773
hui,0.36384773
long hui,0.36384773
shuang long,0.36384773
best youth,0.36377788
youth la,0.36377788
giovent,0.36377788
la meglio,0.36377788
meglio,0.36377788
meglio giovent,0.36377788
place valseuses,0.36377475
irreverent going,0.36377475
going place,0.36377475
valseuses le,0.36377475
valseuses,0.36377475
bruce aka,0.3637679
aka fistful,0.3637679
fistful chopstick,0.3637679
call bruce,0.3637679
chopstick,0.3637679
amerikanische freund,0.3637094
freund,0.3637094
freund der,0.3637094
amerikanische,0.3637094
friend amerikanische,0.3637094
american friend,0.3637094
fauve,0.36367494
fauve le,0.36367494
nuits fauve,0.36367494
nuits,0.36367494
savage night,0.36367494
night nuits,0.36367494
emotional feel,0.3636096
ii saving,0.36348805
saving private,0.36348805
private ryan,0.36348805
peculiar child,0.36344802
home peculiar,0.36344802
peculiar,0.36344802
peregrine,0.36344802
miss peregrine,0.36344802
peregrine home,0.36344802
war jarhead,0.36344266
modern war,0.36344266
jarhead,0.36344266
forever yorozuya,0.36343816
gintama final,0.36343816
yorozuya,0.36343816
chapter forever,0.36343816
hero unite,0.36328495
unite,0.36328495
dc hero,0.36328495
batman dc,0.36328495
loaf death,0.36327264
gromit matter,0.36327264
matter loaf,0.36327264
matter,0.36327264
succes aka,0.36321816
secret success,0.36321816
aka secret,0.36321816
secret succes,0.36321816
succes,0.36321816
do homens,0.3631614
homens,0.3631614
men cidade,0.3631614
city men,0.3631614
cidade do,0.3631614
three face,0.36305344
face eve,0.36305344
personality three,0.36305344
personality,0.36305344
multiple personality,0.36305344
gromit close,0.36303312
close shave,0.36303312
shave,0.36303312
heartwarming finding,0.36298388
fish heartwarming,0.36298388
finding nemo,0.36298388
disney fish,0.36298388
da weie,0.3629677
white ribbon,0.3629677
weie,0.3629677
weie band,0.3629677
ribbon da,0.3629677
history poetic,0.36287624
poetic representation,0.36287624
representation child,0.36287624
affair love,0.36287287
love liaison,0.36287287
pornographique une,0.36287287
pornographique,0.36287287
liaison pornographique,0.36287287
die xue,0.36278877
xue shuang,0.36278877
killer die,0.36278877
shuang xiong,0.36278877
temple doom,0.36277902
jones temple,0.36277902
dubei dao,0.3626898
dubei,0.3626898
swordsman dubei,0.3626898
kevin costner,0.3624097
costner,0.3624097
costner post,0.3624097
apocalyptic postman,0.3624097
frittons gold,0.3624022
trinians legend,0.3624022
frittons,0.3624022
legend frittons,0.3624022
out la,0.36240068
bouffe,0.36240068
grande bouffe,0.36240068
blow out,0.36240068
liza,0.3623654
plane widowswidowers,0.3623654
drug plane,0.3623654
widowswidowers love,0.3623654
love liza,0.3623654
jones kingdom,0.36230752
crystal skull,0.36230752
kingdom crystal,0.36230752
hairy bird,0.3622543
wanna,0.3622543
strike aka,0.3622543
wanna hairy,0.3622543
aka wanna,0.3622543
shadow larme,0.36205292
larme,0.36205292
de ombres,0.36205292
ombres,0.36205292
larme de,0.36205292
army shadow,0.36205292
india lagaan,0.36191058
lagaan,0.36191058
lagaan upon,0.36191058
time india,0.36191058
animation cult,0.36175162
stylish surreal,0.36175162
cult stylish,0.36175162
flcl,0.36175162
surreal flcl,0.36175162
temptation christ,0.3617229
katzanzakis,0.3617229
katzanzakis last,0.3617229
bible katzanzakis,0.3617229
st elmos,0.36168265
college st,0.36168265
elmos,0.36168265
elmos fire,0.36168265
post college,0.36168265
alien seek,0.36161417
codependent lesbian,0.36161417
lesbian space,0.36161417
codependent,0.36161417
bank destination,0.3615947
destination london,0.3615947
seiki,0.3614396
neon genesis,0.3614396
evangelion gekij,0.3614396
genesis evangelion,0.3614396
genesis,0.3614396
shin seiki,0.3614396
seiki evangelion,0.3614396
psychopath one,0.36129376
hour photo,0.36129376
photography psychopath,0.36129376
one hour,0.36129376
pjaros,0.3611881
pjaros de,0.3611881
de papel,0.3611881
bird pjaros,0.3611881
paper bird,0.3611881
papel,0.3611881
hallucinatory mental,0.36117172
fair lady,0.3611458
shaw fair,0.3611458
part vii,0.36107972
vii new,0.36107972
new blood,0.36107972
straight white,0.36089927
carvey straight,0.36089927
con men,0.36089802
men fatherhood,0.36089802
matchstick,0.36089802
matchstick men,0.36089802
fatherhood matchstick,0.36089802
ray rayon,0.36089554
vert le,0.36089554
rayon vert,0.36089554
rayon,0.36089554
green ray,0.36089554
vert,0.36089554
went hill,0.36081764
came mountain,0.36081764
englishman went,0.36081764
hill came,0.36081764
night opera,0.36068225
opera night,0.36068225
brother opera,0.36068225
pat mike,0.36066535
tracy sport,0.36066535
sport pat,0.36066535
inherit wind,0.36062354
inherit,0.36062354
evolution religion,0.36062354
court evolution,0.36062354
religion inherit,0.36062354
narnia voyage,0.36058572
dawn treader,0.36058572
voyage dawn,0.36058572
treader,0.36058572
rosencrantz guildenstern,0.36057314
rosencrantz,0.36057314
guildenstern dead,0.36057314
sort rosencrantz,0.36057314
guildenstern,0.36057314
burma vj,0.3605516
vj,0.3605516
king carrie,0.36040884
prom stephen,0.36040884
school prom,0.36040884
tarantino samuel,0.36027053
wine blood,0.3602546
fu manchu,0.3601409
dr fu,0.3601409
fiendish,0.3601409
fiendish plot,0.3601409
manchu,0.3601409
plot dr,0.3601409
montaa sagrada,0.36007532
montaa,0.36007532
sagrada la,0.36007532
holy mountain,0.36007532
sagrada,0.36007532
mountain montaa,0.36007532
tupac,0.3600273
tupac resurrection,0.3600273
rap tupac,0.3600273
business rap,0.3600273
rap,0.3600273
pelle erobreren,0.35976765
erobreren,0.35976765
maiden uniform,0.35976765
yesterday omohide,0.35976765
mdchen,0.35976765
omohide poro,0.35976765
scare,0.35976765
mdchen uniform,0.35976765
pelle conqueror,0.35976765
hare um,0.35976765
bushiko,0.35976765
conqueror pelle,0.35976765
poro poro,0.35976765
narayama narayama,0.35976765
uniform mdchen,0.35976765
scare um,0.35976765
ballad narayama,0.35976765
um scare,0.35976765
narayama bushiko,0.35976765
omohide,0.35976765
vida loca,0.3597116
vida,0.3597116
crazy life,0.3597116
mi vida,0.3597116
life mi,0.3597116
loca,0.3597116
clear present,0.3597
clancy clear,0.3597
present danger,0.3597
davy,0.35953203
davy crockett,0.35953203
king wild,0.35953203
wild frontier,0.35953203
crockett,0.35953203
crockett king,0.35953203
stone reader,0.35947192
book stone,0.35947192
stone summer,0.35947192
summer stone,0.35947192
talladega,0.3592332
night ballad,0.3592332
ballad ricky,0.3592332
ricky bobby,0.3592332
talladega night,0.3592332
even rain,0.3592192
rain tambin,0.3592192
tambin la,0.3592192
lluvia,0.3592192
la lluvia,0.3592192
gardener,0.35911828
politics constant,0.35911828
business politics,0.35911828
constant,0.35911828
constant gardener,0.35911828
africa business,0.35911828
butcher grnne,0.35909066
grnne,0.35909066
slagtere de,0.35909066
grnne slagtere,0.35909066
slagtere,0.35909066
green butcher,0.35909066
decima,0.35886377
victim la,0.35886377
la decima,0.35886377
th victim,0.35886377
vittima,0.35886377
decima vittima,0.35886377
chgoku chjin,0.3587776
chgoku,0.3587776
chjin,0.3587776
people china,0.3587776
bird people,0.3587776
china chgoku,0.3587776
hotel chevalier,0.35873693
part darjeeling,0.35873693
chevalier,0.35873693
chevalier part,0.35873693
making people,0.35872442
people laugh,0.35872442
carr making,0.35872442
sell hard,0.35861015
hard sell,0.35861015
good live,0.35861015
live hard,0.35861015
myth hobbit,0.35857886
action myth,0.35857886
unexpected journey,0.35857886
hobbit unexpected,0.35857886
american drug,0.3584016
white hope,0.3584016
drug war,0.3584016
last white,0.3584016
los ojos,0.3580878
abre,0.3580878
open eye,0.3580878
abre los,0.3580878
eye abre,0.3580878
remake father,0.35801578
bride part,0.35801578
pregnancy remake,0.35801578
war foreign,0.3579959
journalism war,0.3579959
correspondent,0.3579959
foreign,0.3579959
foreign correspondent,0.3579959
europe journalism,0.3579959
daisens,0.3579957
ykai,0.3579957
yokai war,0.3579957
great yokai,0.3579957
war ykai,0.3579957
yokai,0.3579957
ykai daisens,0.3579957
best offer,0.35798445
offerta la,0.35798445
migliore offerta,0.35798445
migliore,0.35798445
offerta,0.35798445
offer,0.35798445
offer migliore,0.35798445
bible religion,0.35793865
greatest ever,0.35793865
ever told,0.35793865
told,0.35793865
religion greatest,0.35793865
new orleans,0.3578836
call new,0.3578836
lieutenant port,0.3578836
port,0.3578836
port call,0.3578836
orleans,0.3578836
loneliness witty,0.35787633
witty social,0.35787633
social network,0.35787633
dialogue loneliness,0.35787633
degli dei,0.3578001
la caduta,0.3578001
caduta,0.3578001
damned la,0.3578001
caduta degli,0.3578001
appealing la,0.35777608
la land,0.35777608
la la,0.35777608
godzilla mothra,0.3577439
mosura tai,0.3577439
eye lloyd,0.35763773
dobbler,0.35763773
lloyd dobbler,0.35763773
say anything,0.35763773
dobbler say,0.35763773
attack clone,0.3575676
episode ii,0.3575676
ii attack,0.3575676
sebastian maniscalco,0.35738477
maniscalco whats,0.35738477
wrong people,0.35738477
maniscalco,0.35738477
whats wrong,0.35738477
motocicleta,0.35715216
diarios,0.35715216
diary diarios,0.35715216
motorcycle diary,0.35715216
de motocicleta,0.35715216
diarios de,0.35715216
throughout age,0.3571063
intolerance,0.3571063
intolerance love,0.3571063
struggle throughout,0.3571063
throughout,0.3571063
love struggle,0.3571063
arnold schwarzenegger,0.3570298
schwarzenegger,0.3570298
queue cat,0.3570017
neko ongaeshi,0.3570017
return neko,0.3570017
cat return,0.3570017
ongaeshi,0.3570017
race eats,0.35696164
marathon race,0.35696164
barkley marathon,0.35696164
barkley,0.35696164
eats young,0.35696164
fu hustle,0.3568696
hustle gong,0.3568696
richard pryor,0.35683155
pryor,0.35683155
pryor live,0.35683155
live sunset,0.35683155
le roseaux,0.3568283
roseaux sauvages,0.3568283
roseaux,0.3568283
wild reed,0.3568283
sauvages,0.3568283
reed,0.3568283
reed le,0.3568283
gentleman agreement,0.35669112
agreement,0.35669112
judaism gentleman,0.35669112
butch,0.3566563
sundance kid,0.3566563
butch cassidy,0.3566563
cassidy,0.3566563
cassidy sundance,0.3566563
crime butch,0.3566563
la bouche,0.3566388
pa sur,0.3566388
bouche,0.3566388
sur la,0.3566388
lip pa,0.3566388
pratchetts hogfather,0.3565352
micmac tire,0.3565352
micmac micmac,0.3565352
terry,0.3565352
pratchetts,0.3565352
ue ponyo,0.3565352
gake,0.3565352
larigot,0.3565352
ponyo gake,0.3565352
tire larigot,0.3565352
gake ue,0.3565352
ue,0.3565352
hogfather terry,0.3565352
terry pratchetts,0.3565352
tire,0.3565352
cirque,0.35630387
freak vampire,0.35630387
du freak,0.35630387
vampire assistant,0.35630387
assistant,0.35630387
cirque du,0.35630387
billabong,0.35625562
big wave,0.35625562
surfing billabong,0.35625562
billabong odyssey,0.35625562
wave surfing,0.35625562
princess kaguya,0.35613415
tale princess,0.35613415
kaguya kaguyahime,0.35613415
kaguyahime,0.35613415
kaguya,0.35613415
kaguyahime monogatari,0.35613415
sacred star,0.35611087
sacred,0.35611087
alchemist sacred,0.35611087
star milo,0.35611087
kumar escape,0.35605717
escape guantanamo,0.35605717
guantanamo bay,0.35605717
bom,0.35594514
devil doorstep,0.35587624
doorstep guizi,0.35587624
doorstep,0.35587624
guizi,0.35587624
lai,0.35587624
lai le,0.35587624
guizi lai,0.35587624
old grumpier,0.35586146
grumpier,0.35586146
grumpier old,0.35586146
moldy,0.35586146
moldy old,0.35586146
icicle thief,0.35582274
icicle,0.35582274
di saponette,0.35582274
saponette,0.35582274
habitacin,0.35581523
en rom,0.35581523
rome habitacin,0.35581523
room rome,0.35581523
habitacin en,0.35581523
paris je,0.3556423
je taime,0.3556423
love paris,0.3556423
taime,0.3556423
north country,0.35562962
queue north,0.35562962
drama netflix,0.35562962
throw,0.35547623
throw momma,0.35547623
train throw,0.35547623
momma train,0.35547623
charles shadow,0.3553595
shadow thin,0.3553595
alice doesnt,0.35531828
doesnt,0.35531828
queue alice,0.35531828
doesnt live,0.35531828
dumberer,0.35530508
met lloyd,0.35530508
dumb dumberer,0.35530508
dumberer harry,0.35530508
sad notebook,0.35530388
romance sad,0.35530388
loss romance,0.35530388
memory loss,0.35530388
notebook,0.35530388
der dingen,0.3552626
de helaasheid,0.3552626
dingen,0.3552626
misfortunates de,0.3552626
misfortunates,0.3552626
helaasheid der,0.3552626
helaasheid,0.3552626
ii sand,0.35526207
sand iwo,0.35526207
inu,0.35524476
dog nora,0.35524476
nora inu,0.35524476
queue stray,0.35524476
one missed,0.35523748
chakushin ari,0.35523748
chakushin,0.35523748
call chakushin,0.35523748
missed call,0.35523748
missed,0.35523748
mockingbird,0.35488614
kill mockingbird,0.35488614
harper,0.35488614
racism kill,0.35488614
lee racism,0.35488614
harper lee,0.35488614
taare zameen,0.35487545
par,0.35487545
taare,0.35487545
zameen,0.35487545
zameen par,0.35487545
earth taare,0.35487545
star earth,0.35487545
giornata particolare,0.3547652
particolare una,0.3547652
particolare,0.3547652
day giornata,0.3547652
giornata,0.3547652
special day,0.3547652
olympian lightning,0.35471332
lightning thief,0.35471332
olympian,0.35471332
jackson olympian,0.35471332
succeed,0.35469866
business without,0.35469866
succeed business,0.35469866
without really,0.35469866
really trying,0.35469866
jap,0.3546829
juk jap,0.3546829
wak juk,0.3546829
short story,0.3546631
incredibly true,0.35463473
girl love,0.35463473
true adventure,0.35463473
adventure two,0.35463473
sen mireniamu,0.3546088
gojira ni,0.3546088
ni sen,0.3546088
mireniamu,0.3546088
land plenty,0.35453644
alienation,0.35453644
plenty,0.35453644
plenty angst,0.35453644
alienation america,0.35453644
angst alienation,0.35453644
low tengoku,0.3542376
tengoku jigoku,0.3542376
high low,0.3542376
queue high,0.3542376
charles another,0.35396326
another thin,0.35396326
rupert murdoch,0.35385332
murdoch,0.35385332
rupert,0.35385332
war journalism,0.35385332
murdoch war,0.35385332
outfoxed,0.35385332
outfoxed rupert,0.35385332
genshisuru kami,0.35371146
genshisuru,0.35371146
kami,0.35371146
rewrite genshisuru,0.35371146
note rewrite,0.35371146
song thin,0.3536618
charles song,0.3536618
bahnhof,0.35359752
christiane,0.35359752
bahnhof zoo,0.35359752
broke requiem,0.35357744
levee broke,0.35357744
four act,0.35357744
levee,0.35357744
requiem four,0.35357744
oshea inside,0.35356817
im dancing,0.35356817
rory oshea,0.35356817
inside im,0.35356817
oshea,0.35356817
bloodlust banpaia,0.35349575
banpaia hant,0.35349575
banpaia,0.35349575
hant,0.35349575
hunter bloodlust,0.35349575
bloodlust,0.35349575
state building,0.35343114
building sleepless,0.35343114
sleepless,0.35343114
empire state,0.35343114
sleepless seattle,0.35343114
australia racism,0.3534262
romper stomper,0.3534262
romper,0.3534262
racism violence,0.3534262
violence romper,0.3534262
stomper,0.3534262
mashin,0.35342053
mashin gru,0.35342053
kataude mashin,0.35342053
machine girl,0.35342053
girl kataude,0.35342053
kataude,0.35342053
gru,0.35342053
leslie,0.35334566
leslie vernon,0.35334566
rise leslie,0.35334566
behind mask,0.35334566
mask rise,0.35334566
vernon,0.35334566
nun dead,0.3530883
penalty nun,0.3530883
man walking,0.3530883
surreal visually,0.35286123
mimi wo,0.3528362
sumaseba,0.3528362
wo sumaseba,0.3528362
mimi,0.3528362
heart mimi,0.3528362
whisper heart,0.3528362
apur,0.35281706
apur sansar,0.35281706
world apu,0.35281706
india world,0.35281706
apu,0.35281706
apu apur,0.35281706
sansar,0.35281706
india little,0.3526849
power india,0.3526849
england girl,0.3526849
dracula andy,0.35261118
blood dracula,0.35261118
warhol dracula,0.35261118
einer seele,0.35251057
einer,0.35251057
secret soul,0.35251057
geheimnisse,0.35251057
geheimnisse einer,0.35251057
soul geheimnisse,0.35251057
aka bicycle,0.35237634
thief aka,0.35237634
muovere,0.35236996
ti muovere,0.35236996
move non,0.35236996
dont move,0.35236996
non ti,0.35236996
imagination,0.35234576
actionanimation framed,0.3522284
framed roger,0.3522284
roger rabbit,0.3522284
framed,0.3522284
actionanimation,0.3522284
live actionanimation,0.3522284
boleyn anne,0.3522097
thousand day,0.3522097
anne boleyn,0.3522097
anne thousand,0.3522097
tell tale,0.35217994
men tell,0.35217994
charlie chocolate,0.35213855
roald,0.35213855
dahl,0.35213855
roald dahl,0.35213855
dahl charlie,0.35213855
chitty chitty,0.35210472
chitty bang,0.35210472
aykroyd trading,0.35204488
class dan,0.35204488
trading,0.35204488
trading place,0.35204488
dan aykroyd,0.35204488
aykroyd,0.35204488
hughes,0.3520248
business aviator,0.3520248
howard hughes,0.3520248
biopic howard,0.3520248
aviator,0.3520248
hughes business,0.3520248
maude,0.3518718
harold maude,0.3518718
romance harold,0.3518718
december romance,0.3518718
may december,0.3518718
sanbiki samurai,0.35182753
three outlaw,0.35182753
outlaw samurai,0.35182753
samurai sanbiki,0.35182753
sanbiki,0.35182753
keiner liebt,0.35182542
mich,0.35182542
keiner,0.35182542
liebt mich,0.35182542
liebt,0.35182542
love keiner,0.35182542
nobody love,0.35182542
narrative,0.35178956
larry flynt,0.35178927
freedom expression,0.35178927
people larry,0.35178927
expression people,0.35178927
expression,0.35178927
flynt,0.35178927
adventure milo,0.35164174
koneko monogatari,0.35164174
otis,0.35164174
milo otis,0.35164174
koneko,0.35164174
otis koneko,0.35164174
heng,0.35144252
zong heng,0.35144252
thief zong,0.35144252
heng si,0.35144252
si hai,0.35144252
exterminating,0.35134315
exterminador el,0.35134315
exterminating angel,0.35134315
angel ngel,0.35134315
ngel exterminador,0.35134315
exterminador,0.35134315
ngel,0.35134315
dig evigt,0.35118586
elsker dig,0.35118586
elsker,0.35118586
heart elsker,0.35118586
open heart,0.35118586
evigt,0.35118586
nave,0.3511628
ship sail,0.3511628
va,0.3511628
sail la,0.3511628
sail,0.3511628
la nave,0.3511628
nave va,0.3511628
china wong,0.35107982
clear scientology,0.35104752
going clear,0.35104752
scientology prison,0.35104752
belief,0.35104752
prison belief,0.35104752
plan plan,0.35100737
parfait,0.35100737
parfait un,0.35100737
perfect plan,0.35100737
plan parfait,0.35100737
highly quotable,0.35080844
highly,0.35080844
child watching,0.35080126
ci guardano,0.35080126
bambino ci,0.35080126
guardano,0.35080126
watching bambino,0.35080126
prosecution,0.35074204
court witness,0.35074204
witness prosecution,0.35074204
christie court,0.35074204
contre tous,0.3506009
alone seul,0.3506009
tous,0.3506009
seul,0.3506009
seul contre,0.3506009
talk hable,0.35056758
con ella,0.35056758
coma talk,0.35056758
hable,0.35056758
hable con,0.35056758
fantasy spirit,0.35053158
fi final,0.35053158
spirit within,0.35053158
zong shi,0.35047126
grandmaster yi,0.35047126
grandmaster,0.35047126
yi dai,0.35047126
dai zong,0.35047126
mechagodzilla gojira,0.3503247
godzilla mechagodzilla,0.3503247
gojira tai,0.3503247
tai mekagojira,0.3503247
mechagodzilla,0.3503247
mekagojira,0.3503247
chivalry hao,0.35022768
hao xia,0.35022768
hurrah,0.35022768
hurrah chivalry,0.35022768
chivalry,0.35022768
last hurrah,0.35022768
really seann,0.3501283
scott evolution,0.3501283
named desire,0.35008428
williams streetcar,0.35008428
streetcar named,0.35008428
streetcar,0.35008428
de conduite,0.35003152
conduite,0.35003152
style divorzio,0.35000357
divorce italian,0.35000357
italian style,0.35000357
divorzio allitaliana,0.35000357
divorzio,0.35000357
allitaliana,0.35000357
orpheus orfeu,0.34996146
orfeu negro,0.34996146
orpheus,0.34996146
black orpheus,0.34996146
orfeu,0.34996146
blood rambo,0.34982908
excellent,0.3497861
excellent adventure,0.3497861
ted excellent,0.3497861
forget paris,0.3496527
forget,0.3496527
infertility forget,0.3496527
france infertility,0.3496527
infertility,0.3496527
basketball france,0.3496527
poetry married,0.34962198
beat poetry,0.34962198
married axe,0.34962198
axe murderer,0.34962198
axe,0.34962198
shao lin,0.34961382
lin si,0.34961382
shaolin temple,0.34961382
temple shao,0.34961382
rang khoda,0.34959832
khoda,0.34959832
rang,0.34959832
color paradise,0.34959832
queue color,0.34959832
paradise rang,0.34959832
sequin,0.34956956
aka sequin,0.34956956
brodeuses,0.34956956
common thread,0.34956956
sequin brodeuses,0.34956956
thread aka,0.34956956
man camera,0.34949252
kino,0.34949252
chelovek kino,0.34949252
chelovek,0.34949252
kino apparatom,0.34949252
apparatom,0.34949252
camera chelovek,0.34949252
jungle junglejungle,0.3494509
junglejungle,0.3494509
junglejungle aka,0.3494509
jungle jungle,0.3494509
aka jungle,0.3494509
de jours,0.34942642
lcume,0.34942642
indigo lcume,0.34942642
mood indigo,0.34942642
lcume de,0.34942642
indigo,0.34942642
functional,0.34935743
fully functional,0.34935743
jefferies fully,0.34935743
epix,0.34935743
functional epix,0.34935743
shi gu,0.34926015
zhao shi,0.34926015
sacrifice zhao,0.34926015
gu er,0.34926015
england mental,0.34920555
king george,0.34920555
madness king,0.34920555
illness madness,0.34920555
el sexo,0.34900883
lucia luca,0.34900883
sex lucia,0.34900883
sexo,0.34900883
luca el,0.34900883
luca,0.34900883
lucia,0.34900883
oh ricky,0.34891704
riki oh,0.34891704
ricky lik,0.34891704
riki,0.34891704
lik wong,0.34891704
lik,0.34891704
tge,0.34889525
sword doom,0.34889525
bosatsu tge,0.34889525
doom dai,0.34889525
dai bosatsu,0.34889525
bosatsu,0.34889525
vista,0.34887028
vista social,0.34887028
social club,0.34887028
queue buena,0.34887028
buena vista,0.34887028
buena,0.34887028
koto ha,0.3488223
garden word,0.3488223
word koto,0.3488223
ha niwa,0.3488223
niwa,0.3488223
koto,0.3488223
depression dust,0.34881806
grape wrath,0.34881806
dust bowl,0.34881806
bowl grape,0.34881806
elfriede,0.34864777
elfriede ott,0.34864777
ott,0.34864777
far heaven,0.3486319
salute douglas,0.3486319
douglas,0.3486319
douglas sirk,0.3486319
sirk,0.3486319
sirk far,0.3486319
potter chamber,0.34862325
chamber secret,0.34862325
school flesh,0.34861758
la chair,0.34861758
flesh cole,0.34861758
cole de,0.34861758
tu mre,0.34856394
mother jai,0.34856394
jai tu,0.34856394
jai,0.34856394
killed mother,0.34856394
furious five,0.34851488
secret furious,0.34851488
ted bogus,0.34844124
bogus journey,0.34844124
xi yan,0.34833336
queue wedding,0.34833336
wedding banquet,0.34833336
banquet,0.34833336
banquet xi,0.34833336
street hooligan,0.34828705
hooligan aka,0.34828705
green street,0.34828705
aka hooligan,0.34828705
game night,0.34817916
mcadams,0.34817916
rachel mcadams,0.34817916
mcadams game,0.34817916
funny rachel,0.34817916
mary shelley,0.34817368
frankenstein frankenstein,0.34817368
shelley,0.34817368
shelley frankenstein,0.34817368
gothic mary,0.34817368
fast time,0.3479637
time ridgemont,0.3479637
ridgemont,0.3479637
ridgemont high,0.3479637
school fast,0.3479637
art online,0.34795016
scale,0.34795016
ordinal,0.34795016
ordinal scale,0.34795016
online,0.34795016
online ordinal,0.34795016
sword art,0.34795016
twilight samurai,0.34790188
queue twilight,0.34790188
seibei,0.34790188
samurai tasogare,0.34790188
tasogare seibei,0.34790188
tasogare,0.34790188
blanc,0.34771347
extraordinary adventure,0.34771347
blanc sec,0.34771347
adle blanc,0.34771347
adle,0.34771347
adventure adle,0.34771347
sec,0.34771347
force awakens,0.34764066
vii force,0.34764066
episode vii,0.34764066
art revenge,0.34761366
gritty dark,0.3475102
dark gritty,0.3475102
psychology superhero,0.3475102
gao liang,0.3474991
hong gao,0.3474991
red sorghum,0.3474991
sorghum,0.3474991
liang,0.3474991
sorghum hong,0.3474991
malli,0.34744045
theeviravaathi,0.34744045
aka malli,0.34744045
terrorist aka,0.34744045
terrorist,0.34744045
queue terrorist,0.34744045
malli theeviravaathi,0.34744045
gehrig pride,0.34740362
pride yankee,0.34740362
lou,0.34740362
lou gehrig,0.34740362
baseball lou,0.34740362
gehrig,0.34740362
presumed innocent,0.34718892
presumed,0.34718892
turow,0.34718892
court scott,0.34718892
turow presumed,0.34718892
scott turow,0.34718892
smoking barrel,0.34708154
barrel,0.34708154
lock stock,0.34708154
two smoking,0.34708154
stock two,0.34708154
lock,0.34708154
time gypsy,0.34706318
za vesanje,0.34706318
za,0.34706318
dom,0.34706318
dom za,0.34706318
vesanje,0.34706318
gypsy dom,0.34706318
treasure hunt,0.34700596
hadan,0.34693685
sword stranger,0.34693685
sutorejia muk,0.34693685
sutorejia,0.34693685
muk hadan,0.34693685
muk,0.34693685
stranger sutorejia,0.34693685
whale star,0.34692207
trek iv,0.34692207
iv voyage,0.34692207
voyage home,0.34692207
apocalyptic post,0.34683794
shichinin samurai,0.34680063
shichinin,0.34680063
seven samurai,0.34680063
samurai shichinin,0.34680063
samurai seven,0.34680063
circus kimy,0.34671623
skasu,0.34671623
kimy,0.34671623
kimy na,0.34671623
na skasu,0.34671623
strange circus,0.34671623
vovka kingdom,0.3465118
kingdom far,0.3465118
far far,0.3465118
vovka,0.3465118
smith hancock,0.34630138
theron smith,0.34630138
script charlize,0.34630138
hancock,0.34630138
white last,0.34624577
and,0.34624577
and white,0.34624577
last picture,0.34624577
black and,0.34624577
sobre mi,0.34621474
sobre,0.34621474
mi madre,0.34621474
giulietta degli,0.34621474
spiriti,0.34621474
degli spiriti,0.34621474
juliet spirit,0.34621474
mother todo,0.34621474
todo,0.34621474
todo sobre,0.34621474
spirit giulietta,0.34621474
giulietta,0.34621474
comedy robert,0.34616637
meet parent,0.34616637
bikur ha,0.3460945
visit bikur,0.3460945
tizmoret,0.3460945
band visit,0.3460945
bikur,0.3460945
ha tizmoret,0.3460945
faye,0.34604678
televangelist,0.34604678
tammy faye,0.34604678
televangelist eye,0.34604678
eye tammy,0.34604678
queue televangelist,0.34604678
sorority babe,0.34603176
bowl rama,0.34603176
babe slimeball,0.34603176
slimeball bowl,0.34603176
slimeball,0.34603176
rama,0.34603176
brice man,0.34598258
man brice,0.34598258
brice de,0.34598258
de nice,0.34598258
ct la,0.34594986
woman next,0.34594986
femme ct,0.34594986
door femme,0.34594986
sennen joy,0.34594822
sennen,0.34594822
millennium actress,0.34594822
queue millennium,0.34594822
actress sennen,0.34594822
offensive,0.34591913
plennitsa,0.34572813
caucasian style,0.34572813
style kavkazskaya,0.34572813
kidnapping caucasian,0.34572813
kavkazskaya,0.34572813
kavkazskaya plennitsa,0.34572813
caucasian,0.34572813
qualche,0.34557235
per qualche,0.34557235
dollaro pi,0.34557235
dollaro,0.34557235
qualche dollaro,0.34557235
popstar never,0.34518376
never stop,0.34518376
stop never,0.34518376
popstar,0.34518376
never stopping,0.34518376
stopping,0.34518376
potter goblet,0.34506527
goblet fire,0.34506527
goblet,0.34506527
missouri,0.3450316
billboard,0.3450316
ebbing missouri,0.3450316
ebbing,0.3450316
billboard outside,0.3450316
outside ebbing,0.3450316
three billboard,0.3450316
ssom,0.34490037
en spegel,0.34490037
ssom en,0.34490037
glass darkly,0.34490037
spegel,0.34490037
darkly ssom,0.34490037
barbarian invasion,0.34472403
le invasion,0.34472403
barbares,0.34472403
invasion le,0.34472403
invasion barbares,0.34472403
nagagutsu,0.3446878
nagagutsu haita,0.3446878
haita neko,0.3446878
haita,0.3446878
boot nagagutsu,0.3446878
clear vision,0.34439987
maya,0.34439987
lin strong,0.34439987
strong clear,0.34439987
maya lin,0.34439987
confidence trop,0.34436417
stranger confidence,0.34436417
intimes,0.34436417
intimate stranger,0.34436417
trop intimes,0.34436417
trop,0.34436417
viskningar och,0.3443421
rop,0.3443421
whisper viskningar,0.3443421
viskningar,0.3443421
cry whisper,0.3443421
och rop,0.3443421
great giving,0.34426615
time iii,0.34426615
time great,0.34426615
giving,0.34426615
iii time,0.34426615
zaka kara,0.34415025
kokuriko,0.34415025
kokuriko zaka,0.34415025
poppy hill,0.34415025
zaka,0.34415025
poppy,0.34415025
hill kokuriko,0.34415025
im grown,0.3441021
hart im,0.3441021
grown little,0.3441021
stiller robin,0.34400362
williams night,0.34400362
phineas,0.34385982
ferb,0.34385982
phineas ferb,0.34385982
nd dimension,0.34385982
ferb across,0.34385982
across nd,0.34385982
reine margot,0.34373102
queen margot,0.34373102
reine,0.34373102
margot reine,0.34373102
margot la,0.34373102
wind carry,0.34351665
ra,0.34351665
khahad,0.34351665
bord,0.34351665
khahad bord,0.34351665
carry ra,0.34351665
ra khahad,0.34351665
liebster feind,0.34348682
liebster,0.34348682
mein,0.34348682
fiend,0.34348682
best fiend,0.34348682
fiend mein,0.34348682
mein liebster,0.34348682
feind,0.34348682
bysoku senchimtoru,0.3432139
centimeter per,0.3432139
centimeter,0.3432139
senchimtoru,0.3432139
bysoku,0.3432139
second bysoku,0.3432139
per second,0.3432139
aka koyaanisqatsi,0.34320542
koyaanisqatsi aka,0.34320542
life balance,0.34320542
koyaanisqatsi life,0.34320542
dumber dumb,0.34308633
hero year,0.34261566
girl hero,0.34261566
anime comedy,0.34260467
remaster gintama,0.34260467
remaster,0.34260467
gintama remaster,0.34260467
comedy gintama,0.34260467
ever happened,0.34255528
baby jane,0.34255528
business ever,0.34255528
happened baby,0.34255528
vagabond,0.3424117
ni loi,0.3424117
loi,0.3424117
sans toit,0.3424117
vagabond sans,0.3424117
toit ni,0.3424117
poet,0.34227005
school dead,0.34227005
highschool high,0.34227005
poet society,0.34227005
highschool,0.34227005
dead poet,0.34227005
gostya iz,0.34225574
iz,0.34225574
future gostya,0.34225574
iz buduschego,0.34225574
buduschego,0.34225574
guest future,0.34225574
gostya,0.34225574
meer,0.34183493
vincent meer,0.34183493
want sea,0.34183493
sea vincent,0.34183493
vincent want,0.34183493
meaning,0.34176725
meaning life,0.34176725
python meaning,0.34176725
yiki,0.3416
ni zai,0.3416
zai,0.3416
zai yiki,0.3416
han ni,0.3416
han,0.3416
together han,0.3416
retro,0.3413312
black tar,0.34129852
heroin dark,0.34129852
tar,0.34129852
tar heroin,0.34129852
dark end,0.34129852
brawl big,0.341295
creek brawl,0.341295
battle creek,0.341295
big brawl,0.341295
jeff bridge,0.34113124
de con,0.34063205
game dner,0.34063205
dner,0.34063205
dinner game,0.34063205
dner de,0.34063205
con le,0.34063205
lennemi public,0.34062937
enemy lennemi,0.34062937
lennemi,0.34062937
mesrine public,0.34062937
black woman,0.3406137
diary mad,0.3406137
mad black,0.3406137
perry diary,0.3406137
diane,0.34030682
arbus,0.34030682
imaginary portrait,0.34030682
fur imaginary,0.34030682
diane arbus,0.34030682
portrait diane,0.34030682
fuck goethe,0.34002975
goethe fack,0.34002975
ghte,0.34002975
fack ju,0.34002975
fack,0.34002975
ju ghte,0.34002975
fra,0.33985162
salmer fra,0.33985162
salmer,0.33985162
kitchen story,0.33985162
story salmer,0.33985162
fra kjkkenet,0.33985162
kjkkenet,0.33985162
kitchen,0.33985162
turtle forever,0.33981442
turtle turtle,0.33981442
eugene oneill,0.33966008
oneill,0.33966008
oneill long,0.33966008
journey day,0.33966008
night journey,0.33966008
long night,0.33966008
azkaban,0.33962297
potter prisoner,0.33962297
prisoner azkaban,0.33962297
happiness katakuris,0.3396213
katakuris,0.3396213
katakuris katakuri,0.3396213
kfuku,0.3396213
ke kfuku,0.3396213
katakuri ke,0.3396213
katakuri,0.3396213
auf nihil,0.33950996
nihil baxter,0.33950996
nihil,0.33950996
jagd,0.33950996
schneider,0.33950996
jagd auf,0.33950996
schneider jagd,0.33950996
subway taking,0.33924156
pelham one,0.33924156
butterfly la,0.33906823
mariposa,0.33906823
la mariposa,0.33906823
lengua,0.33906823
la lengua,0.33906823
lengua de,0.33906823
ii legend,0.33849877
legend curlys,0.33849877
curlys gold,0.33849877
curlys,0.33849877
slicker ii,0.33849877
loretta,0.33846402
weiter ferne,0.33846402
lynn,0.33846402
loretta lynn,0.33846402
coal miner,0.33846402
coal,0.33846402
faraway close,0.33846402
faraway,0.33846402
close weiter,0.33846402
weiter,0.33846402
ferne nah,0.33846402
ferne,0.33846402
lynn coal,0.33846402
miner,0.33846402
miner daughter,0.33846402
nah,0.33846402
tte chinois,0.33839792
chinois,0.33839792
puzzle,0.33839792
puzzle casse,0.33839792
casse,0.33839792
casse tte,0.33839792
chinese puzzle,0.33839792
fi sequel,0.33833143
first strike,0.33819097
hont,0.33807805
rumble bronx,0.33807805
bronx hont,0.33807805
faan kui,0.33807805
hont faan,0.33807805
faan,0.33807805
temp le,0.3379178
matres,0.3379178
matres du,0.3379178
time master,0.3379178
master matres,0.3379178
grande vadrouille,0.3378835
look shot,0.3378835
vadrouille,0.3378835
shot la,0.3378835
axis evil,0.33781707
ii axis,0.33781707
axis,0.33781707
line ii,0.33781707
btes,0.33771542
btes le,0.33771542
beast sang,0.33771542
sang de,0.33771542
sang,0.33771542
de btes,0.33771542
blood beast,0.33771542
ii ningen,0.33745468
condition ii,0.33745468
joken ii,0.33745468
rose la,0.33728048
la mme,0.33728048
mme,0.33728048
mme la,0.33728048
de source,0.33726272
spring manon,0.33726272
manon spring,0.33726272
manon de,0.33726272
riefenstahl,0.33725706
leni riefenstahl,0.33725706
leni,0.33725706
beautiful day,0.33711517
moving philosopical,0.33711517
weird beautiful,0.33711517
philosopical surreal,0.33711517
philosopical,0.33711517
pauline beach,0.3366005
beach pauline,0.3366005
la plage,0.3366005
plage,0.3366005
pauline la,0.3366005
black pearl,0.336545
caribbean curse,0.336545
swashbuckler pirate,0.336545
curse black,0.336545
condor day,0.3361899
ranger live,0.33615413
babylon legend,0.33615413
die starlight,0.33615413
starlight,0.33615413
legend ranger,0.33615413
formality pura,0.33597037
formalit,0.33597037
formality,0.33597037
pure formality,0.33597037
pura,0.33597037
pura formalit,0.33597037
pure,0.33597037
formalit una,0.33597037
red trois,0.3357541
color red,0.3357541
couleurs rouge,0.3357541
hollywood bowl,0.3356256
live hollywood,0.3356256
spoof monty,0.3356256
python live,0.3356256
feel way,0.335592
sorry feel,0.335592
burr im,0.335592
im sorry,0.335592
myth tolkein,0.33550224
two tower,0.33550224
depressing psychology,0.33546805
psychology requiem,0.33546805
requiem dream,0.33546805
abuse depressing,0.33546805
dawn texas,0.33535075
blood money,0.33535075
texas blood,0.33535075
coming russian,0.33532497
ya ya,0.33517694
ya sisterhood,0.33517694
secret ya,0.33517694
divine,0.33517694
divine secret,0.33517694
noam chomsky,0.33489266
shackletons,0.33489266
simin,0.33489266
nader,0.33489266
nader az,0.33489266
medium,0.33489266
az simin,0.33489266
manufacturing,0.33489266
manufacturing consent,0.33489266
expedition,0.33489266
chomsky,0.33489266
antarctic,0.33489266
endurance,0.33489266
jodaeiye nader,0.33489266
endurance shackletons,0.33489266
consent noam,0.33489266
separation jodaeiye,0.33489266
jodaeiye,0.33489266
chomsky medium,0.33489266
shackletons legendary,0.33489266
noam,0.33489266
legendary antarctic,0.33489266
antarctic expedition,0.33489266
az,0.33489266
legend drunken,0.33486906
kuen ii,0.33486906
vidocq vidocq,0.33475682
portal,0.33475682
dark portal,0.33475682
chronicle vidocq,0.33475682
portal chronicle,0.33475682
sheba,0.33471316
alcoholism marriage,0.33471316
back little,0.33471316
marriage come,0.33471316
little sheba,0.33471316
kingukongu tai,0.33468336
kong godzilla,0.33468336
kingukongu,0.33468336
godzilla kingukongu,0.33468336
donne la,0.33457345
citt delle,0.33457345
city woman,0.33457345
woman citt,0.33457345
donne,0.33457345
delle donne,0.33457345
chteau,0.3345706
mre le,0.3345706
chteau de,0.3345706
castle chteau,0.3345706
de mre,0.3345706
mother castle,0.3345706
forum,0.3342025
thing happened,0.3342025
way forum,0.3342025
rome funny,0.3342025
happened way,0.3342025
funny thing,0.3342025
jackson incredibles,0.33419985
disney superhero,0.33419985
superhero animation,0.33419985
animation samuel,0.33419985
hachi,0.3339984
hachi dog,0.3339984
hachiko dog,0.3339984
hachiko,0.3339984
aka hachi,0.3339984
dog tale,0.3339984
smith evening,0.33395556
evening kevin,0.33395556
evening harder,0.33395556
tragic silence,0.33383545
contemplative philosophical,0.33383545
philosophical thought,0.33383545
contemplative,0.33383545
provoking tragic,0.33383545
iv final,0.33346805
part iv,0.33346805
southern wild,0.33345035
beast southern,0.33345035
emotional poetic,0.33345035
poetic beast,0.33345035
beautiful emotional,0.33345035
iraq gomgashtei,0.33333334
aragh,0.33333334
gomgashtei,0.33333334
gomgashtei dar,0.33333334
saragossa manuscript,0.33333334
manuscript rekopis,0.33333334
manuscript,0.33333334
saragossie,0.33333334
saragossa,0.33333334
dar aragh,0.33333334
dar,0.33333334
rekopis znaleziony,0.33333334
marooned iraq,0.33333334
rekopis,0.33333334
marooned,0.33333334
znaleziony saragossie,0.33333334
znaleziony,0.33333334
iraq,0.33333334
cop ny,0.33316687
koppu,0.33316687
ny yku,0.33316687
yku koppu,0.33316687
ny,0.33316687
york cop,0.33316687
yku,0.33316687
gt,0.33313158
saiyans,0.3328945
plot destroy,0.3328945
ball gaiden,0.3328945
destroy saiyans,0.3328945
destroy,0.3328945
gaiden plot,0.3328945
anglaise,0.3327917
anglaise et,0.3327917
duc,0.3327917
duke anglaise,0.3327917
lady duke,0.3327917
le duc,0.3327917
ji wong,0.33273217
comedy hei,0.33273217
hei kek,0.33273217
hei,0.33273217
kek ji,0.33273217
kek,0.33273217
ghost whisper,0.33266914
ghost pain,0.33266914
porn aka,0.33263248
aka day,0.33263248
ii lost,0.3325162
bound ii,0.3325162
lost san,0.3325162
falcon aka,0.33250764
dangerous female,0.33250764
heist maltese,0.33250764
aka dangerous,0.33250764
roh,0.3324998
wolf brigade,0.3324998
brigade jin,0.3324998
brigade,0.3324998
jin roh,0.3324998
roh wolf,0.3324998
color la,0.3322329
blue warmest,0.3322329
warmest,0.3322329
warmest color,0.3322329
dadle,0.3322329
vie dadle,0.3322329
american dance,0.33222237
native american,0.33222237
indian native,0.33222237
dance wolf,0.33222237
american indian,0.33222237
moor,0.3322012
moor venice,0.3322012
othello moor,0.3322012
othello tragedy,0.3322012
tragedy othello,0.3322012
du jeu,0.33217603
jeu,0.33217603
rule game,0.33217603
game la,0.33217603
la rgle,0.33217603
rgle du,0.33217603
rgle,0.33217603
la glaneuse,0.332031
le glaneurs,0.332031
gleaner,0.332031
gleaner le,0.332031
glaneurs,0.332031
glaneuse,0.332031
glaneurs et,0.332031
chasing papi,0.33192322
papi chulo,0.33192322
papi aka,0.33192322
chulo,0.33192322
aka papi,0.33192322
quest fire,0.3318847
guerre du,0.3318847
feu la,0.3318847
feu,0.3318847
du feu,0.3318847
fire guerre,0.3318847
zucker alles,0.33187926
auf zucker,0.33187926
go zucker,0.33187926
alles auf,0.33187926
trova un,0.3317325
trova,0.3317325
dou ii,0.33162785
gangster mafia,0.33162683
carlitos,0.33162683
mafia carlitos,0.33162683
pacino gangster,0.33162683
carlitos way,0.33162683
god long,0.33162636
xiong hu,0.33162636
long xiong,0.33162636
hu di,0.33162636
carell get,0.33138517
hathaway steve,0.33138517
get smart,0.33138517
joken iii,0.3313586
iii ningen,0.3313586
condition iii,0.3313586
sofia,0.33121297
suicide virgin,0.33121297
virgin suicide,0.33121297
coppola suicide,0.33121297
sofia coppola,0.33121297
illness oscar,0.33109134
blue sky,0.33109134
actress blue,0.33109134
stanza del,0.33076978
stanza,0.33076978
del figlio,0.33076978
room stanza,0.33076978
figlio la,0.33076978
son room,0.33076978
figlio,0.33076978
fist legend,0.3307576
wu ying,0.3307576
legend jing,0.3307576
train homme,0.3307541
man train,0.3307541
train man,0.3307541
du train,0.3307541
homme du,0.3307541
stewie griffin,0.33064407
griffin untold,0.33064407
present stewie,0.33064407
griffin,0.33064407
stewie,0.33064407
cat hot,0.33058563
hot tin,0.33058563
tin roof,0.33058563
williams cat,0.33058563
hunt tiger,0.33055553
watson hunt,0.33055553
con episode,0.33053425
iv fan,0.33053425
fan hope,0.33053425
comic con,0.33053425
full metal,0.33049113
metal jacket,0.33049113
anti war,0.33049113
war full,0.33049113
vietnam anti,0.33049113
casa,0.33044225
chiavi,0.33044225
key house,0.33044225
chiavi di,0.33044225
house chiavi,0.33044225
casa le,0.33044225
di casa,0.33044225
watson king,0.3304347
blackmailer,0.3304347
king blackmailer,0.3304347
life music,0.3304077
kozlowski,0.3304077
kozlowski life,0.3304077
last klezmer,0.3304077
leopold kozlowski,0.3304077
klezmer,0.3304077
klezmer leopold,0.3304077
klingons star,0.33034268
klingons,0.33034268
vi undiscovered,0.33034268
trek vi,0.33034268
undiscovered country,0.33034268
undiscovered,0.33034268
modern cannibal,0.32993886
right modern,0.32993886
keep river,0.32993886
cannibal tale,0.32993886
river right,0.32993886
gonzo,0.32985902
gonzo life,0.32985902
life work,0.32985902
work dr,0.32985902
dr hunter,0.32985902
hunter thompson,0.32985902
go home,0.32983652
man go,0.32983652
portiere di,0.32977918
night porter,0.32977918
portiere,0.32977918
notte il,0.32977918
di notte,0.32977918
porter portiere,0.32977918
bashir vals,0.32956162
vals,0.32956162
waltz bashir,0.32956162
vals im,0.32956162
im bashir,0.32956162
wolf pacte,0.32945958
de loups,0.32945958
loups le,0.32945958
pacte de,0.32945958
pacte,0.32945958
brotherhood wolf,0.32945958
loups,0.32945958
baadasssss,0.3294389
baadasssss get,0.3294389
foot outta,0.3294389
man foot,0.3294389
get man,0.3294389
outta as,0.3294389
jezebel,0.3294039
actress jezebel,0.3294039
bette davis,0.3294039
bette,0.3294039
davis oscar,0.3294039
si lip,0.32932875
hunter sing,0.32932875
lip yan,0.32932875
city hunter,0.32932875
sing si,0.32932875
herod,0.3293042
ley de,0.3293042
law ley,0.3293042
herod law,0.3293042
de herodes,0.3293042
herodes la,0.3293042
herodes,0.3293042
australia cry,0.3292121
cry dark,0.3292121
baby australia,0.3292121
dingo,0.3292121
ate baby,0.3292121
ate,0.3292121
dingo ate,0.3292121
others da,0.32916248
leben,0.32916248
leben der,0.32916248
life others,0.32916248
da leben,0.32916248
vino,0.32910067
marcelino pan,0.32910067
got mail,0.32910067
pan vino,0.32910067
mail remake,0.32910067
remake youve,0.32910067
marcelino marcelino,0.32910067
miracle marcelino,0.32910067
youve got,0.32910067
youve,0.32910067
wife actress,0.32906625
actress femme,0.32906625
une actrice,0.32906625
actrice,0.32906625
dello sposo,0.32903954
dello,0.32903954
man testimone,0.32903954
sposo,0.32903954
testimone dello,0.32903954
sposo il,0.32903954
testimone,0.32903954
anime neighbor,0.32896835
neighbor totoro,0.32896835
tonari totoro,0.32896835
totoro tonari,0.32896835
tonari,0.32896835
jim jules,0.3289578
jules et,0.3289578
jules jim,0.3289578
et jim,0.3289578
godzilla final,0.32892302
fainaru uzu,0.32892302
fainaru,0.32892302
final war,0.32892302
gojira fainaru,0.32892302
uzu,0.32892302
war gojira,0.32892302
ville,0.32890508
est tranquille,0.32890508
town quiet,0.32890508
quiet ville,0.32890508
tranquille la,0.32890508
ville est,0.32890508
ciclista,0.328828
death cyclist,0.328828
un ciclista,0.328828
muerte,0.328828
cyclist muerte,0.328828
muerte de,0.328828
cyclist,0.328828
jackie chan,0.32881847
forbidden kingdom,0.32881847
chan kung,0.32881847
fu forbidden,0.32881847
neve,0.3284846
snow la,0.3284846
tiger snow,0.3284846
la tigre,0.3284846
la neve,0.3284846
tigre,0.3284846
tigre la,0.3284846
tomorrow ying,0.3284251
india song,0.32835358
panchali,0.32835358
road pather,0.32835358
little road,0.32835358
pather panchali,0.32835358
pather,0.32835358
song little,0.32835358
le viking,0.32825726
viking astrix,0.32825726
asterix viking,0.32825726
forever aka,0.32784966
aka shrek,0.32784966
shrek final,0.32784966
shrek forever,0.32784966
police infernal,0.32780567
watergate,0.3277551
watergate deep,0.3277551
journalism watergate,0.3277551
throat president,0.3277551
throat,0.3277551
president men,0.3277551
deep throat,0.3277551
claim true,0.3275842
true video,0.3275842
video blair,0.3275842
witch project,0.3275842
heart winter,0.3272108
winter un,0.3272108
coeur en,0.3272108
hiver,0.3272108
un coeur,0.3272108
en hiver,0.3272108
rocco brother,0.32709768
rocco suoi,0.32709768
fratelli,0.32709768
suoi,0.32709768
suoi fratelli,0.32709768
brother rocco,0.32709768
dice rule,0.32702494
dice clay,0.32702494
clay dice,0.32702494
andrew dice,0.32702494
gstebud,0.32692978
feast babettes,0.32692978
food babettes,0.32692978
babettes gstebud,0.32692978
babettes feast,0.32692978
bloodsport aka,0.32692316
bloodsport ii,0.32692316
next kumite,0.32692316
aka bloodsport,0.32692316
de lempereur,0.32685632
lempereur la,0.32685632
lempereur,0.32685632
marche de,0.32685632
march penguin,0.32685632
marche,0.32685632
penguin marche,0.32685632
wicked way,0.3268486
bradbury wicked,0.3268486
carnival ray,0.3268486
way come,0.3268486
ending see,0.32682082
predictable stupid,0.32682082
overcomplicated predictable,0.32682082
illusion overcomplicated,0.32682082
overcomplicated,0.32682082
narnia lion,0.32671118
lion witch,0.32671118
lewis chronicle,0.32671118
witch wardrobe,0.32671118
rouille et,0.32662755
rust bone,0.32662755
bone de,0.32662755
rust,0.32662755
rouille,0.32662755
et do,0.32662755
de rouille,0.32662755
watson hound,0.32657722
hood bo,0.32638982
bo bui,0.32638982
bui,0.32638982
bui gai,0.32638982
del deseo,0.32636073
deseo,0.32636073
desire ley,0.32636073
deseo la,0.32636073
law desire,0.32636073
ley del,0.32636073
aka conversation,0.3263269
conversation one,0.3263269
one thing,0.3263269
thing aka,0.3263269
thirteen conversation,0.3263269
jeannette,0.32627687
marius jeanette,0.32627687
marius et,0.32627687
jeanette,0.32627687
jeanette marius,0.32627687
et jeannette,0.32627687
aardman animation,0.32627323
gromit best,0.32627323
best aardman,0.32627323
ladro,0.32618254
ladro di,0.32618254
di bambino,0.32618254
bambino il,0.32618254
child ladro,0.32618254
stolen child,0.32618254
grande sduction,0.32607064
lewis grande,0.32607064
seducing doctor,0.32607064
sduction,0.32607064
sduction la,0.32607064
seducing,0.32607064
doctor lewis,0.32607064
agra,0.325987
watson treasure,0.325987
treasure agra,0.325987
lucky star,0.325978
star fuk,0.325978
fuk,0.325978
fuk sing,0.325978
go jiu,0.325978
sing go,0.325978
jiu,0.325978
gilbert,0.32583246
gilbert grape,0.32583246
illness whats,0.32583246
whats eating,0.32583246
eating,0.32583246
eating gilbert,0.32583246
beast da,0.3257735
bestia el,0.3257735
da de,0.3257735
la bestia,0.3257735
bestia,0.3257735
day beast,0.3257735
attila flagello,0.3257262
di dio,0.3257262
dio,0.3257262
flagello di,0.3257262
flagello,0.3257262
attila attila,0.3257262
zombie aka,0.32552582
dead among,0.32552582
aka zombie,0.32552582
zombi,0.32552582
zombie dead,0.32552582
among zombi,0.32552582
avenger que,0.32548803
return deadly,0.32548803
que return,0.32548803
crippled avenger,0.32548803
crippled,0.32548803
beloved country,0.32542288
africa cry,0.32542288
south africa,0.32542288
queue south,0.32542288
cry beloved,0.32542288
love voice,0.3253553
star hoshi,0.3253553
distant star,0.3253553
distant,0.3253553
voice distant,0.3253553
hoshi,0.3253553
hoshi koe,0.3253553
koe,0.3253553
downey,0.32526046
robert downey,0.32526046
downey jr,0.32526046
dis,0.32524467
personne,0.32524467
one ne,0.32524467
dis personne,0.32524467
tell one,0.32524467
ne le,0.32524467
le dis,0.32524467
ricomincio,0.32512763
starting,0.32512763
starting three,0.32512763
three ricomincio,0.32512763
da tre,0.32512763
im starting,0.32512763
ricomincio da,0.32512763
skin live,0.32504088
habito,0.32504088
piel que,0.32504088
piel,0.32504088
la piel,0.32504088
que habito,0.32504088
live la,0.32504088
coward,0.32496023
assassination jesse,0.32496023
robert ford,0.32496023
coward robert,0.32496023
james coward,0.32496023
seite,0.32495987
auf der,0.32495987
anderen seite,0.32495987
heaven auf,0.32495987
edge heaven,0.32495987
sansho bailiff,0.3248729
bailiff,0.3248729
sansho,0.3248729
sansh day,0.3248729
bailiff sansh,0.3248729
netflix sansho,0.3248729
sansh,0.3248729
linstinct,0.32482228
de mort,0.32482228
instinct linstinct,0.32482228
linstinct de,0.32482228
killer instinct,0.32482228
mesrine killer,0.32482228
clestine ernest,0.32471704
ernest et,0.32471704
et clestine,0.32471704
ernest clestine,0.32471704
official la,0.32460374
missing child,0.32460374
historia,0.32460374
child official,0.32460374
historia oficial,0.32460374
official,0.32460374
la historia,0.32460374
oficial,0.32460374
bloody signature,0.3246005
watson bloody,0.3246005
signature,0.3246005
ooze,0.32458076
secret ooze,0.32458076
ii secret,0.32458076
turtle ii,0.32458076
cloud al,0.3244896
nuvole,0.3244896
di delle,0.3244896
beyond cloud,0.3244896
delle nuvole,0.3244896
white blonde,0.32403964
red white,0.32403964
blonde red,0.32403964
politics legally,0.32403964
skywalker space,0.32403666
darth,0.32403666
vader,0.32403666
luke skywalker,0.32403666
vader luke,0.32403666
skywalker,0.32403666
darth vader,0.32403666
isso companheiro,0.32402518
que isso,0.32402518
four day,0.32402518
september que,0.32402518
companheiro,0.32402518
isso,0.32402518
mad world,0.32398504
ce,0.32393894
pre ce,0.32393894
hros,0.32393894
ce hros,0.32393894
hero mon,0.32393894
fall house,0.32351053
usher house,0.32351053
el superbeasto,0.32339877
pisstake haunted,0.32339877
pisstake,0.32339877
narrative pisstake,0.32339877
superbeasto,0.32339877
world el,0.32339877
buckaroo banzai,0.32318518
banzai across,0.32318518
banzai,0.32318518
th dimension,0.32318518
buckaroo,0.32318518
adventure buckaroo,0.32318518
across th,0.32318518
pointe,0.32305878
pointe blank,0.32305878
men reunion,0.32305878
grosse,0.32305878
grosse pointe,0.32305878
reunion grosse,0.32305878
polecat,0.32293594
lonesome polecat,0.32293594
polecat seven,0.32293594
seven brother,0.32293594
seven bride,0.32293594
bride seven,0.32293594
character love,0.3229281
denfants,0.3229281
love dare,0.3229281
cruel character,0.3229281
jeux denfants,0.3229281
dare jeux,0.3229281
sleep la,0.32289302
de rf,0.32289302
science de,0.32289302
science sleep,0.32289302
rf,0.32289302
la science,0.32289302
taking patty,0.32281658
patty,0.32281658
guerrilla taking,0.32281658
guerrilla,0.32281658
hearst guerrilla,0.32281658
patty hearst,0.32281658
hund,0.32273462
som hund,0.32273462
mitt liv,0.32273462
dog mitt,0.32273462
life dog,0.32273462
mitt,0.32273462
liv som,0.32273462
liv,0.32273462
mystery lady,0.322699
white aka,0.322699
aka mystery,0.322699
nikita la,0.3226979
femme nikita,0.3226979
men femme,0.3226979
la nikita,0.3226979
blazing saddle,0.32264167
silly blazing,0.32264167
easygoing,0.32264167
saddle,0.32264167
easygoing silly,0.32264167
humor easygoing,0.32264167
blazing,0.32264167
glenn gould,0.32261077
two short,0.32261077
film glenn,0.32261077
thirty two,0.32261077
zither third,0.32257974
wheel venice,0.32257974
venice zither,0.32257974
zither,0.32257974
third man,0.32257974
ferris wheel,0.32257974
ignoti,0.32242373
soliti,0.32242373
big deal,0.32242373
deal madonna,0.32242373
madonna street,0.32242373
soliti ignoti,0.32242373
street soliti,0.32242373
aka chavez,0.32240018
chavez inside,0.32240018
televised aka,0.32240018
televised,0.32240018
revolution televised,0.32240018
inside coup,0.32240018
cherche son,0.32221404
son chat,0.32221404
cherche,0.32221404
chacun,0.32221404
chacun cherche,0.32221404
away chacun,0.32221404
cat away,0.32221404
dau goo,0.32172057
mcdull mak,0.32172057
dau,0.32172057
life mcdull,0.32172057
mcdull,0.32172057
mak dau,0.32172057
mak,0.32172057
kakeru shjo,0.3216855
kakeru,0.3216855
time toki,0.3216855
shjo,0.3216855
leapt,0.3216855
leapt time,0.3216855
toki kakeru,0.3216855
girl leapt,0.3216855
innocence inosensu,0.32127523
inosensu,0.32127523
innocence aka,0.32127523
aka innocence,0.32127523
shell innocence,0.32127523
romy,0.3211318
romy micheles,0.3211318
reunion romy,0.3211318
micheles,0.3211318
micheles high,0.3211318
school reunion,0.3211318
der stille,0.32112262
beyond silence,0.32112262
silence jenseits,0.32112262
queue beyond,0.32112262
jenseits der,0.32112262
jenseits,0.32112262
chtis,0.3209577
le chtis,0.3209577
welcome stick,0.3209577
bienvenue,0.3209577
bienvenue chez,0.3209577
stick bienvenue,0.3209577
reynolds definitely,0.32091814
definitely,0.32091814
weisz ryan,0.32091814
definitely maybe,0.32091814
fourrure,0.3208455
la vnus,0.3208455
venus fur,0.3208455
vnus,0.3208455
la fourrure,0.3208455
fur la,0.3208455
vnus la,0.3208455
genou,0.3208387
genou de,0.3208387
de claire,0.3208387
claire,0.3208387
knee,0.3208387
claires,0.3208387
knee genou,0.3208387
claires knee,0.3208387
claire le,0.3208387
dailes,0.32083532
happenstance battement,0.32083532
dailes du,0.32083532
happenstance,0.32083532
battement,0.32083532
battement dailes,0.32083532
du papillon,0.32083532
vi jason,0.32057843
jason life,0.32057843
part vi,0.32057843
window finestra,0.32033503
di fronte,0.32033503
finestra di,0.32033503
finestra,0.32033503
fronte la,0.32033503
fronte,0.32033503
facing,0.32033503
facing window,0.32033503
monday sun,0.3201954
lunes al,0.3201954
al sol,0.3201954
sol los,0.3201954
lunes,0.3201954
sun lunes,0.3201954
drag male,0.31997392
male war,0.31997392
war bride,0.31997392
afternoon margueritte,0.319958
en friche,0.319958
margueritte la,0.319958
la tte,0.319958
friche,0.319958
margueritte,0.319958
tte en,0.319958
angel duo,0.3197781
duo,0.3197781
tian shi,0.3197781
luo tian,0.3197781
luo,0.3197781
fallen angel,0.3197781
duo luo,0.3197781
girl tulitikkutehtaan,0.3197189
depression match,0.3197189
match factory,0.3197189
tulitikkutehtaan tytt,0.3197189
tulitikkutehtaan,0.3197189
tytt,0.3197189
shiranai,0.31944165
mo shiranai,0.31944165
dare mo,0.31944165
orphan nobody,0.31944165
nobody know,0.31944165
know dare,0.31944165
dung che,0.31920117
sai duk,0.31920117
time dung,0.31920117
che sai,0.31920117
dung,0.31920117
ash time,0.31920117
duk,0.31920117
casino comedy,0.31919873
hotel la,0.31919873
vega hangover,0.31919873
funny hotel,0.31919873
beautiful scenery,0.3191776
scenery,0.3191776
todd demon,0.31900918
barber fleet,0.31900918
demon barber,0.31900918
barber,0.31900918
fleet street,0.31900918
jason take,0.31890565
viii,0.31890565
viii jason,0.31890565
part viii,0.31890565
gurashi arietti,0.31889632
secret world,0.31889632
gurashi,0.31889632
kari gurashi,0.31889632
world arrietty,0.31889632
arietti,0.31889632
kari,0.31889632
arrietty,0.31889632
arrietty kari,0.31889632
bamford special,0.3188853
flandersui,0.3185504
gae,0.3185504
flandersui gae,0.3185504
barking,0.3185504
never bite,0.3185504
barking dog,0.3185504
dog never,0.3185504
bite flandersui,0.3185504
mombasa,0.31849164
mombasa menolippu,0.31849164
mombasaan,0.31849164
one way,0.31849164
ticket mombasa,0.31849164
menolippu mombasaan,0.31849164
menolippu,0.31849164
way ticket,0.31849164
jo,0.31848192
gekijban jo,0.31848192
evangelion alone,0.31848192
alone evangerion,0.31848192
ye aseman,0.3183745
queue child,0.3183745
aseman,0.3183745
heaven bacheha,0.3183745
child heaven,0.3183745
bacheha,0.3183745
bacheha ye,0.3183745
crimen ferpecto,0.31832212
ferpect,0.31832212
perfect crime,0.31832212
crime crimen,0.31832212
ferpecto,0.31832212
ferpecto ferpect,0.31832212
ferpect crime,0.31832212
remake count,0.31828222
duma revenge,0.31828222
cristo,0.31828222
count monte,0.31828222
revenge remake,0.31828222
monte cristo,0.31828222
migrateur le,0.31824574
winged migration,0.31824574
migrateur,0.31824574
peuple migrateur,0.31824574
migration peuple,0.31824574
migration,0.31824574
winged,0.31824574
bird winged,0.31824574
tretey planety,0.3180901
tretey,0.3180901
third planet,0.3180901
tayna,0.3180901
planety,0.3180901
mystery third,0.3180901
tayna tretey,0.3180901
planet tayna,0.3180901
beloe solntse,0.31797093
pustyni,0.31797093
beloe,0.31797093
desert beloe,0.31797093
solntse,0.31797093
solntse pustyni,0.31797093
sun desert,0.31797093
white sun,0.31797093
ii nowhere,0.317947
nowhere africa,0.317947
nirgendwo,0.317947
nirgendwo afrika,0.317947
afrika,0.317947
africa nirgendwo,0.317947
et une,0.31785196
homme et,0.31785196
un homme,0.31785196
woman un,0.31785196
gump,0.31777892
shrimp,0.31777892
divided fall,0.3175423
pomhat,0.3175423
divided,0.3175423
musme si,0.3175423
musme,0.3175423
si pomhat,0.3175423
fall musme,0.3175423
holocaust divided,0.3175423
teen hunger,0.31745845
hunger force,0.31745845
aqua,0.31745845
aqua teen,0.31745845
force colon,0.31745845
colon,0.31745845
colon theater,0.31745845
embarassing,0.31726635
embarassing scene,0.31726635
language sarcasm,0.31726635
offensive language,0.31726635
scene offensive,0.31726635
hawkeye james,0.3172151
mohican,0.3172151
fennimore cooper,0.3172151
fennimore,0.3172151
hawkeye,0.3172151
cooper last,0.3172151
last mohican,0.3172151
james fennimore,0.3172151
animal pig,0.31709763
nonexistent,0.31709763
nonexistent needed,0.31709763
needed babe,0.31709763
villain nonexistent,0.31709763
pig villain,0.31709763
force star,0.31704882
prequel force,0.31704882
episode phantom,0.31704882
phantom menace,0.31704882
civilization part,0.31700042
ii metal,0.31700042
metal year,0.31700042
himmel,0.3166935
himmel ber,0.3166935
ber berlin,0.3166935
ber,0.3166935
berlin der,0.3166935
desire himmel,0.3166935
wing desire,0.3166935
boksuneun naui,0.3163739
vengeance boksuneun,0.3163739
geot,0.3163739
mr vengeance,0.3163739
naui,0.3163739
boksuneun,0.3163739
naui geot,0.3163739
sympathy mr,0.3163739
josh brolin,0.3163657
reynolds sarcasm,0.3163657
brolin ryan,0.3163657
sarcasm deadpool,0.3163657
josh,0.3163657
brolin,0.3163657
bte,0.31617486
belle et,0.31617486
la bte,0.31617486
beast la,0.31617486
mafia mafia,0.31616879
pacino mafia,0.31616879
last tango,0.31613293
tango parigi,0.31613293
paris ultimo,0.31613293
tango paris,0.31613293
parigi,0.31613293
ultimo tango,0.31613293
unreal,0.31610885
animation documentary,0.31610885
documentary henry,0.31610885
realm unreal,0.31610885
darger realm,0.31610885
henry darger,0.31610885
darger,0.31610885
kodomo,0.31597757
child okami,0.31597757
okami,0.31597757
yuki,0.31597757
ame yuki,0.31597757
okami kodomo,0.31597757
wolf child,0.31597757
kodomo ame,0.31597757
ame,0.31597757
gekijban ha,0.31595764
advance,0.31595764
evangelion advance,0.31595764
advance evangerion,0.31595764
one hundred,0.31576476
one dalmatian,0.31576476
disney dalmatian,0.31576476
dalmatian one,0.31576476
hundred one,0.31576476
volti,0.31569389
volti della,0.31569389
sabbath,0.31569389
tre volti,0.31569389
della paura,0.31569389
black sabbath,0.31569389
sabbath tre,0.31569389
art illusion,0.31538332
fx aka,0.31538332
aka fx,0.31538332
deadly art,0.31538332
fx deadly,0.31538332
la novia,0.31500033
hijo,0.31500033
son bride,0.31500033
hijo de,0.31500033
bride hijo,0.31500033
novia el,0.31500033
novia,0.31500033
viaggio italia,0.31497824
italia,0.31497824
il mio,0.31497824
mio viaggio,0.31497824
italy il,0.31497824
mio,0.31497824
voyage italy,0.31497824
viaggio,0.31497824
favelas elite,0.3147829
favelas,0.3147829
squad tropa,0.3147829
temptation toxie,0.31476268
iii last,0.31476268
toxie,0.31476268
wal mart,0.31435707
mart,0.31435707
high cost,0.31435707
cost low,0.31435707
mart high,0.31435707
cost,0.31435707
wal,0.31435707
low price,0.31435707
brasil,0.3142787
central brasil,0.3142787
central station,0.3142787
station central,0.3142787
america central,0.3142787
tragedy macbeth,0.31395355
shakespeare macbeth,0.31395355
queue shakespeare,0.31395355
macbeth aka,0.31395355
aka tragedy,0.31395355
filmed,0.31382182
skyfall,0.31382182
beautifully,0.31382182
filmed cinematography,0.31382182
cinematography skyfall,0.31382182
beautifully filmed,0.31382182
cinematography beautifully,0.31382182
batman ben,0.3134747
aka piranha,0.31335264
dd aka,0.31335264
anime spirited,0.31322217
spirited away,0.31322217
away sen,0.31322217
sen chihiro,0.31322217
kamikakushi,0.31322217
spirited,0.31322217
chihiro,0.31322217
chihiro kamikakushi,0.31322217
death dana,0.31321925
fail life,0.31321925
carvey show,0.31321925
funny fail,0.31321925
transplant eye,0.31321764
eye gin,0.31321764
gin gwai,0.31321764
gui,0.31321764
jian,0.31321764
jian gui,0.31321764
gwai jian,0.31321764
book dc,0.31319326
den fhrer,0.31314263
elite fr,0.31314263
napola,0.31314263
fhrer,0.31314263
napola elite,0.31314263
fr,0.31314263
fr den,0.31314263
fall napola,0.31314263
stiller robert,0.31260574
meet fockers,0.31260574
chungking,0.31257614
chungking express,0.31257614
sam lam,0.31257614
chung hing,0.31257614
express chung,0.31257614
hing sam,0.31257614
chung,0.31257614
mcgregor renee,0.31247368
zellweger,0.31247368
ewan,0.31247368
retro love,0.31247368
mcgregor,0.31247368
ewan mcgregor,0.31247368
zellweger retro,0.31247368
renee,0.31247368
renee zellweger,0.31247368
touchez,0.31245872
touchez pa,0.31245872
grisbi,0.31245872
loot,0.31245872
loot touchez,0.31245872
pa au,0.31245872
hand loot,0.31245872
au grisbi,0.31245872
divorce men,0.31244367
mr doubtfire,0.31244367
doubtfire,0.31244367
dressing divorce,0.31244367
drag mr,0.31244367
fanny och,0.31240168
fanny alexander,0.31240168
och alexander,0.31240168
alexander fanny,0.31240168
hitler dog,0.31217363
gossip trickery,0.31217363
norm macdonald,0.31217363
macdonald,0.31217363
dog gossip,0.31217363
trickery,0.31217363
norm,0.31217363
macdonald hitler,0.31217363
show let,0.31215328
warp,0.31215328
time warp,0.31215328
let time,0.31215328
dance reality,0.31193742
la realidad,0.31193742
realidad,0.31193742
reality danza,0.31193742
danza,0.31193742
danza de,0.31193742
realidad la,0.31193742
jik,0.3118688
jik sat,0.3118688
chuen,0.3118688
killer chuen,0.3118688
fulltime killer,0.3118688
sat sau,0.3118688
fulltime,0.3118688
chuen jik,0.3118688
nausica,0.31185156
kaze tani,0.31185156
nausica valley,0.31185156
wind kaze,0.31185156
naushika,0.31185156
tani naushika,0.31185156
tani,0.31185156
valley wind,0.31185156
crime off,0.3117588
bottle rocket,0.3117588
quirky bottle,0.3117588
wang bie,0.31137392
concubine,0.31137392
concubine ba,0.31137392
ba wang,0.31137392
ba,0.31137392
farewell concubine,0.31137392
bie,0.31137392
bie ji,0.31137392
delivery service,0.31128684
majo takkybin,0.31128684
majo,0.31128684
takkybin,0.31128684
kikis,0.31128684
kikis delivery,0.31128684
anime kikis,0.31128684
service majo,0.31128684
fly lakposhtha,0.31111902
hm,0.31111902
mikonand,0.31111902
hm parvaz,0.31111902
lakposhtha,0.31111902
lakposhtha hm,0.31111902
parvaz mikonand,0.31111902
turtle fly,0.31111902
parvaz,0.31111902
thanks,0.31109467
wong foo,0.31109467
everything julie,0.31109467
foo,0.31109467
foo thanks,0.31109467
julie newmar,0.31109467
newmar,0.31109467
thanks everything,0.31109467
kwenchana,0.31107253
im cyborg,0.31107253
ok,0.31107253
saibogujiman kwenchana,0.31107253
saibogujiman,0.31107253
cyborg thats,0.31107253
thats ok,0.31107253
ok saibogujiman,0.31107253
trek ii,0.3108633
captain kirk,0.3108633
kirk,0.3108633
khan,0.3108633
ii wrath,0.3108633
wrath khan,0.3108633
kirk star,0.3108633
hua,0.3108109
supercop project,0.3108109
project chao,0.3108109
ji hua,0.3108109
ji ji,0.3108109
laughing,0.3106271
laughing man,0.3106271
complex laughing,0.3106271
alone complex,0.3106271
shell stand,0.3106271
complex,0.3106271
tian di,0.31052682
earth tian,0.31052682
warrior heaven,0.31052682
di ying,0.31052682
sustainability,0.3105154
dumpster,0.3105154
waste,0.3105154
dumpster diving,0.3105154
diving sustainability,0.3105154
food waste,0.3105154
sustainability eat,0.3105154
eat food,0.3105154
friend wedding,0.31050044
wedding best,0.31050044
wedding wedding,0.31050044
comedy wedding,0.31050044
akunin,0.3099907
kakushi toride,0.3099907
toride,0.3099907
kakushi,0.3099907
san akunin,0.3099907
fortress kakushi,0.3099907
hidden fortress,0.3099907
toride san,0.3099907
yama oto,0.30993962
thunder mountain,0.30993962
oto,0.30993962
sound mountain,0.30993962
yama,0.30993962
mountain yama,0.30993962
mountain thunder,0.30993962
avant chanel,0.30993527
coco avant,0.30993527
chanel coco,0.30993527
coco chanel,0.30993527
le pont,0.3099179
girl bridge,0.3099179
bridge fille,0.3099179
fille sur,0.3099179
pont,0.3099179
pont la,0.3099179
dak miu,0.3098689
miu mai,0.3098689
mai shing,0.3098689
accidental spy,0.3098689
spy dak,0.3098689
miu,0.3098689
shing,0.3098689
dak,0.3098689
edukators,0.3097561
die fetten,0.3097561
vorbei,0.3097561
edukators die,0.3097561
sind,0.3097561
fetten,0.3097561
jahre sind,0.3097561
sind vorbei,0.3097561
fetten jahre,0.3097561
de mon,0.30973792
la gloire,0.30973792
father glory,0.30973792
glory la,0.30973792
gloire,0.30973792
gloire de,0.30973792
fearless hyena,0.30971983
xiao quan,0.30971983
guai zhao,0.30971983
quan guai,0.30971983
hyena xiao,0.30971983
guai,0.30971983
color blue,0.30950624
death three,0.30950624
blue trois,0.30950624
couleurs bleu,0.30950624
leuchter,0.3094921
fall fred,0.3094921
fred leuchter,0.3094921
leuchter jr,0.3094921
mr death,0.3094921
death rise,0.3094921
coiffeuse,0.30937833
mari,0.30937833
la coiffeuse,0.30937833
le mari,0.30937833
hairdresser husband,0.30937833
husband le,0.30937833
mari de,0.30937833
miss jean,0.30911425
prime miss,0.30911425
actress prime,0.30911425
brodie,0.30911425
jean brodie,0.30911425
furious tokyo,0.30910838
drift fast,0.30910838
tokyo drift,0.30910838
shaolin soccer,0.3090825
juk kau,0.3090825
soccer siu,0.3090825
kau,0.3090825
lam juk,0.3090825
siu lam,0.3090825
train ostre,0.30907884
watched train,0.30907884
sledovan vlaky,0.30907884
vlaky,0.30907884
sledovan,0.30907884
closely watched,0.30907884
ostre sledovan,0.30907884
closely,0.30907884
ostre,0.30907884
flor,0.30899718
mi secreto,0.30899718
de mi,0.30899718
la flor,0.30899718
flor de,0.30899718
flower secret,0.30899718
secret la,0.30899718
haute tension,0.30897483
switchblade,0.30897483
high tension,0.30897483
tension haute,0.30897483
tension switchblade,0.30897483
switchblade romance,0.30897483
haute,0.30897483
telegraph,0.30875537
telegraph hill,0.30875537
parrot wild,0.30875537
wild parrot,0.30875537
bird parrot,0.30875537
parrot telegraph,0.30875537
domani,0.30873522
ieri oggi,0.30873522
tomorrow ieri,0.30873522
today tomorrow,0.30873522
today,0.30873522
ieri,0.30873522
oggi domani,0.30873522
yesterday today,0.30873522
oggi,0.30873522
de lherbe,0.3086395
le peuple,0.3086395
peuple de,0.3086395
microcosmos le,0.3086395
lherbe,0.3086395
microcosmos microcosmos,0.3086395
rififi du,0.30863652
du rififi,0.30863652
rififi chez,0.30863652
le hommes,0.30863652
strongest,0.30863592
ett ktenskap,0.30852082
ett,0.30852082
ktenskap,0.30852082
scener,0.30852082
scener ur,0.30852082
marriage scener,0.30852082
scene marriage,0.30852082
ur ett,0.30852082
ur,0.30852082
gaang yi,0.30850288
three extreme,0.30850288
extreme three,0.30850288
saam gaang,0.30850288
gaang,0.30850288
saam,0.30850288
extreme saam,0.30850288
voyage dans,0.30849913
la lune,0.30849913
moon voyage,0.30849913
lune,0.30849913
trip moon,0.30849913
lune le,0.30849913
dans la,0.30849913
ultimo uomo,0.30840877
della terra,0.30840877
uomo,0.30840877
uomo della,0.30840877
terra,0.30840877
earth ultimo,0.30840877
sicarios,0.30827984
sicarios la,0.30827984
virgen de,0.30827984
virgen,0.30827984
de los,0.30827984
assassin virgen,0.30827984
los sicarios,0.30827984
lady assassin,0.30827984
zgougou,0.3082143
zgougou et,0.3082143
salut,0.3082143
salut sabine,0.3082143
sabine mamou,0.3082143
et salut,0.3082143
hommage,0.3082143
hommage zgougou,0.3082143
sabine,0.3082143
mamou,0.3082143
floor le,0.30819502
du tage,0.30819502
femmes du,0.30819502
woman th,0.30819502
le femmes,0.30819502
th floor,0.30819502
couffin,0.30807042
un couffin,0.30807042
cradle hommes,0.30807042
et un,0.30807042
men cradle,0.30807042
hommes et,0.30807042
lego dc,0.3079184
drain,0.3079184
girl brain,0.3079184
brain drain,0.3079184
rollo,0.30789086
sprite,0.30789086
rlli ja,0.30789086
rlli,0.30789086
ja metsnhenki,0.30789086
wood sprite,0.30789086
rollo wood,0.30789086
metsnhenki,0.30789086
sprite rlli,0.30789086
agua para,0.30788016
agua,0.30788016
chocolate como,0.30788016
como agua,0.30788016
como,0.30788016
water chocolate,0.30788016
para chocolate,0.30788016
cosa,0.30759656
thing la,0.30759656
prima,0.30759656
la prima,0.30759656
first beautiful,0.30759656
prima cosa,0.30759656
cosa bella,0.30759656
stardom twenty,0.30758741
twenty foot,0.30758741
war stephen,0.307436
crane red,0.307436
stephen crane,0.307436
red badge,0.307436
badge,0.307436
badge courage,0.307436
sorcire,0.30743527
la sorcire,0.30743527
kirikou et,0.30743527
sorceress kirikou,0.30743527
kirikou sorceress,0.30743527
sorceress,0.30743527
much love,0.30738273
fbi romance,0.30738273
crime fbi,0.30738273
romance much,0.30738273
love interest,0.30738273
interest,0.30738273
interest town,0.30738273
snowman himalaya,0.30734488
snowman abominable,0.30734488
big soldier,0.30719155
soldier da,0.30719155
bing xiao,0.30719155
xiao jiang,0.30719155
bing,0.30719155
da bing,0.30719155
eye el,0.30702716
sus,0.30702716
sus ojos,0.30702716
secreto de,0.30702716
el secreto,0.30702716
de sus,0.30702716
giant gigantic,0.3069057
two john,0.3069057
queue might,0.3069057
gigantic tale,0.3069057
gigantic,0.3069057
jet li,0.30644
jet,0.30644
yuan jia,0.30644
yuan,0.30644
huo yuan,0.30644
huo,0.30644
li fearless,0.30644
fearless huo,0.30644
life brian,0.30616716
bible parody,0.30616716
religion monty,0.30616716
parody religion,0.30616716
python life,0.30616716
brian,0.30616716
syndrome sindrome,0.30615175
stendhal la,0.30615175
di stendhal,0.30615175
sindrome,0.30615175
sindrome di,0.30615175
stendhal syndrome,0.30615175
eve national,0.30611044
lampoon adam,0.30611044
comedy david,0.30589518
aka seen,0.30585894
killer seven,0.30585894
ending serial,0.30585894
seven aka,0.30585894
dreamlike sentimental,0.30582076
big fish,0.30582076
sentimental surreal,0.30582076
burton big,0.30582076
tsubasa,0.3052925
honneamise ritsu,0.3052925
honneamise,0.3052925
wing honneamise,0.3052925
oneamisu,0.3052925
uchgun,0.3052925
ritsu uchgun,0.3052925
ritsu,0.3052925
uchgun oneamisu,0.3052925
oneamisu tsubasa,0.3052925
kronks,0.30529067
kronks new,0.30529067
groove kronks,0.30529067
ende der,0.30522853
bi an,0.30522853
ende,0.30522853
an ende,0.30522853
world bi,0.30522853
der welt,0.30522853
phantom der,0.3051764
nosferatu phantom,0.3051764
vampyre nosferatu,0.3051764
vampyre,0.3051764
nosferatu vampyre,0.3051764
nacht,0.3051764
der nacht,0.3051764
da xiong,0.30506343
fury tang,0.30506343
tang da,0.30506343
bos fist,0.30506343
big bos,0.30506343
fetishism mediacentralism,0.30463383
mediacentralism,0.30463383
holism,0.30463383
holism starsuckers,0.30463383
mediacentralism system,0.30463383
system holism,0.30463383
fetishism,0.30463383
celebrity fetishism,0.30463383
starsuckers,0.30463383
heist robbery,0.30456796
criminal bank,0.30456796
time criminal,0.30456796
robbery small,0.30456796
bank job,0.30456796
halle berry,0.304551
berry,0.304551
berry hugh,0.304551
halle,0.304551
men last,0.304551
jackman men,0.304551
bullet stephen,0.30432922
king silver,0.30432922
police xin,0.30414975
new police,0.30414975
xin jing,0.30414975
angel vie,0.30384892
dreamlife angel,0.30384892
rve,0.30384892
rve de,0.30384892
dreamlife,0.30384892
anges la,0.30384892
vie rve,0.30384892
de anges,0.30384892
goong,0.30381617
warrior king,0.30381617
aka warrior,0.30381617
yum,0.30381617
tom yum,0.30381617
king tom,0.30381617
yum goong,0.30381617
protector aka,0.30381617
wu men,0.30355406
chinese connection,0.30355406
fury chinese,0.30355406
connection jing,0.30355406
treno,0.30345875
treno blindato,0.30345875
blindato,0.30345875
bastard quel,0.30345875
maledetto,0.30345875
maledetto treno,0.30345875
quel,0.30345875
quel maledetto,0.30345875
inglorious bastard,0.30345875
inglorious,0.30345875
sans visage,0.30338764
eye without,0.30338764
visage,0.30338764
yeux sans,0.30338764
yeux,0.30338764
visage le,0.30338764
face yeux,0.30338764
funny inside,0.30324876
depressing funny,0.30324876
inside llewyn,0.30324876
llewyn davis,0.30324876
cinematography depressing,0.30324876
llewyn,0.30324876
gritty heartbreaking,0.30274433
emotional gritty,0.30274433
heartbreaking predictible,0.30274433
predictible,0.30274433
plot logan,0.30274433
predictible plot,0.30274433
kind heart,0.3026442
murder kind,0.3026442
role murder,0.3026442
multiple role,0.3026442
heart coronet,0.3026442
family multiple,0.3026442
coronet,0.3026442
fury road,0.3024757
max fury,0.3024757
appealing mad,0.3024757
mary kate,0.30218944
kate ashley,0.30218944
case christmas,0.30218944
ashley,0.30218944
ashley case,0.30218944
adventure mary,0.30218944
try stand,0.3021655
try,0.3021655
up first,0.3021655
scovel try,0.3021655
rory scovel,0.3021655
scovel,0.3021655
clarke star,0.30179766
war solo,0.30179766
emilia,0.30179766
emilia clarke,0.30179766
solo star,0.30179766
powerful ending,0.30147883
schizophrenia,0.30147883
smartest guy,0.30108193
scandal enron,0.30108193
business money,0.30108193
smartest,0.30108193
enron smartest,0.30108193
guy room,0.30108193
money scandal,0.30108193
enron,0.30108193
naze warui,0.3008677
naze,0.3008677
warui,0.3008677
hell jigoku,0.3008677
jigoku de,0.3008677
de naze,0.3008677
dont play,0.3008677
play hell,0.3008677
royale requiem,0.3008093
rowaiaru ii,0.3008093
ii chinkonka,0.3008093
requiem batoru,0.3008093
chinkonka,0.3008093
juk jaap,0.30064932
si juk,0.30064932
jaap,0.30064932
well done,0.30055368
done session,0.30055368
well,0.30055368
suspense well,0.30055368
grail indiana,0.3004828
last crusade,0.3004828
archaeology holy,0.3004828
jones last,0.3004828
crusade,0.3004828
long engagement,0.30004
long dimanche,0.30004
dimanche de,0.30004
engagement un,0.30004
de fianailles,0.30004
fianailles,0.30004
dimanche,0.30004
hopkins,0.29963714
ending fracture,0.29963714
hopkins courtroom,0.29963714
fracture,0.29963714
anthony hopkins,0.29963714
drama twist,0.29963714
princess bride,0.2994679
inigo montoya,0.2994679
fingered man,0.2994679
montoya six,0.2994679
montoya,0.2994679
man princess,0.2994679
inigo,0.2994679
six fingered,0.2994679
aka eight,0.29935795
aka woman,0.29935795
half woman,0.29935795
eight half,0.29935795
south central,0.29910046
juice hood,0.29910046
dont menace,0.29910046
central drinking,0.29910046
menace south,0.29910046
drinking juice,0.29910046
nosferatu venezia,0.29897955
nosferatu venice,0.29897955
venice nosferatu,0.29897955
vampire venice,0.29897955
venezia nosferatu,0.29897955
murder robin,0.2989184
child murder,0.2989184
queue paradise,0.2989184
hood hill,0.2989184
nuovo,0.2988497
nuovo cinema,0.2988497
paradiso nuovo,0.2988497
singer blue,0.29861826
angel blaue,0.29861826
engel der,0.29861826
engel,0.29861826
blaue engel,0.29861826
blaue,0.29861826
nightclub singer,0.29861826
blue angel,0.29861826
highlander final,0.29849055
iii sorcerer,0.29849055
highlander iii,0.29849055
aka highlander,0.29849055
final dimension,0.29849055
sorcerer aka,0.29849055
eat dog,0.2984617
dog kina,0.2984617
hunde,0.2984617
kina,0.2984617
spiser de,0.2984617
spiser,0.2984617
de hunde,0.2984617
kina spiser,0.2984617
china eat,0.2984617
everything always,0.2983183
always wanted,0.2983183
sex afraid,0.2983183
afraid ask,0.2983183
wanted know,0.2983183
know sex,0.2983183
fi time,0.29823136
tolkien long,0.29760593
desolation,0.29760593
long hobbit,0.29760593
hobbit desolation,0.29760593
smaug,0.29760593
desolation smaug,0.29760593
adventure fantasy,0.29760593
fantasy tolkien,0.29760593
himalaya lenfance,0.29757378
himalaya himalaya,0.29757378
lenfance,0.29757378
lenfance dun,0.29757378
queue himalaya,0.29757378
dun chef,0.29757378
avonlea,0.29747564
anne avonlea,0.29747564
gable sequel,0.29747564
aka anne,0.29747564
sequel aka,0.29747564
diablo el,0.2974212
ghost devil,0.2974212
backbone,0.2974212
backbone espinazo,0.2974212
diablo,0.2974212
espinazo del,0.2974212
espinazo,0.2974212
devil backbone,0.2974212
del diablo,0.2974212
tragedy plus,0.29740828
oswalt tragedy,0.29740828
plus comedy,0.29740828
equal time,0.29740828
equal,0.29740828
plus,0.29740828
comedy equal,0.29740828
code il,0.29735857
nine tail,0.29735857
cat nine,0.29735857
nove code,0.29735857
gatto nove,0.29735857
gatto,0.29735857
nove,0.29735857
tail gatto,0.29735857
kvinnor,0.29724213
som hatar,0.29724213
tattoo mn,0.29724213
mn som,0.29724213
mn,0.29724213
hatar kvinnor,0.29724213
hatar,0.29724213
samurai netflix,0.2970173
queue samurai,0.2970173
rashmon,0.2970173
white samurai,0.2970173
rashomon rashmon,0.2970173
rashomon,0.2970173
samurai rashomon,0.2970173
controversial new,0.2968871
frontal kid,0.2968871
city nudity,0.2968871
past mies,0.2966876
without past,0.2966876
mies vailla,0.2966876
vailla,0.2966876
vailla menneisyytt,0.2966876
amnesia man,0.2966876
mies,0.2966876
menneisyytt,0.2966876
ho yan,0.2966345
guy yat,0.2966345
mr nice,0.2966345
goh ho,0.2966345
goh,0.2966345
yat,0.2966345
yat goh,0.2966345
battaglia,0.29636693
battaglia di,0.29636693
di algeri,0.29636693
battle algiers,0.29636693
algiers la,0.29636693
la battaglia,0.29636693
queue battle,0.29636693
algeri,0.29636693
algiers,0.29636693
dai gekij,0.29614744
kyfu,0.29614744
gokud,0.29614744
gozu gokud,0.29614744
gekij gozu,0.29614744
gokud kyfu,0.29614744
kyfu dai,0.29614744
side track,0.29612327
ct du,0.29612327
de lautre,0.29612327
lautre,0.29612327
du priph,0.29612327
track de,0.29612327
priph,0.29612327
lautre ct,0.29612327
hayworth dance,0.29609117
hayworth,0.29609117
never get,0.29609117
dance youll,0.29609117
rita hayworth,0.29609117
youll never,0.29609117
youll,0.29609117
get rich,0.29609117
approach,0.29603723
watson twentieth,0.29603723
century approach,0.29603723
linear,0.29593927
diu sau,0.29583007
se ying,0.29583007
ying diu,0.29583007
shadow se,0.29583007
eagle shadow,0.29583007
snake eagle,0.29583007
diu,0.29583007
comedy narrated,0.29574847
abuse trainspotting,0.29574847
book dark,0.29574847
narrated drug,0.29574847
godzilla return,0.2953702
godzilla legend,0.2953702
legend reborn,0.2953702
gojira godzilla,0.2953702
return godzilla,0.2953702
reborn gojira,0.2953702
generation clerk,0.2953125
quirky witty,0.2953125
independent quirky,0.2953125
cynical hilarious,0.2953125
hilarious independent,0.2953125
witty generation,0.2953125
eric,0.29512355
bana mad,0.29512355
bana,0.29512355
scientist marvel,0.29512355
dog eric,0.29512355
mad scientist,0.29512355
marvel hulk,0.29512355
eric bana,0.29512355
seuss grinch,0.29501936
aka grinch,0.29501936
christmas aka,0.29501936
rolling,0.294982
almost famous,0.294982
stone almost,0.294982
rolling stone,0.294982
journalism music,0.294982
music rolling,0.294982
music journalism,0.294982
illness meditative,0.29493812
purposefulness ikiru,0.29493812
purposefulness,0.29493812
ikiru,0.29493812
poignant purposefulness,0.29493812
meditative philosophical,0.29493812
rtte,0.2949091
rtte komma,0.2949091
lt den,0.2949091
right one,0.2949091
let right,0.2949091
den rtte,0.2949091
lt,0.2949091
komma,0.2949091
one lt,0.2949091
boston personal,0.2947047
stop wonderland,0.2947047
aquarium,0.2947047
next stop,0.2947047
boston,0.2947047
ad next,0.2947047
aquarium boston,0.2947047
het,0.29465774
weg,0.29465774
weg naar,0.29465774
de weg,0.29465774
naar het,0.29465774
south de,0.29465774
naar,0.29465774
zuiden,0.29465774
way south,0.29465774
het zuiden,0.29465774
ocean suspense,0.29447037
hostage ocean,0.29447037
phillips,0.29447037
tense captain,0.29447037
suspense suspense,0.29447037
suspense tense,0.29447037
captain phillips,0.29447037
day luni,0.2942295
si zile,0.2942295
saptamni,0.2942295
month week,0.2942295
luni,0.2942295
zile,0.2942295
saptamni si,0.2942295
luni saptamni,0.2942295
week day,0.2942295
di dollari,0.29407835
un pugno,0.29407835
pugno di,0.29407835
per un,0.29407835
pugno,0.29407835
dollari,0.29407835
fistful dollar,0.29407835
gilmore,0.29399374
golf adam,0.29399374
test,0.29399374
sandler happy,0.29399374
tag golf,0.29399374
happy gilmore,0.29399374
test tag,0.29399374
remade dark,0.29399145
soko,0.29399145
honogurai mizu,0.29399145
honogurai,0.29399145
soko kara,0.29399145
mizu soko,0.29399145
mizu,0.29399145
water honogurai,0.29399145
roof hussard,0.29391873
hussard,0.29391873
hussard sur,0.29391873
le toit,0.29391873
toit le,0.29391873
horseman,0.29391873
horseman roof,0.29391873
lampoon christmas,0.29386625
gambling oscar,0.29379082
lucinda aka,0.29379082
aka oscar,0.29379082
music heavy,0.29371834
music spinal,0.29371834
metal mockumentary,0.29371834
mockumentary music,0.29371834
spinal tap,0.29371834
spinal,0.29371834
feardotcom aka,0.2935469
aka fearcom,0.2935469
fearcom,0.2935469
feardotcom,0.2935469
fearcom aka,0.2935469
dot,0.2935469
fear dot,0.2935469
aka fear,0.2935469
dot com,0.2935469
com,0.2935469
olympic game,0.29337215
jeux olympiques,0.29337215
olympiques,0.29337215
game astrix,0.29337215
asterix olympic,0.29337215
olympic,0.29337215
aux jeux,0.29337215
astrix aux,0.29337215
weapon national,0.29335415
lampoon loaded,0.29335415
lng sh,0.29331928
war jin,0.29331928
san chai,0.29331928
sh san,0.29331928
sh,0.29331928
jin lng,0.29331928
lng,0.29331928
flower war,0.29331928
chai,0.29331928
morrow,0.2929593
night luck,0.2929593
hearing,0.2929593
hearing morrow,0.2929593
morrow night,0.2929593
queue journalism,0.2929593
mccarthy,0.2929593
mccarthy hearing,0.2929593
journalism mccarthy,0.2929593
revenge laurie,0.29276496
laurie,0.29276496
year later,0.29276496
strode,0.29276496
laurie strode,0.29276496
later halloween,0.29276496
halloween year,0.29276496
illusion la,0.29256135
grande illusion,0.29256135
downbeat poignant,0.29256135
poignant grand,0.29256135
grand illusion,0.29256135
occasionally,0.29254767
ahead occasionally,0.29254767
glimpse,0.29254767
glimpse beauty,0.29254767
occasionally saw,0.29254767
moving ahead,0.29254767
saw brief,0.29254767
brief glimpse,0.29254767
woman woman,0.29227775
femme une,0.29227775
woman femme,0.29227775
chou chou,0.29202813
chou riri,0.29202813
riri,0.29202813
subete,0.29202813
shushu subete,0.29202813
shushu,0.29202813
lily chou,0.29202813
riri shushu,0.29202813
rose name,0.29199827
rose der,0.29199827
der rose,0.29199827
religion name,0.29199827
name rose,0.29199827
name der,0.29199827
bru saiky,0.29175407
ball path,0.29175407
path power,0.29175407
michi,0.29175407
saiky michi,0.29175407
power doragon,0.29175407
jing ke,0.29171112
assassin jing,0.29171112
qin wang,0.29171112
ke ci,0.29171112
ci qin,0.29171112
emperor assassin,0.29171112
colombian,0.29162097
force colombian,0.29162097
colombian connection,0.29162097
force delta,0.29162097
dansu,0.2915029
shall dansu,0.2915029
ballroom dance,0.2915029
rita stille,0.29149064
nach dem,0.29149064
dem,0.29149064
nach,0.29149064
legend rita,0.29149064
stille nach,0.29149064
dem schu,0.29149064
schu die,0.29149064
schu,0.29149064
ignorant fairy,0.29141423
fairy fate,0.29141423
aka ignorant,0.29141423
ignoranti le,0.29141423
ignoranti,0.29141423
ignorant,0.29141423
fate ignoranti,0.29141423
life aka,0.29141423
shiro rapyuta,0.29132992
laputa castle,0.29132992
sky tenk,0.29132992
tenk shiro,0.29132992
laputa,0.29132992
rapyuta,0.29132992
anime laputa,0.29132992
tenk,0.29132992
castle sky,0.29132992
doc snyder,0.2910887
die welt,0.2910887
hlt die,0.2910887
hlt,0.2910887
texas doc,0.2910887
welt atem,0.2910887
atem,0.2910887
snyder,0.2910887
snyder hlt,0.2910887
douze,0.29075634
asterix le,0.29075634
travaux,0.29075634
task asterix,0.29075634
douze travaux,0.29075634
le douze,0.29075634
task,0.29075634
dastrix,0.29075634
twelve task,0.29075634
travaux dastrix,0.29075634
montral,0.2906721
jesus montreal,0.2906721
jsus de,0.2906721
de montral,0.2906721
jsus,0.2906721
montreal,0.2906721
montreal jsus,0.2906721
spectator jesus,0.2906721
sui de,0.29057768
sui,0.29057768
dan che,0.29057768
de dan,0.29057768
beijing,0.29057768
shiqi,0.29057768
beijing bicycle,0.29057768
shiqi sui,0.29057768
bicycle shiqi,0.29057768
fi scifi,0.29057044
scifi cult,0.29057044
confusing,0.2905382
liar autobiography,0.29051125
autobiography untrue,0.29051125
python graham,0.29051125
untrue monty,0.29051125
chapman,0.29051125
untrue,0.29051125
autobiography,0.29051125
graham chapman,0.29051125
church corrupt,0.29006663
catholic,0.29006663
corrupt,0.29006663
history deliver,0.29006663
organization history,0.29006663
organization,0.29006663
corrupt organization,0.29006663
church,0.29006663
catholic church,0.29006663
naki,0.28982565
naki tatakai,0.28982565
humanity jingi,0.28982565
battle without,0.28982565
without honor,0.28982565
jingi,0.28982565
tatakai,0.28982565
humanity,0.28982565
honor humanity,0.28982565
jingi naki,0.28982565
king england,0.28967583
anglickho krle,0.28967583
served king,0.28967583
krle,0.28967583
england obsluhoval,0.28967583
obsluhoval jsem,0.28967583
jsem anglickho,0.28967583
obsluhoval,0.28967583
jsem,0.28967583
anglickho,0.28967583
ivanovo,0.28958064
ivans childhood,0.28958064
ivans,0.28958064
ivanovo detstvo,0.28958064
detstvo,0.28958064
childhood,0.28958064
childhood aka,0.28958064
aka name,0.28958064
ivan ivanovo,0.28958064
name ivan,0.28958064
kingsley,0.28943026
ethic,0.28943026
reynolds selfless,0.28943026
kingsley ethic,0.28943026
selfless,0.28943026
immortality,0.28943026
ethic immortality,0.28943026
immortality ryan,0.28943026
ben kingsley,0.28943026
cavo,0.28939825
ciao,0.28939825
la cavo,0.28939825
io speriamo,0.28939825
speriamo,0.28939825
che la,0.28939825
professore,0.28939825
ciao professore,0.28939825
professore io,0.28939825
speriamo che,0.28939825
luftslottet som,0.28923672
nest luftslottet,0.28923672
kicked,0.28923672
girl kicked,0.28923672
sprngdes,0.28923672
hornet nest,0.28923672
kicked hornet,0.28923672
som sprngdes,0.28923672
luftslottet,0.28923672
dark matrix,0.288978
anime cyberpunk,0.288978
matrix sci,0.288978
cyberpunk dark,0.288978
animatrix,0.288978
fi animatrix,0.288978
lampoon la,0.28850782
le week,0.2883704
aka le,0.2883704
weekend aka,0.2883704
end week,0.2883704
night cabiria,0.28795278
notti,0.28795278
cabiria le,0.28795278
notti di,0.28795278
cabiria notti,0.28795278
di cabiria,0.28795278
queue night,0.28795278
war taegukgi,0.2879055
taegukgi,0.2879055
tae guk,0.2879055
brotherhood war,0.2879055
guk gi,0.2879055
guk,0.2879055
taegukgi hwinalrimyeo,0.2879055
tae,0.2879055
hwinalrimyeo,0.2879055
gi brotherhood,0.2879055
fear salaire,0.2877047
queue wage,0.2877047
salaire de,0.2877047
peur le,0.2877047
wage fear,0.2877047
salaire,0.2877047
wage,0.2877047
ascenseur pour,0.28748256
aka frantic,0.28748256
gallows aka,0.28748256
elevator,0.28748256
pour lchafaud,0.28748256
ascenseur,0.28748256
elevator gallows,0.28748256
frantic ascenseur,0.28748256
lchafaud,0.28748256
tsuma,0.28716806
tsuma shimatsu,0.28716806
hairy tsuma,0.28716806
rebellion ji,0.28716806
samurai rebellion,0.28716806
shimatsu,0.28716806
uchi hairy,0.28716806
uchi,0.28716806
ji uchi,0.28716806
wees,0.28712744
wee herman,0.28712744
wees big,0.28712744
herman,0.28712744
herman pee,0.28712744
pee wees,0.28712744
notable soundtrack,0.28711385
frn andra,0.28691903
floor snger,0.28691903
second floor,0.28691903
frn,0.28691903
andra vningen,0.28691903
vningen,0.28691903
snger frn,0.28691903
andra,0.28691903
song second,0.28691903
snger,0.28691903
psychological psychological,0.2867226
psychological thriller,0.2867226
money laventure,0.28657728
laventure cest,0.28657728
cest laventure,0.28657728
xin du,0.28653914
bi dao,0.28653914
new one,0.28653914
swordsman xin,0.28653914
lord aka,0.28633022
strike long,0.28633022
xiao ye,0.28633022
dragon lord,0.28633022
long xiao,0.28633022
dragon strike,0.28633022
definitive history,0.286315
turtle power,0.286315
power definitive,0.286315
definitive,0.286315
history teenage,0.286315
amelie,0.2861047
damlie poulain,0.2861047
damlie,0.2861047
whimsical amelie,0.2861047
poulain,0.2861047
fabuleux,0.2861047
fabuleux destin,0.2861047
destin damlie,0.2861047
destin,0.2861047
amelie fabuleux,0.2861047
poulain le,0.2861047
land god,0.28607783
le domaine,0.28607783
astrix le,0.28607783
asterix land,0.28607783
domaine de,0.28607783
god astrix,0.28607783
domaine,0.28607783
dieux,0.28607783
de dieux,0.28607783
ii ying,0.2860443
sik ii,0.2860443
tomorrow ii,0.2860443
love post,0.28556338
earth love,0.28556338
commentary walle,0.28556338
apocalyptic social,0.28556338
walle,0.28556338
love la,0.2854484
du tout,0.2854484
pa du,0.2854484
obsession love,0.2854484
folie,0.2854484
folie pa,0.2854484
la folie,0.2854484
dreamlike enigmatic,0.28542262
artistic artsy,0.28503227
beautiful dreamlike,0.28503227
upstream color,0.28503227
existentialism upstream,0.28503227
upstream,0.28503227
demon rosemary,0.28474626
suspense demon,0.28474626
rosemary baby,0.28474626
rosemary,0.28474626
creepy paranoia,0.28474626
paranoia scary,0.28474626
scary suspense,0.28474626
unlikely hero,0.28460473
humorous unlikely,0.28460473
visuals humorous,0.28460473
unlikely,0.28460473
great visuals,0.28460473
hero guardian,0.28460473
iii revenge,0.28441808
revenge sith,0.28441808
sith,0.28441808
episode iii,0.28441808
washington mafia,0.28440413
mafia organized,0.28440413
denzel,0.28440413
denzel washington,0.28440413
crime american,0.28440413
corruption denzel,0.28440413
american gangster,0.28440413
veronique,0.28424084
vronique la,0.28424084
vronique,0.28424084
veronique double,0.28424084
life veronique,0.28424084
de vronique,0.28424084
vie de,0.28424084
double vie,0.28424084
believe tear,0.28423068
slezam ne,0.28423068
slezam,0.28423068
moskva slezam,0.28423068
ne verit,0.28423068
tear moskva,0.28423068
verit,0.28423068
moscow believe,0.28423068
moskva,0.28423068
de grauens,0.28413537
nosferatu eine,0.28413537
eine symphonie,0.28413537
symphonie de,0.28413537
grauens,0.28413537
nosferatu nosferatu,0.28413537
eine,0.28413537
vampire nosferatu,0.28413537
symphonie,0.28413537
lamour dure,0.2841158
lamour,0.2841158
year lamour,0.2841158
last three,0.2841158
trois an,0.2841158
love last,0.2841158
dure trois,0.2841158
dure,0.2841158
three year,0.2841158
understated pigeon,0.28395295
pigeon sat,0.28395295
sat branch,0.28395295
branch,0.28395295
branch reflecting,0.28395295
reflecting existence,0.28395295
depressing understated,0.28395295
reflecting,0.28395295
existence,0.28395295
board game,0.28380698
game robin,0.28380698
williams game,0.28380698
game jumanji,0.28380698
magic board,0.28380698
georgia denver,0.28360778
morty,0.28360778
allen,0.28360778
state georgia,0.28360778
denver fenton,0.28360778
rick,0.28360778
rick morty,0.28360778
morty state,0.28360778
fenton,0.28360778
fenton allen,0.28360778
queue porco,0.28354406
porco,0.28354406
rosso crimson,0.28354406
kurenai,0.28354406
buta,0.28354406
porco rosso,0.28354406
crimson pig,0.28354406
pig kurenai,0.28354406
kurenai buta,0.28354406
odni,0.2834133
battle boy,0.2834133
odni stariki,0.2834133
stariki,0.2834133
boy idut,0.2834133
idut,0.2834133
going battle,0.2834133
idut odni,0.2834133
men going,0.2834133
scaphandre et,0.2833533
butterfly scaphandre,0.2833533
le papillon,0.2833533
bell butterfly,0.2833533
diving bell,0.2833533
scaphandre,0.2833533
murder cold,0.28333983
penalty murder,0.28333983
capote crime,0.28333983
white capote,0.28333983
crime death,0.28333983
ned devine,0.28316632
aka waking,0.28316632
devine aka,0.28316632
devine,0.28316632
jumanji welcome,0.2831393
action comedy,0.2831393
comedy dwayne,0.2831393
dwayne johnson,0.2831393
dwayne,0.2831393
funny jumanji,0.2831393
johnson funny,0.2831393
life robert,0.28289032
fog war,0.28289032
war eleven,0.28289032
lesson life,0.28289032
mcnamara,0.28289032
vietnam fog,0.28289032
eleven lesson,0.28289032
robert mcnamara,0.28289032
cra,0.28287807
la femme,0.28287807
cra la,0.28287807
god created,0.28287807
woman et,0.28287807
created woman,0.28287807
dieu,0.28287807
created,0.28287807
dieu cra,0.28287807
et dieu,0.28287807
sandler stop,0.28217107
billy madison,0.28217107
swan billy,0.28217107
looking swan,0.28217107
school adam,0.28217107
stop looking,0.28217107
biking,0.28192642
de belleville,0.28192642
triplettes de,0.28192642
biking triplet,0.28192642
triplet,0.28192642
le triplettes,0.28192642
belleville le,0.28192642
triplettes,0.28192642
triplet belleville,0.28192642
illness mindfuck,0.28131813
de lempire,0.2810647
amricain le,0.2810647
lempire,0.2810647
lempire amricain,0.2810647
empire dclin,0.2810647
dclin de,0.2810647
dclin,0.2810647
american empire,0.2810647
amricain,0.2810647
decline american,0.2810647
journal dune,0.28075075
chambermaid journal,0.28075075
de chambre,0.28075075
chambre le,0.28075075
diary chambermaid,0.28075075
femme de,0.28075075
chambre,0.28075075
chambermaid,0.28075075
dune femme,0.28075075
satire vulgar,0.28072506
vulgar,0.28072506
vulgar sausage,0.28072506
mindfuck sarcasm,0.28072506
humor mindfuck,0.28072506
sausage,0.28072506
sausage party,0.28072506
warren,0.28072464
huey long,0.28072464
huey,0.28072464
long netflix,0.28072464
penn warren,0.28072464
queue robert,0.28072464
warren king,0.28072464
robert penn,0.28072464
holocaust world,0.28069356
salomon,0.28069356
europa hitlerjunge,0.28069356
europa europa,0.28069356
ii europa,0.28069356
hitlerjunge salomon,0.28069356
hitlerjunge,0.28069356
philip,0.28062075
aguirre der,0.28058517
aguirre wrath,0.28058517
gottes,0.28058517
wrath god,0.28058517
der zorn,0.28058517
god aguirre,0.28058517
zorn gottes,0.28058517
zorn,0.28058517
pineapple,0.2797435
rogen stoner,0.2797435
comedy james,0.2797435
stoner pineapple,0.2797435
stoner,0.2797435
pineapple express,0.2797435
conflict aka,0.2793998
aka omen,0.2793998
iii final,0.2793998
omen iii,0.2793998
robot android,0.2790906
et autres,0.27897134
alias betty,0.27897134
alias,0.27897134
histoires,0.27897134
autres histoires,0.27897134
autres,0.27897134
fisher et,0.27897134
betty betty,0.27897134
betty fisher,0.27897134
music industry,0.2788953
industry remix,0.2788953
industry,0.2788953
remix culture,0.2788953
culture copy,0.2788953
documentary music,0.2788953
copy copy,0.2788953
remix,0.2788953
chat du,0.27851662
rabbi cat,0.27851662
du rabbin,0.27851662
trippy rabbi,0.27851662
rabbin,0.27851662
philosophical trippy,0.27851662
cat le,0.27851662
le chat,0.27851662
boudu saved,0.2784276
drowning boudu,0.2784276
saved drowning,0.2784276
de eaux,0.2784276
sauv de,0.2784276
sauv,0.2784276
boudu sauv,0.2784276
eaux,0.2784276
aka national,0.27840778
vacation aka,0.27840778
lampoon european,0.27840778
game adaptation,0.27826032
alicia vikander,0.27826032
adaptation tomb,0.27826032
vikander,0.27826032
alicia,0.27826032
adventure alicia,0.27826032
vikander video,0.27826032
jsa,0.27824637
area,0.27824637
gyeongbi guyeok,0.27824637
area gongdong,0.27824637
guyeok jsa,0.27824637
gyeongbi,0.27824637
gongdong,0.27824637
gongdong gyeongbi,0.27824637
guyeok,0.27824637
joint,0.27824637
security area,0.27824637
joint security,0.27824637
chappelles,0.27804723
dave chappelles,0.27804723
party aka,0.27804723
aka dave,0.27804723
chappelles block,0.27804723
ragnarok,0.2780244
thor ragnarok,0.2780244
quirky unconventional,0.2780244
awesome humor,0.2780244
humor quirky,0.2780244
guilt thor,0.2780244
unconventional white,0.2780244
wahlberg basketball,0.27774057
heroin leonardo,0.27774057
wahlberg,0.27774057
dicaprio mark,0.27774057
addiction heroin,0.27774057
mark wahlberg,0.27774057
basketball diary,0.27774057
tie xi,0.2777398
xi qu,0.2777398
west track,0.2777398
tiexi qu,0.2777398
tiexi,0.2777398
qu west,0.2777398
track tiexi,0.2777398
contre csar,0.27760342
oblix contre,0.27760342
caesar astrix,0.27760342
obelix caesar,0.27760342
csar,0.27760342
mount,0.27747077
top north,0.27747077
rushmore alfred,0.27747077
hitchcock imdb,0.27747077
north northwest,0.27747077
mount rushmore,0.27747077
idal,0.2774513
coupable idal,0.2774513
coupable,0.2774513
un coupable,0.2774513
murder sunday,0.2774513
crime murder,0.2774513
sunday morning,0.2774513
morning un,0.2774513
documentary crime,0.2774513
emotional politics,0.27743754
provoking racism,0.27743754
politics american,0.27743754
racism edward,0.27743754
american history,0.27743754
norton emotional,0.27743754
rogue superhero,0.277399
wolverine men,0.277399
jean grey,0.277399
superhero wolverine,0.277399
magneto rogue,0.277399
magneto,0.277399
men united,0.277399
grey magneto,0.277399
dog chien,0.27738798
andalusian dog,0.27738798
andalou un,0.27738798
surrealism andalusian,0.27738798
chien,0.27738798
chien andalou,0.27738798
mindfuck surreal,0.27738798
andalou,0.27738798
andalusian,0.27738798
lampoon lady,0.27719024
lampoon gold,0.27719024
killer national,0.27719024
lady killer,0.27719024
color white,0.27682412
cynical three,0.27682412
white trzy,0.27682412
trzy kolory,0.27682412
kolory,0.27682412
kolory bialy,0.27682412
trzy,0.27682412
marriage cynical,0.27682412
bialy,0.27682412
irony,0.2768155
rat inspirational,0.27666375
clever chef,0.27666375
chef rat,0.27666375
clever inspirational,0.27666375
ratatouille,0.27666375
inspirational clever,0.27666375
inspirational ratatouille,0.27666375
performance twist,0.27659684
gone baby,0.27659684
affleck great,0.27659684
baby gone,0.27659684
casey affleck,0.27659684
casey,0.27659684
twist gone,0.27659684
kubi,0.2764975
zatoichi chest,0.2764975
chest gold,0.2764975
senry,0.2764975
zatichi senry,0.2764975
senry kubi,0.2764975
gold zatichi,0.2764975
kubi zatichi,0.2764975
de arbres,0.2762905
planted tree,0.2762905
man planted,0.2762905
qui plantait,0.2762905
plantait,0.2762905
plantait de,0.2762905
homme qui,0.2762905
tree homme,0.2762905
arbres,0.2762905
planted,0.2762905
nekojiru,0.2761288
soup nekojiru,0.2761288
abstract,0.2761288
cat soup,0.2761288
surreal cat,0.2761288
dark psychedelic,0.2761288
nekojiru so,0.2761288
abstract dark,0.2761288
psychedelic surreal,0.2761288
aka caravan,0.27604046
adventure aka,0.27604046
caravan,0.27604046
caravan courage,0.27604046
courage ewok,0.27604046
krieger,0.2760277
warrior krieger,0.2760277
accident princess,0.2760277
kaiserin,0.2760277
krieger und,0.2760277
die kaiserin,0.2760277
princess warrior,0.2760277
und die,0.2760277
kaiserin der,0.2760277
called panic,0.27601653
town called,0.27601653
panique,0.27601653
au village,0.27601653
surreal whimsical,0.27601653
whimsical town,0.27601653
panic panique,0.27601653
panique au,0.27601653
norton magic,0.27566913
giamatti illusionist,0.27566913
costume drama,0.27566913
magic paul,0.27566913
drama edward,0.27566913
costume,0.27566913
marvel superhero,0.27547035
jackman marvel,0.27547035
superhero men,0.27547035
action comic,0.27547035
intelligence atmospheric,0.27537486
lola rennt,0.27534598
rennt,0.27534598
ending run,0.27534598
lola run,0.27534598
ein toter,0.27522486
toter hing,0.27522486
hing im,0.27522486
toter,0.27522486
netz,0.27522486
island ein,0.27522486
im netz,0.27522486
horror spider,0.27522486
spider island,0.27522486
ball curse,0.2751211
blood ruby,0.2751211
bru shenron,0.2751211
ruby doragon,0.2751211
densetsu,0.2751211
shenron,0.2751211
curse blood,0.2751211
shenron densetsu,0.2751211
river aka,0.2750393
return snowy,0.2750393
aka man,0.2750393
river ii,0.2750393
bak thai,0.27502513
warrior ong,0.27502513
thai warrior,0.27502513
thai,0.27502513
perdus la,0.27486685
enfants perdus,0.27486685
child cit,0.27486685
perdus,0.27486685
de enfants,0.27486685
kidnapping city,0.27486685
noir,0.27377778
roast criminal,0.27368906
brazos county,0.27368906
county jail,0.27368906
live brazos,0.27368906
brazos,0.27368906
criminal live,0.27368906
dallas buyer,0.27332437
buyer club,0.27332437
buyer,0.27332437
uplifting dallas,0.27332437
uplifting,0.27332437
commentary uplifting,0.27332437
leto social,0.27332437
casanova di,0.2733192
il casanova,0.2733192
federico fellini,0.2733192
di federico,0.2733192
fellini casanova,0.2733192
federico,0.2733192
casanova il,0.2733192
blvd,0.27316785
business sunset,0.27316785
blvd aka,0.27316785
eerie business,0.27316785
movie eerie,0.27316785
sunset blvd,0.27316785
sunset boulevard,0.27316785
aka sunset,0.27316785
beli,0.27314347
beli macor,0.27314347
white cat,0.27314347
cat white,0.27314347
macor,0.27314347
macka beli,0.27314347
black cat,0.27314347
cat crna,0.27314347
macka,0.27314347
crna,0.27314347
crna macka,0.27314347
une nuit,0.2729928
night deux,0.2729928
bittersweet two,0.2729928
day one,0.2729928
deux jours,0.2729928
jours une,0.2729928
two day,0.2729928
goodnight mommy,0.2728433
mommy ich,0.2728433
seh ich,0.2728433
makafushigi,0.27246216
dai bken,0.27246216
mystical,0.27246216
ball mystical,0.27246216
mystical adventure,0.27246216
adventure doragon,0.27246216
bken,0.27246216
makafushigi dai,0.27246216
bru makafushigi,0.27246216
rak noi,0.27230293
universe ruang,0.27230293
last life,0.27230293
rak,0.27230293
nid mahasan,0.27230293
noi,0.27230293
ruang rak,0.27230293
nid,0.27230293
life universe,0.27230293
ruang,0.27230293
mahasan,0.27230293
noi nid,0.27230293
angst essen,0.27176005
soul angst,0.27176005
essen,0.27176005
ali fear,0.27176005
eats soul,0.27176005
essen seele,0.27176005
seele auf,0.27176005
fear eats,0.27176005
eccentric,0.27166668
adorable black,0.27166668
eccentric introspection,0.27166668
quirky frank,0.27166668
illness quirky,0.27166668
adorable,0.27166668
introspection,0.27166668
introspection mental,0.27166668
comedy eccentric,0.27166668
girl played,0.27134287
elden,0.27134287
med,0.27134287
flickan,0.27134287
lekte,0.27134287
lekte med,0.27134287
med elden,0.27134287
flickan som,0.27134287
som lekte,0.27134287
played fire,0.27134287
fire flickan,0.27134287
zack miri,0.27124658
zack,0.27124658
miri make,0.27124658
porno,0.27124658
miri,0.27124658
make porno,0.27124658
rogen sexual,0.27124658
humor zack,0.27124658
sexual humor,0.27124658
prte moi,0.27102077
married stay,0.27102077
get married,0.27102077
ta main,0.27102077
ta,0.27102077
prte,0.27102077
stay single,0.27102077
moi ta,0.27102077
single prte,0.27102077
oblix mission,0.27062473
mission cleopatra,0.27062473
mission cloptre,0.27062473
obelix mission,0.27062473
astrix oblix,0.27062473
credit,0.2705036
credit era,0.2705036
time easy,0.2705036
maxed,0.2705036
predatory lender,0.2705036
maxed hard,0.2705036
lender,0.2705036
predatory,0.2705036
era,0.2705036
era predatory,0.2705036
hard time,0.2705036
easy credit,0.2705036
arctic,0.2703209
del crculo,0.2703209
circle los,0.2703209
lover arctic,0.2703209
amantes,0.2703209
amantes del,0.2703209
crculo polar,0.2703209
los amantes,0.2703209
crculo,0.2703209
arctic circle,0.2703209
short term,0.27021867
heartwarming mental,0.27021867
touching short,0.27021867
illness touching,0.27021867
good heartwarming,0.27021867
queen desert,0.26997098
priscilla queen,0.26997098
adventure priscilla,0.26997098
drag remade,0.26997098
remade adventure,0.26997098
priscilla,0.26997098
dou bu,0.26995012
yi ge,0.26995012
less yi,0.26995012
ge dou,0.26995012
one less,0.26995012
neng shao,0.26995012
bu neng,0.26995012
bu,0.26995012
neng,0.26995012
ge,0.26995012
tenshi,0.26991537
atmospheric bizzare,0.26991537
angel egg,0.26991537
egg tenshi,0.26991537
symbolism angel,0.26991537
tamago,0.26991537
tenshi tamago,0.26991537
bizzare eerie,0.26991537
bizzare,0.26991537
eerie symbolism,0.26991537
unnecessary,0.26962847
unnecessary sequel,0.26962847
predictable turkey,0.26962847
neeson predictable,0.26962847
turkey,0.26962847
turkey unnecessary,0.26962847
istanbul,0.26962847
istanbul liam,0.26962847
sequel taken,0.26962847
carell year,0.26958904
classic hilarious,0.26958904
old virgin,0.26958904
best picture,0.26958904
year old,0.26958904
picture classic,0.26958904
jonas qui,0.26948735
en lan,0.26948735
qui aura,0.26948735
lan,0.26948735
year jonas,0.26948735
an en,0.26948735
jonas,0.26948735
jonah year,0.26948735
aura an,0.26948735
aura,0.26948735
de cherbourg,0.2694668
umbrella,0.2694668
cry umbrella,0.2694668
cherbourg parapluies,0.2694668
parapluies de,0.2694668
cherbourg le,0.2694668
parapluies,0.2694668
umbrella cherbourg,0.2694668
creepy menacing,0.26942647
illness oninous,0.26942647
chilly creepy,0.26942647
chilly,0.26942647
atmospheric chilly,0.26942647
menacing,0.26942647
menacing mental,0.26942647
killer atmospheric,0.26942647
oninous,0.26942647
comedy steve,0.2693635
continues,0.2693635
stupid funny,0.2693635
legend continues,0.2693635
carell stupid,0.2693635
rogen interview,0.26887092
funny james,0.26887092
bromance comedy,0.26887092
bloody bromance,0.26887092
tricky twist,0.2682659
suspense thriller,0.2682659
ending heist,0.2682659
tricky,0.2682659
heist usual,0.2682659
mindfuck suspense,0.2682659
usual,0.2682659
usual suspect,0.2682659
thriller tricky,0.2682659
mean girl,0.26818007
clever high,0.26818007
subtext high,0.26818007
school mean,0.26818007
subtext,0.26818007
lesbian subtext,0.26818007
school lesbian,0.26818007
illness one,0.26788878
flew cuckoo,0.26788878
flew,0.26788878
cuckoo nest,0.26788878
one flew,0.26788878
nicholson mental,0.26788878
emotional jack,0.26788878
falling alfred,0.2677975
atmospheric imdb,0.2677975
hitchcock atmospheric,0.2677975
vertigo,0.2677975
stewart vertigo,0.2677975
dragon aka,0.26771897
dragon meng,0.26771897
long guo,0.26771897
way dragon,0.26771897
meng long,0.26771897
guo jiang,0.26771897
guo,0.26771897
meng,0.26771897
return dragon,0.26771897
rupan,0.26761764
castle cagliostro,0.26761764
sansei kariosutoro,0.26761764
lupin,0.26761764
lupin iii,0.26761764
iii castle,0.26761764
rupan sansei,0.26761764
kariosutoro,0.26761764
cagliostro rupan,0.26761764
kariosutoro shiro,0.26761764
cagliostro,0.26761764
sansei,0.26761764
cristallo,0.26750347
crystal plumage,0.26750347
dalle,0.26750347
dalle piume,0.26750347
plumage,0.26750347
plumage uccello,0.26750347
piume di,0.26750347
uccello,0.26750347
uccello dalle,0.26750347
piume,0.26750347
di cristallo,0.26750347
bird crystal,0.26750347
speak hulk,0.2674973
hulk hogan,0.2674973
gawker,0.2674973
gawker trial,0.2674973
trial free,0.2674973
speak,0.2674973
free press,0.2674973
press,0.2674973
nobody speak,0.2674973
hogan,0.2674973
hogan gawker,0.2674973
scary stephen,0.26729283
tense thriller,0.26729283
claustrophobic horror,0.26729283
misery,0.26729283
thriller misery,0.26729283
horror scary,0.26729283
king suspenseful,0.26729283
obrien best,0.2666769
comic dog,0.2666769
triumph insult,0.2666769
insult comic,0.2666769
conan obrien,0.2666769
night conan,0.2666769
obrien,0.2666769
best triumph,0.2666769
crime father,0.26606268
del padre,0.26606268
padre amaro,0.26606268
father amaro,0.26606268
crimen del,0.26606268
padre,0.26606268
amaro crimen,0.26606268
amaro el,0.26606268
everyone one,0.26604807
saw without,0.26604807
kid meet,0.26604807
without plan,0.26604807
one saw,0.26604807
seeing,0.26604807
plan seeing,0.26604807
seeing kid,0.26604807
meet robinson,0.26604807
shi mian,0.2657339
house flying,0.2657339
mian mai,0.2657339
mian,0.2657339
flying dagger,0.2657339
mai fu,0.2657339
dagger shi,0.2657339
sad lilya,0.26564157
lilja ever,0.26564157
depressing melancholy,0.26564157
prostitution depressing,0.26564157
lilja,0.26564157
melancholy sad,0.26564157
ever lilja,0.26564157
lilya,0.26564157
lilya ever,0.26564157
desire cet,0.26523855
dsir,0.26523855
du dsir,0.26523855
cet obscur,0.26523855
cet,0.26523855
object desire,0.26523855
obscure object,0.26523855
objet,0.26523855
obscur,0.26523855
obscure,0.26523855
obscur objet,0.26523855
objet du,0.26523855
creepy horror,0.26522124
alter,0.26522124
alter ego,0.26522124
ego,0.26522124
surreal black,0.26522124
obsession surreal,0.26522124
black swan,0.26522124
horror obsession,0.26522124
ego atmospheric,0.26522124
le pigeon,0.26519352
vieille dame,0.26519352
vieille,0.26519352
pigeon la,0.26519352
old lady,0.26519352
la vieille,0.26519352
dame et,0.26519352
lady pigeon,0.26519352
la cit,0.26439267
comedy la,0.26439267
family style,0.26439267
fear city,0.26439267
city family,0.26439267
style comedy,0.26439267
lector disturbing,0.2643675
hannibal lector,0.2643675
silence lamb,0.2643675
lector,0.2643675
suspense silence,0.2643675
drama gothic,0.2643675
gothic psychology,0.2643675
jennifer connelly,0.26381144
corruption jennifer,0.26381144
blood diamond,0.26381144
africa corruption,0.26381144
justice leonardo,0.26381144
dicaprio blood,0.26381144
connelly justice,0.26381144
connelly,0.26381144
cera stylized,0.26353928
geeky,0.26353928
stylized video,0.26353928
scott pilgrim,0.26353928
game scott,0.26353928
pilgrim world,0.26353928
pilgrim,0.26353928
geeky michael,0.26353928
gloomy sunday,0.26350078
tod,0.26350078
gloomy,0.26350078
sunday ein,0.26350078
ein lied,0.26350078
lied,0.26350078
liebe,0.26350078
lied von,0.26350078
von liebe,0.26350078
und tod,0.26350078
liebe und,0.26350078
buscemi coen,0.26342225
kidnapping steve,0.26342225
true dark,0.26342225
fargo,0.26342225
brother fargo,0.26342225
comedy kidnapping,0.26342225
bonham,0.2632352
helena bonham,0.2632352
bonham carter,0.2632352
dogma,0.26313326
smith satire,0.26313326
irreverent jay,0.26313326
religion dogma,0.26313326
bob kevin,0.26313326
satire religion,0.26313326
culkin,0.26301357
sequel home,0.26301357
alone lost,0.26301357
culkin sequel,0.26301357
macaulay culkin,0.26301357
funny macaulay,0.26301357
lost new,0.26301357
macaulay,0.26301357
military terrorism,0.2629984
afghanistan american,0.2629984
afghanistan,0.2629984
dark thirty,0.2629984
zero dark,0.2629984
american propaganda,0.2629984
assassination military,0.2629984
propaganda assassination,0.2629984
propaganda,0.2629984
terrorism zero,0.2629984
big hero,0.26283807
kid robot,0.26283807
funny big,0.26283807
robot feel,0.26283807
animation kid,0.26283807
fun family,0.26283807
fait ii,0.262723
ii animated,0.262723
fighter ii,0.262723
sutorto fait,0.262723
sutorto,0.262723
animated sutorto,0.262723
fait,0.262723
ii gekij,0.262723
travel butterfly,0.2625712
reality sci,0.2625712
fi science,0.2625712
fiction time,0.2625712
science fiction,0.2625712
humor dark,0.262244
provoking funny,0.262244
humor intelligent,0.262244
present book,0.26217538
love american,0.26217538
pie book,0.26217538
merecer esto,0.26214942
deserve qu,0.26214942
qu hecho,0.26214942
para merecer,0.26214942
esto,0.26214942
deserve,0.26214942
done deserve,0.26214942
merecer,0.26214942
hecho,0.26214942
hecho yo,0.26214942
yo para,0.26214942
trek star,0.261302
trek insurrection,0.261302
insurrection,0.261302
goldberg space,0.261302
goldberg,0.261302
cameowhoopi,0.261302
cameowhoopi goldberg,0.261302
ptsd,0.26121566
based play,0.26121566
theory creepy,0.26121566
ptsd bug,0.26121566
play conspiracy,0.26121566
creepy insanity,0.26121566
paranoia ptsd,0.26121566
cinematography dark,0.2608974
moody philosophical,0.2608974
existentialism moody,0.2608974
dark dreamlike,0.2608974
katie im,0.26050094
crime katie,0.26050094
im scared,0.26050094
ho paura,0.26050094
katie,0.26050094
non ho,0.26050094
io non,0.26050094
scared io,0.26050094
adolescence crime,0.26050094
guerre le,0.26037416
guerre retour,0.26037416
retour de,0.26037416
de martin,0.26037416
return martin,0.26037416
retour,0.26037416
art sci,0.26035923
universe philosophy,0.26035923
apocalyptic matrix,0.26035923
fi alternate,0.26035923
philosophy post,0.26035923
indie record,0.2601774
label music,0.2601774
record label,0.2601774
music upside,0.2601774
upside creation,0.2601774
creation record,0.2601774
britpop,0.2601774
label,0.2601774
britpop indie,0.2601774
disturbing gritty,0.26009583
smotri,0.26009583
atmospheric bleak,0.26009583
harsh come,0.26009583
gritty harsh,0.26009583
idi,0.26009583
idi smotri,0.26009583
see idi,0.26009583
bleak disturbing,0.26009583
prison stephen,0.26007754
wrongful imprisonment,0.26007754
wrongful,0.26007754
freeman shawshank,0.26007754
king wrongful,0.26007754
imprisonment morgan,0.26007754
shawshank redemption,0.26007754
shawshank,0.26007754
imprisonment,0.26007754
une trange,0.2595117
alphaville une,0.2595117
alphaville alphaville,0.2595117
de lemmy,0.2595117
aventure de,0.2595117
aventure,0.2595117
trange,0.2595117
trange aventure,0.2595117
lemmy caution,0.2595117
lemmy,0.2595117
zone doragon,0.25926355
ball dead,0.25926355
os,0.25926355
kaese,0.25926355
wo kaese,0.25926355
bru os,0.25926355
os gohan,0.25926355
gohan wo,0.25926355
yin shi,0.25883013
yin,0.25883013
drink,0.25883013
drink man,0.25883013
woman yin,0.25883013
nan,0.25883013
nan nu,0.25883013
shi nan,0.25883013
queue eat,0.25883013
eat drink,0.25883013
cate blanchett,0.25882012
cate,0.25882012
commentary babel,0.25882012
babel,0.25882012
pitt cate,0.25882012
blanchett multiple,0.25882012
blanchett,0.25882012
storyline social,0.25882012
stinker,0.2586762
ordure,0.2586762
stinker le,0.2586762
le pre,0.2586762
nol est,0.2586762
claus stinker,0.2586762
une ordure,0.2586762
pre nol,0.2586762
creativity dystopia,0.25845218
free download,0.25845218
dystopia free,0.25845218
imagination dialogue,0.25845218
claymation creativity,0.25845218
creativity,0.25845218
download imagination,0.25845218
dialogue social,0.25845218
download,0.25845218
vichea,0.25845194
chea,0.25845194
chea vichea,0.25845194
crime human,0.25845194
right murder,0.25845194
procedural,0.25845194
cambodia crime,0.25845194
procedural killed,0.25845194
human right,0.25845194
killed chea,0.25845194
murder procedural,0.25845194
giardino dei,0.25843415
continis,0.25843415
contini il,0.25843415
contini,0.25843415
finzi continis,0.25843415
giardino,0.25843415
continis giardino,0.25843415
dei finzi,0.25843415
garden finzi,0.25843415
finzi contini,0.25843415
pianista sulloceano,0.25821477
leggenda,0.25821477
del pianista,0.25821477
legend aka,0.25821477
legend pianist,0.25821477
leggenda del,0.25821477
sulloceano,0.25821477
pianist ocean,0.25821477
ocean leggenda,0.25821477
pianista,0.25821477
night adam,0.25819582
sandlers,0.25819582
adam sandlers,0.25819582
sandlers eight,0.25819582
heart skipped,0.25757465
battre mon,0.25757465
skipped battre,0.25757465
battre,0.25757465
arrt,0.25757465
mon coeur,0.25757465
coeur sest,0.25757465
sest arrt,0.25757465
beat heart,0.25757465
arrt de,0.25757465
quirky lego,0.2574872
cheeky,0.2574872
colorful,0.2574872
clever colorful,0.2574872
fun imaginative,0.2574872
imaginative,0.2574872
imaginative quirky,0.2574872
colorful feel,0.2574872
cheeky clever,0.2574872
jones raider,0.25734094
flick overrated,0.2569178
underestimated boring,0.2569178
boring chick,0.2569178
overrated teen,0.2569178
teen twilight,0.2569178
brutality lady,0.2562517
vengeance chinjeolhan,0.2562517
sympathy lady,0.2562517
chinjeolhan geumjassi,0.2562517
chinjeolhan,0.2562517
geumjassi,0.2562517
vengeance sympathy,0.2562517
investor corruption,0.25583807
investor,0.25583807
economics investor,0.25583807
economics,0.25583807
truth inside,0.25583807
politics truth,0.25583807
corruption economics,0.25583807
corruption politics,0.25583807
inside job,0.25583807
teenage pregnancy,0.25583676
pregnancy witty,0.25583676
pregnancy teenage,0.25583676
cera notable,0.25583676
juno,0.25583676
witty juno,0.25583676
soundtrack pregnancy,0.25583676
road home,0.2557501
qin mu,0.2557501
de fu,0.2557501
wo de,0.2557501
queue road,0.2557501
home wo,0.2557501
fu qin,0.2557501
mu,0.2557501
mu qin,0.2557501
passion de,0.2556387
saint passion,0.2556387
passion joan,0.2556387
jeanne darc,0.2556387
de jeanne,0.2556387
darc,0.2556387
darc la,0.2556387
jeanne,0.2556387
arc passion,0.2556387
psychedelic satire,0.25563473
controversial dark,0.25563473
satire stylized,0.25563473
born killer,0.25563473
comedy psychedelic,0.25563473
natural born,0.25563473
brutality controversial,0.25563473
stylized natural,0.25563473
fast paced,0.25561383
actress train,0.2549909
train murder,0.2549909
christie oscar,0.2549909
gekitotsu,0.25483873
paw senshi,0.25483873
hyakuoku,0.25483873
cooler doragon,0.25483873
paw,0.25483873
ball return,0.25483873
bru gekitotsu,0.25483873
hyakuoku paw,0.25483873
return cooler,0.25483873
gekitotsu hyakuoku,0.25483873
curse were,0.25476265
were rabbit,0.25476265
were,0.25476265
gromit curse,0.25476265
animation aardman,0.25476265
creepy dark,0.25424907
dark fairy,0.25424907
burton coraline,0.25424907
tale surreal,0.25424907
claymation creepy,0.25424907
coraline,0.25424907
majesty mr,0.25424126
brown aka,0.25424126
aka majesty,0.25424126
victoria mr,0.25424126
england queen,0.25424126
queen victoria,0.25424126
night shooting,0.25378737
san lorenzo,0.25378737
shooting star,0.25378737
notte di,0.25378737
ii night,0.25378737
star notte,0.25378737
di san,0.25378737
lorenzo,0.25378737
lorenzo la,0.25378737
charm bourgeoisie,0.25333256
charme discret,0.25333256
charm,0.25333256
charme,0.25333256
discret,0.25333256
discret de,0.25333256
discreet charm,0.25333256
bourgeoisie le,0.25333256
discreet,0.25333256
bourgeoisie charme,0.25333256
la bourgeoisie,0.25333256
marugoto ch,0.2531218
marugoto,0.2531218
chiky,0.2531218
chiky marugoto,0.2531218
ch kessen,0.2531218
tree might,0.2531218
bru chiky,0.2531218
might doragon,0.2531218
ball tree,0.2531218
testament de,0.25260517
da testament,0.25260517
mabuse da,0.25260517
testament dr,0.25260517
onna ga,0.25245598
agaru,0.25245598
ga kaidan,0.25245598
woman ascends,0.25245598
agaru toki,0.25245598
ascends,0.25245598
stair onna,0.25245598
kaidan wo,0.25245598
ascends stair,0.25245598
wo agaru,0.25245598
laberinto del,0.25244552
laberinto,0.25244552
labyrinth laberinto,0.25244552
fauno,0.25244552
atmospheric bittersweet,0.25244552
pan labyrinth,0.25244552
del fauno,0.25244552
fauno el,0.25244552
appealing pan,0.25244552
kazakhstan,0.25243858
nation kazakhstan,0.25243858
glorious nation,0.25243858
cultural,0.25243858
cultural learning,0.25243858
learning america,0.25243858
america make,0.25243858
benefit glorious,0.25243858
make benefit,0.25243858
borat,0.25243858
borat cultural,0.25243858
tale rare,0.2524207
nudity rare,0.2524207
male nudity,0.2524207
export christmas,0.2524207
primal fear,0.25229323
ending priest,0.25229323
priest primal,0.25229323
norton psychology,0.25229323
tanuki gassen,0.2522441
tanuki,0.2522441
aka raccoon,0.2522441
pompoko,0.2522441
raccoon,0.2522441
poko,0.2522441
raccoon war,0.2522441
poko aka,0.2522441
gassen,0.2522441
pom poko,0.2522441
pom,0.2522441
heisei,0.2522441
gassen pompoko,0.2522441
war heisei,0.2522441
heisei tanuki,0.2522441
espionage robert,0.25198844
assassin in,0.25198844
training espionage,0.25198844
assassin assassin,0.25198844
ludlum bourne,0.25198844
robert ludlum,0.25198844
bourne ultimatum,0.25198844
ludlum,0.25198844
in training,0.25198844
america aka,0.25140542
america astrix,0.25140542
asterix america,0.25140542
asterix conquers,0.25140542
conquers america,0.25140542
le indiens,0.25140542
indiens,0.25140542
aka asterix,0.25140542
ehe der,0.2513009
marriage maria,0.2513009
braun ehe,0.2513009
ehe,0.2513009
braun die,0.2513009
der maria,0.2513009
ending suspense,0.25121826
suspense saw,0.25121826
surprise ending,0.25121826
clever disturbing,0.25121826
brutal clever,0.25121826
mindfuck surprise,0.25121826
disturbing great,0.25121826
ending mindfuck,0.25121826
western ugly,0.25118583
ugly buono,0.25118583
cattivo il,0.25118583
il brutto,0.25118583
cattivo,0.25118583
il cattivo,0.25118583
brutto il,0.25118583
buono,0.25118583
brutto,0.25118583
buono il,0.25118583
atmospheric coen,0.25101978
bridge matt,0.25101978
damon,0.25101978
damon predictable,0.25101978
brother jeff,0.25101978
predictable true,0.25101978
matt damon,0.25101978
matt,0.25101978
matteo il,0.2510121
gospel according,0.2510121
matthew,0.2510121
bible gospel,0.2510121
gospel,0.2510121
secondo,0.2510121
vangelo secondo,0.2510121
vangelo,0.2510121
st matthew,0.2510121
secondo matteo,0.2510121
matthew vangelo,0.2510121
matteo,0.2510121
according st,0.2510121
cabinet dr,0.2506952
cabinet de,0.2506952
caligari da,0.2506952
caligari cabinet,0.2506952
finale,0.2506926
new nightmare,0.2506926
wes craven,0.2506926
freddys finale,0.2506926
wes,0.2506926
craven new,0.2506926
craven,0.2506926
sinner,0.2505609
qi,0.2505609
qi mou,0.2505609
winner sinner,0.2505609
ji wu,0.2505609
fu xing,0.2505609
sinner qi,0.2505609
mou miao,0.2505609
wu fu,0.2505609
miao,0.2505609
xing,0.2505609
miao ji,0.2505609
swinton chronicle,0.25055647
swinton,0.25055647
lion narnia,0.25055647
fantasy lion,0.25055647
narnia prince,0.25055647
narnia tilda,0.25055647
tilda,0.25055647
caspian,0.25055647
tilda swinton,0.25055647
prince caspian,0.25055647
sjecas li,0.24980457
bell sjecas,0.24980457
sjecas,0.24980457
remember dolly,0.24980457
se dolly,0.24980457
li se,0.24980457
sun sol,0.24928652
dream light,0.24928652
del membrillo,0.24928652
tree sun,0.24928652
light aka,0.24928652
quince,0.24928652
membrillo el,0.24928652
sol del,0.24928652
aka quince,0.24928652
membrillo,0.24928652
quince tree,0.24928652
tai saiky,0.24926195
cooler revenge,0.24926195
ball cooler,0.24926195
revenge doragon,0.24926195
tobikkiri saiky,0.24926195
tobikkiri,0.24926195
saiky tai,0.24926195
bru tobikkiri,0.24926195
bizarre claustrophobic,0.24855943
disturbing hallucinatory,0.24855943
claustrophobic depressing,0.24855943
old boy,0.24855943
surreal twisted,0.24855943
twisted old,0.24855943
depressing disturbing,0.24855943
hallucinatory paranoid,0.24855943
bizarre,0.24855943
actress indonesia,0.2485162
year living,0.2485162
award best,0.2485162
living dangerously,0.2485162
journalism year,0.2485162
indonesia,0.2485162
academy award,0.2485162
indonesia journalism,0.2485162
humor goofy,0.24815585
goofy there,0.24815585
there,0.24815585
stiller crude,0.24815585
stiller ben,0.24815585
there mary,0.24815585
funny original,0.24785644
pixar sequel,0.24785644
animation disney,0.24785644
hank pixar,0.24785644
original pixar,0.24785644
disney funny,0.24785644
sequel tom,0.24785644
pixar toy,0.24785644
vasilievich menyaet,0.2477697
vasilievich back,0.2477697
menyaet,0.2477697
menyaet professiyu,0.2477697
professiyu,0.2477697
future ivan,0.2477697
suspense jazz,0.24763627
tense inspirational,0.24763627
passion psychological,0.24763627
music tense,0.24763627
jazz music,0.24763627
inspirational inspiring,0.24763627
inspiring intense,0.24763627
intense whiplash,0.24763627
pie band,0.24755001
camp american,0.24755001
present band,0.24755001
il west,0.24703883
cera una,0.24703883
west cera,0.24703883
western upon,0.24703883
time west,0.24703883
volta,0.24703883
volta il,0.24703883
una volta,0.24703883
prejudice racism,0.24638113
guess who,0.24638113
coming dinner,0.24638113
tracy interracial,0.24638113
marriage prejudice,0.24638113
interracial marriage,0.24638113
who coming,0.24638113
racism guess,0.24638113
siu nin,0.24633755
nin wong,0.24633755
lau,0.24633755
tit,0.24633755
tit lau,0.24633755
ji tit,0.24633755
monkey siu,0.24633755
iron monkey,0.24633755
jon hamm,0.24622577
provoking black,0.24622577
future interesting,0.24622577
dystopia future,0.24622577
mirror white,0.24622577
interesting jon,0.24622577
hamm thought,0.24622577
hamm,0.24622577
rear,0.24608348
photographer,0.24608348
photography rear,0.24608348
photographer photography,0.24608348
stewart mystery,0.24608348
voyeurism,0.24608348
voyeurism imdb,0.24608348
rear window,0.24608348
mystery photographer,0.24608348
beautiful bittersweet,0.24566033
intense long,0.24561487
appealing blood,0.24561487
study gritty,0.24561487
gritty intense,0.24561487
morality visually,0.24561487
cerebral study,0.24561487
shot morality,0.24561487
house american,0.24551041
pie beta,0.24551041
present beta,0.24551041
final nightmare,0.24540293
dead final,0.24540293
sudby ili,0.24507886
ili,0.24507886
ili legkim,0.24507886
legkim,0.24507886
fate enjoy,0.24507886
ironiya,0.24507886
parom,0.24507886
legkim parom,0.24507886
ironiya sudby,0.24507886
enjoy,0.24507886
irony fate,0.24507886
sudby,0.24507886
bath ironiya,0.24507886
enjoy bath,0.24507886
dumb mel,0.24494246
melodramatic kind,0.24494246
kind dumb,0.24494246
melodramatic,0.24494246
gibson ransom,0.24494246
back son,0.24494246
son melodramatic,0.24494246
give back,0.24494246
kidnapping give,0.24494246
winkel,0.24464609
sekretrin,0.24464609
secretary im,0.24464609
toten winkel,0.24464609
toten,0.24464609
spot hitler,0.24464609
hitler sekretrin,0.24464609
hitler secretary,0.24464609
blind spot,0.24464609
im toten,0.24464609
winkel hitler,0.24464609
pierre la,0.24460442
penalty widow,0.24460442
veuve,0.24460442
veuve de,0.24460442
widow st,0.24460442
pierre veuve,0.24460442
st pierre,0.24460442
de saint,0.24460442
saint pierre,0.24460442
mile american,0.24431923
pie naked,0.24431923
present naked,0.24431923
quirky addams,0.24427901
gothic quirky,0.24427901
lloyd family,0.24427901
neeson orlando,0.24395928
green liam,0.24395928
kingdom heaven,0.24395928
bloom kingdom,0.24395928
david thewlis,0.24395928
orlando bloom,0.24395928
thewlis eva,0.24395928
eva green,0.24395928
thewlis,0.24395928
nemuri hime,0.24372387
nemuri,0.24372387
majinj nemuri,0.24372387
majinj,0.24372387
sleeping princess,0.24372387
bru majinj,0.24372387
ball sleeping,0.24372387
castle doragon,0.24372387
princess devil,0.24372387
devil castle,0.24372387
cinematography cinematography,0.24338232
visuals cerebral,0.24338232
smart thought,0.24338232
cerebral cinematography,0.24338232
appealing arrival,0.24338232
cinematography smart,0.24338232
beautiful visuals,0.24338232
yao dao,0.24337003
triad,0.24337003
waipo qiao,0.24337003
waipo,0.24337003
triad yao,0.24337003
dao waipo,0.24337003
qiao,0.24337003
shanghai triad,0.24337003
weinenden kamel,0.24333242
weeping camel,0.24333242
weinenden,0.24333242
geschichte,0.24333242
vom weinenden,0.24333242
geschichte vom,0.24333242
animal camel,0.24333242
camel weeping,0.24333242
kamel die,0.24333242
kamel,0.24333242
weeping,0.24333242
camel geschichte,0.24333242
hard boiled,0.24279597
sau san,0.24279597
bloodshed hard,0.24279597
lat sau,0.24279597
fu heroic,0.24279597
lat,0.24279597
boiled lat,0.24279597
san taam,0.24279597
boiled,0.24279597
taam,0.24279597
massacre next,0.24274203
return texas,0.24274203
generation aka,0.24274203
ironic,0.24272762
building family,0.2421183
freedom writing,0.2421183
writing individualism,0.2421183
viggo mortensen,0.2421183
captain fantastic,0.2421183
creative freedom,0.2421183
creative,0.2421183
viggo,0.2421183
family creative,0.2421183
mortensen,0.2421183
mortensen captain,0.2421183
individualism viggo,0.2421183
individualism,0.2421183
blow le,0.24204324
heartwarming lyrical,0.24204324
lyrical reflective,0.24204324
gentle heartwarming,0.24204324
gentle,0.24204324
emotional gentle,0.24204324
reflective blow,0.24204324
quatre cent,0.24204324
le quatre,0.24204324
quatre,0.24204324
cent coup,0.24204324
priest religion,0.24164514
religion diary,0.24164514
diary country,0.24164514
de campagne,0.24164514
campagne,0.24164514
country priest,0.24164514
journal dun,0.24164514
cur de,0.24164514
cur,0.24164514
dun cur,0.24164514
priest journal,0.24164514
ngo joh,0.24163438
gin diy,0.24163438
aan,0.24163438
aan gin,0.24163438
ngo,0.24163438
see ghost,0.24163438
joh aan,0.24163438
joh,0.24163438
diy gwai,0.24163438
left eye,0.24163438
ghost ngo,0.24163438
diy,0.24163438
hallucinatory surreal,0.24158539
ironman tetsuo,0.24158539
gritty hallucinatory,0.24158539
ironman,0.24158539
atmospheric gritty,0.24158539
stunning tetsuo,0.24158539
tetsuo ironman,0.24158539
filemon,0.24155892
filemon big,0.24155892
filemn,0.24155892
aventura,0.24155892
aventura de,0.24155892
la gran,0.24155892
mortadelo filemn,0.24155892
gran aventura,0.24155892
mortadelo filemon,0.24155892
adventure la,0.24155892
de mortadelo,0.24155892
together aka,0.24147026
gwong,0.24147026
gwong cha,0.24147026
affair chun,0.24147026
buenos aire,0.24147026
buenos,0.24147026
sit,0.24147026
aire,0.24147026
happy together,0.24147026
chun gwong,0.24147026
cha sit,0.24147026
aka buenos,0.24147026
aire affair,0.24147026
myers halloween,0.24131131
sundance award,0.24131086
amtrak homeless,0.24131086
amtrak,0.24131086
york sundance,0.24131086
winner train,0.24131086
dark day,0.24131086
train dark,0.24131086
homeless independent,0.24131086
award winner,0.24131086
independent new,0.24131086
du coran,0.24116091
coran,0.24116091
ibrahim et,0.24116091
fleurs,0.24116091
fleurs du,0.24116091
le fleurs,0.24116091
ibrahim monsieur,0.24116091
humour,0.24110255
long quiet,0.24077512
fleuve tranquille,0.24077512
est un,0.24077512
life long,0.24077512
long fleuve,0.24077512
fleuve,0.24077512
quiet river,0.24077512
river la,0.24077512
vie est,0.24077512
flower man,0.24067396
jin dai,0.24067396
golden flower,0.24067396
huang jin,0.24067396
dai huang,0.24067396
man cheng,0.24067396
curse golden,0.24067396
jin jia,0.24067396
cheng jin,0.24067396
cheng,0.24067396
basterds,0.24055532
pitt christoph,0.24055532
inglourious basterds,0.24055532
tarantino satire,0.24055532
inglourious,0.24055532
waltz quentin,0.24055532
satire inglourious,0.24055532
iii wong,0.24050885
siwong,0.24050885
hung tsi,0.24050885
sam siwong,0.24050885
siwong tsangba,0.24050885
tsi sam,0.24050885
tsangba,0.24050885
china iii,0.24050885
tsi,0.24050885
cliche,0.24016182
simple slow,0.24016182
predictable simple,0.24016182
slow action,0.24016182
appealing gravity,0.24016182
cliche character,0.24016182
shot predictable,0.24016182
character long,0.24016182
gravity,0.24016182
action visually,0.24016182
agora outro,0.23949258
outro,0.23949258
within tropa,0.23949258
elite inimigo,0.23949258
enemy within,0.23949258
squad enemy,0.23949258
inimigo,0.23949258
inimigo agora,0.23949258
juliette,0.23948646
remake cape,0.23948646
juliette lewis,0.23948646
lewis martin,0.23948646
scorsese robert,0.23948646
niro remake,0.23948646
horror juliette,0.23948646
immigrant maria,0.23913097
gracia,0.23913097
llena eres,0.23913097
de gracia,0.23913097
maria full,0.23913097
maria llena,0.23913097
grace maria,0.23913097
eres de,0.23913097
eres,0.23913097
full grace,0.23913097
drug immigrant,0.23913097
llena,0.23913097
insolito destino,0.23877414
travolti da,0.23877414
un insolito,0.23877414
travolti,0.23877414
nellazzurro,0.23877414
destino,0.23877414
away travolti,0.23877414
da un,0.23877414
nellazzurro mare,0.23877414
insolito,0.23877414
destino nellazzurro,0.23877414
mare dagosto,0.23877414
mare,0.23877414
dagosto,0.23877414
childish,0.23872586
striped pajama,0.23872586
pajama boy,0.23872586
naivity friendship,0.23872586
striped pyjama,0.23872586
naivity,0.23872586
friendship boy,0.23872586
pyjama,0.23872586
childish naivity,0.23872586
day summer,0.23765272
artistic funny,0.23765272
quirky romance,0.23765272
intelligent quirky,0.23765272
humorous inspiring,0.23765272
zooey,0.23765272
funny humorous,0.23765272
deschanel,0.23765272
zooey deschanel,0.23765272
inspiring intelligent,0.23765272
romance zooey,0.23765272
deschanel day,0.23765272
crouching tiger,0.23764184
dragon wo,0.23764184
wo hu,0.23764184
tiger hidden,0.23764184
hu cang,0.23764184
china martial,0.23764184
cang long,0.23764184
crouching,0.23764184
art crouching,0.23764184
cang,0.23764184
hidden dragon,0.23764184
schindlers,0.23760921
holocaust schindlers,0.23760921
holocaust based,0.23760921
biography,0.23760921
biography disturbing,0.23760921
true biography,0.23760921
provoking holocaust,0.23760921
disturbing holocaust,0.23760921
moving thought,0.23760921
schindlers list,0.23760921
design,0.23733094
graphic design,0.23733094
graphic,0.23733094
mindfuck unique,0.23697715
atmospheric comic,0.23697715
somber unbreakable,0.23697715
comic father,0.23697715
atmospheric somber,0.23697715
relationship mindfuck,0.23697715
unbreakable,0.23697715
superhero atmospheric,0.23697715
relationship,0.23697715
son relationship,0.23697715
unique atmospheric,0.23697715
somber,0.23697715
mindfuck philosophy,0.23680083
philosophy psychological,0.23680083
zero deutschland,0.23672283
zero germania,0.23672283
year zero,0.23672283
germania anno,0.23672283
germany year,0.23672283
deutschland,0.23672283
im jahre,0.23672283
anno zero,0.23672283
germania,0.23672283
deutschland im,0.23672283
germany,0.23672283
null,0.23672283
jahre null,0.23672283
anno,0.23672283
letzten,0.23658481
scholl die,0.23658481
scholl final,0.23658481
letzten tage,0.23658481
final day,0.23658481
die letzten,0.23658481
day sophie,0.23658481
city rom,0.23619343
rome open,0.23619343
aperta,0.23619343
rom citt,0.23619343
queue rome,0.23619343
city aka,0.23619343
aka open,0.23619343
citt aperta,0.23619343
nerd self,0.23602822
self discovery,0.23602822
virginity superbad,0.23602822
cera nerd,0.23602822
school michael,0.23602822
friendship high,0.23602822
superbad,0.23602822
discovery shenanigan,0.23602822
shenanigan,0.23602822
shenanigan virginity,0.23602822
team fun,0.23587154
appealing avenger,0.23587154
fun great,0.23587154
superhero team,0.23587154
america silly,0.23587154
great humor,0.23587154
silly superhero,0.23587154
humor visually,0.23587154
aka came,0.23561816
alien warning,0.23561816
came without,0.23561816
clueless,0.23542951
flick funny,0.23542951
emma jane,0.23542951
quotable seen,0.23542951
austen clueless,0.23542951
funny paul,0.23542951
seen emma,0.23542951
rudd quotable,0.23542951
stranger fiction,0.23539358
surreal ferrell,0.23539358
maggie gyllenhaal,0.23539358
emma thompson,0.23539358
thompson maggie,0.23539358
fantasy romance,0.23539358
ferrell stranger,0.23539358
romance surreal,0.23539358
modern fantasy,0.23539358
ginga,0.23480232
ginga girigiri,0.23480232
unbound doragon,0.23480232
bojack unbound,0.23480232
ball bojack,0.23480232
girigiri butchigiri,0.23480232
girigiri,0.23480232
sugoi,0.23480232
sugoi yatsu,0.23480232
bru ginga,0.23480232
bojack,0.23480232
butchigiri,0.23480232
butchigiri sugoi,0.23480232
return jedi,0.23476073
episode vi,0.23476073
vi return,0.23476073
neeson seth,0.23460098
macfarlane,0.23460098
die west,0.23460098
way die,0.23460098
witty million,0.23460098
seth macfarlane,0.23460098
theron liam,0.23460098
million way,0.23460098
macfarlane witty,0.23460098
acting atmospheric,0.23427579
morality mystery,0.23427579
jackman jake,0.23427579
thriller prisoner,0.23427579
absorbing,0.23427579
absorbing acting,0.23427579
gyllenhaal morality,0.23427579
mystery thriller,0.23427579
atmospheric hugh,0.23427579
goofy mindless,0.23418477
david bowie,0.23418477
bowie goofy,0.23418477
one liner,0.23418477
mindless,0.23418477
stiller comedy,0.23418477
liner ferrell,0.23418477
liner,0.23418477
ferrell zoolander,0.23418477
bowie,0.23418477
mindless one,0.23418477
weisz sniper,0.2339927
sniper world,0.2339927
ed harris,0.2339927
enemy gate,0.2339927
law rachel,0.2339927
harris jude,0.2339927
ii enemy,0.2339927
python holy,0.23388445
python england,0.23388445
arthur monty,0.23388445
robot ai,0.2336812
spielberg robot,0.2336812
intelligence bittersweet,0.2336812
androidscyborgs,0.2336812
androidscyborgs artificial,0.2336812
bittersweet steven,0.2336812
ai artificial,0.2336812
legend fong,0.23357897
legend legend,0.23357897
yuk fong,0.23357897
bi xia,0.2331236
ii chi,0.2331236
tian xia,0.2331236
cliff part,0.2331236
zhan tian,0.2331236
zhan,0.2331236
jue,0.2331236
jue zhan,0.2331236
xia jue,0.2331236
mr hulots,0.23250388
hulot,0.23250388
holiday mr,0.23250388
vacances,0.23250388
hulot le,0.23250388
vacances de,0.23250388
de monsieur,0.23250388
monsieur hulot,0.23250388
holiday vacances,0.23250388
dormir,0.23245092
para dormir,0.23245092
de navidad,0.23245092
tale pelculas,0.23245092
navidad,0.23245092
keep awake,0.23245092
cuento de,0.23245092
cuento,0.23245092
film keep,0.23245092
pelculas,0.23245092
pelculas para,0.23245092
awake christmas,0.23245092
dormir cuento,0.23245092
mystery plot,0.23102367
mindfuck mystery,0.23102367
mystery game,0.23102367
ending twist,0.23102367
le anges,0.23058777
ii le,0.23058777
lapocalypse le,0.23058777
angel apocalypse,0.23058777
anges de,0.23058777
lapocalypse,0.23058777
de lapocalypse,0.23058777
pourpres ii,0.23058777
river angel,0.23058777
apocalypse rivires,0.23058777
smart tom,0.23058775
crime cheating,0.23058775
dicaprio lie,0.23058775
turn catch,0.23058775
cheating intelligent,0.23058775
cheating,0.23058775
lie smart,0.23058775
intelligent leonardo,0.23058775
hank twist,0.23058775
characterisation poor,0.23046114
horrid,0.23046114
characterisation,0.23046114
poor plot,0.23046114
tron legacy,0.23046114
action choreography,0.23046114
choreography horrid,0.23046114
choreography,0.23046114
horrid characterisation,0.23046114
sequel soundtrack,0.23046114
plot development,0.23046114
soundtrack tron,0.23046114
development sequel,0.23046114
storyline true,0.23013411
crime photography,0.23013411
de deus,0.23013411
deus,0.23013411
photography violence,0.23013411
city god,0.23013411
cidade de,0.23013411
violence seen,0.23013411
god cidade,0.23013411
seen city,0.23013411
futuristic,0.22977251
kyokugen batoru,0.22974046
san dai,0.22974046
saiyajin,0.22974046
super android,0.22974046
ball super,0.22974046
kyokugen,0.22974046
bru kyokugen,0.22974046
android doragon,0.22974046
sp saiyajin,0.22974046
batoru san,0.22974046
dai sp,0.22974046
psychopath friend,0.22967726
bien,0.22967726
veut du,0.22967726
vous veut,0.22967726
du bien,0.22967726
harry harry,0.22967726
ami,0.22967726
qui vous,0.22967726
ami qui,0.22967726
harry un,0.22967726
friend harry,0.22967726
un ami,0.22967726
schizophrenia twist,0.22957133
machinist,0.22957133
bale creepy,0.22957133
psychology schizophrenia,0.22957133
psychology machinist,0.22957133
creepy powerful,0.22957133
quotable ferrell,0.22902167
ferrell comedy,0.22902167
ferrell step,0.22902167
step brother,0.22902167
ferrell funny,0.22902167
funny highly,0.22902167
melancholy quirky,0.2289059
avant garde,0.2289059
aka buffalo,0.2289059
wry,0.2289059
buffalo aka,0.2289059
wry buffalo,0.2289059
elegiac,0.2289059
garde romantic,0.2289059
elegiac melancholy,0.2289059
garde,0.2289059
quirky wry,0.2289059
comedy elegiac,0.2289059
garcia classic,0.22860782
pacino andy,0.22860782
classic francis,0.22860782
andy garcia,0.22860782
ford coppola,0.22860782
francis,0.22860782
coppola mafia,0.22860782
francis ford,0.22860782
politics rebellion,0.22836396
lawrence love,0.22836396
dystopia jennifer,0.22836396
nonsense,0.22836396
love nonsense,0.22836396
rebellion revolution,0.22836396
jennifer lawrence,0.22836396
nonsense politics,0.22836396
revolution hunger,0.22836396
intelligence robot,0.22660457
fi special,0.22660457
action artificial,0.22660457
special effect,0.22660457
robot terminator,0.22660457
effect tense,0.22660457
tense time,0.22660457
dead aka,0.22626531
morti viventi,0.22626531
gate hell,0.22626531
nella,0.22626531
morti,0.22626531
city living,0.22626531
paura nella,0.22626531
aka gate,0.22626531
nella citt,0.22626531
dei morti,0.22626531
citt dei,0.22626531
hell paura,0.22626531
viventi,0.22626531
jesse eisenberg,0.22603384
comedy emma,0.22603384
funny jesse,0.22603384
woody harrelson,0.22603384
woody,0.22603384
bill murray,0.22603384
stone funny,0.22603384
eisenberg woody,0.22603384
eisenberg,0.22603384
murray dark,0.22603384
harrelson zombieland,0.22603384
emma stone,0.22603384
harrelson,0.22603384
zombieland,0.22603384
dian,0.2259984
fu dian,0.2259984
fu gan,0.2259984
zhi gong,0.2259984
zhi,0.2259984
chian,0.2259984
gan,0.2259984
dian zhi,0.2259984
gan chian,0.2259984
chian chan,0.2259984
half loaf,0.2259984
loaf kung,0.2259984
space craft,0.2259407
action alien,0.2259407
craft space,0.2259407
alien horror,0.2259407
suspense space,0.2259407
travel suspense,0.2259407
horror sci,0.2259407
wo nerae,0.22563906
nerae jsang,0.22563906
jsang taihisen,0.22563906
nerae,0.22563906
take aim,0.22563906
police van,0.22563906
gossha,0.22563906
aim police,0.22563906
aim,0.22563906
sono gossha,0.22563906
van sono,0.22563906
taihisen,0.22563906
taihisen yori,0.22563906
sono,0.22563906
gossha wo,0.22563906
yori,0.22563906
jsang,0.22563906
raise red,0.22544523
gao gua,0.22544523
queue raise,0.22544523
gao gao,0.22544523
gua,0.22544523
red lantern,0.22544523
deng long,0.22544523
hong deng,0.22544523
da hong,0.22544523
deng,0.22544523
long gao,0.22544523
lantern da,0.22544523
shakespeare william,0.22509113
updated classic,0.22509113
dicaprio shakespeare,0.22509113
updated,0.22509113
shakespeare updated,0.22509113
amazing cinematography,0.22509113
shakespeare romeo,0.22509113
cinematography leonardo,0.22509113
classic shakespeare,0.22509113
ferrell stupid,0.22470321
carell ferrell,0.22470321
stupid awesome,0.22470321
awesome comedy,0.22470321
writing dystopia,0.22447357
dystopia new,0.22447357
predictable scifi,0.22447357
scifi unintelligent,0.22447357
divergent,0.22447357
unintelligent,0.22447357
unintelligent divergent,0.22447357
society plot,0.22447357
hole predictable,0.22447357
intellectual writing,0.22447357
anti intellectual,0.22447357
new society,0.22447357
noboru,0.22444735
aka violent,0.22444735
deadly outlaw,0.22444735
den rekka,0.22444735
noboru kyd,0.22444735
violent fire,0.22444735
jitsuroku,0.22444735
jitsuroku noboru,0.22444735
rekka aka,0.22444735
kyd den,0.22444735
kyd,0.22444735
fire jitsuroku,0.22444735
outlaw rekka,0.22444735
comedy family,0.22383673
gothic addams,0.22383673
lloyd dark,0.22383673
family value,0.22383673
value,0.22383673
insomnia thought,0.223722
atmospheric insomnia,0.223722
pacino atmospheric,0.223722
williams atmospheric,0.223722
atmospheric hilary,0.223722
hilary swank,0.223722
swank robin,0.223722
provoking insomnia,0.223722
swank,0.223722
masterpiece psychological,0.2234176
atmospheric disturbing,0.2234176
suspense stephen,0.2234176
kubrick suspense,0.2234176
disturbing horror,0.2234176
horror jack,0.2234176
nicholson masterpiece,0.2234176
king shining,0.2234176
psychological stanley,0.2234176
mononoke hime,0.22307889
ghibli surreal,0.22307889
surreal princess,0.22307889
world studio,0.22307889
mononoke mononoke,0.22307889
atmospheric fantasy,0.22307889
adventure atmospheric,0.22307889
princess mononoke,0.22307889
anime adventure,0.22307889
psychology winona,0.22290975
brittany murphy,0.22290975
winona ryder,0.22290975
brittany,0.22290975
true brittany,0.22290975
asylum,0.22290975
winona,0.22290975
interrupted,0.22290975
ryder girl,0.22290975
murphy mental,0.22290975
asylum based,0.22290975
ryder,0.22290975
girl interrupted,0.22290975
street wolf,0.22271514
market wall,0.22271514
stock market,0.22271514
wolf wall,0.22271514
scorsese stock,0.22271514
market,0.22271514
drug leonardo,0.22271514
angelina,0.22270136
suit lara,0.22270136
adventure angelina,0.22270136
angelina jolie,0.22270136
jolie,0.22270136
raider cradle,0.22270136
cradle life,0.22270136
jolie heroine,0.22270136
papaye verte,0.22261247
scent green,0.22261247
du xhan,0.22261247
xhan lodeur,0.22261247
lodeur de,0.22261247
la papaye,0.22261247
du du,0.22261247
papaye,0.22261247
papaya mi,0.22261247
green papaya,0.22261247
mi du,0.22261247
lodeur,0.22261247
xhan,0.22261247
papaya,0.22261247
fantasy high,0.22238399
wizard tolkein,0.22238399
ring fellowship,0.22238399
fellowship ring,0.22238399
tolkien wizard,0.22238399
magic mythology,0.22238399
mythology tolkien,0.22238399
fellowship,0.22238399
high fantasy,0.22238399
mythology,0.22238399
da po,0.2220291
di zi,0.2220291
wang da,0.2220291
xue di,0.2220291
po,0.2220291
bi quan,0.2220291
po xue,0.2220291
master flying,0.2220291
quan wang,0.2220291
flying guillotine,0.2220291
guillotine du,0.2220291
guillotine,0.2220291
sjunde inseglet,0.22193006
philosophical reflective,0.22193006
seal sjunde,0.22193006
reflective seventh,0.22193006
seventh seal,0.22193006
cerebral existentialism,0.22193006
death atmospheric,0.22193006
chess death,0.22193006
inseglet,0.22193006
inseglet det,0.22193006
sjunde,0.22193006
appealing whimsical,0.22177845
whimsical life,0.22177845
life aquatic,0.22177845
trippy visually,0.22177845
heartwarming off,0.22177845
aquatic steve,0.22177845
zissou,0.22177845
aquatic,0.22177845
steve zissou,0.22177845
quirky trippy,0.22177845
rome russell,0.22121777
crowe roman,0.22121777
revenge rome,0.22121777
crowe,0.22121777
ancient rome,0.22121777
history imdb,0.22121777
top revenge,0.22121777
roman gladiator,0.22121777
ancient,0.22121777
epic history,0.22121777
russell crowe,0.22121777
rome epic,0.22121777
crappy,0.22104809
black ii,0.22104809
miib,0.22104809
crappy sequel,0.22104809
miib aka,0.22104809
first much,0.22104809
much better,0.22104809
aka miib,0.22104809
sequel men,0.22104809
sequel first,0.22104809
ii aka,0.22104809
better sequel,0.22104809
ying gai,0.2208786
condor operation,0.2208786
condor fei,0.2208786
ii operation,0.2208786
fei ying,0.2208786
god ii,0.2208786
breakdown mujeres,0.22074214
ataque,0.22074214
nervous breakdown,0.22074214
de nervios,0.22074214
nervous,0.22074214
borde de,0.22074214
nervios,0.22074214
mujeres,0.22074214
borde,0.22074214
ataque de,0.22074214
mujeres al,0.22074214
verge nervous,0.22074214
al borde,0.22074214
woman verge,0.22074214
verge,0.22074214
un ataque,0.22074214
disney lion,0.22073399
original score,0.22073399
best music,0.22073399
disney disney,0.22073399
disney animated,0.22073399
score soundtrack,0.22073399
animated feature,0.22073399
feature oscar,0.22073399
soundtrack disney,0.22073399
tengoku tobira,0.22025464
fi cowboy,0.22025464
bebop cowboy,0.22025464
anime sci,0.22025464
tobira,0.22025464
artwork,0.22025464
artwork anime,0.22025464
amazing artwork,0.22025464
bebop tengoku,0.22025464
claustrophobic confrontational,0.21974704
screenplay,0.21974704
screenplay gritty,0.21974704
motivational,0.21974704
gritty motivational,0.21974704
earnest dialogue,0.21974704
court claustrophobic,0.21974704
confrontational earnest,0.21974704
provoking angry,0.21974704
great screenplay,0.21974704
motivational thought,0.21974704
daai wa,0.21880434
daai,0.21880434
demon daai,0.21880434
chi chui,0.21880434
mo chun,0.21880434
conquering,0.21880434
conquering demon,0.21880434
journey west,0.21880434
kei,0.21880434
wa sai,0.21880434
sai chi,0.21880434
chun kei,0.21880434
chui mo,0.21880434
west conquering,0.21880434
chui,0.21880434
bruges,0.21856195
fiennes stylized,0.21856195
farrell,0.21856195
fiennes,0.21856195
irreverent ralph,0.21856195
farrell dark,0.21856195
colin,0.21856195
comedy drug,0.21856195
friendship irreverent,0.21856195
colin farrell,0.21856195
drug friendship,0.21856195
stylized bruges,0.21856195
comedy colin,0.21856195
ralph fiennes,0.21856195
gekiha,0.21832646
gekiha katsu,0.21832646
katsu,0.21832646
senshi gekiha,0.21832646
bru sp,0.21832646
katsu wa,0.21832646
broly doragon,0.21832646
bio broly,0.21832646
ore,0.21832646
ball bio,0.21832646
wa ore,0.21832646
ore da,0.21832646
classic sci,0.21770297
nokosareta ch,0.21687962
zetsub,0.21687962
nokosareta,0.21687962
trunk doragon,0.21687962
ch senshi,0.21687962
trunk,0.21687962
ball history,0.21687962
history trunk,0.21687962
gohan torankusu,0.21687962
torankusu,0.21687962
hank nokosareta,0.21687962
bru zetsub,0.21687962
senshi gohan,0.21687962
zetsub hank,0.21687962
apocalyptic survival,0.21662866
thriller unexplained,0.21662866
dystopia plot,0.21662866
action dystopia,0.21662866
survival thriller,0.21662866
unexplained,0.21662866
weak,0.21662866
weak plot,0.21662866
plot maze,0.21662866
unexplained weak,0.21662866
ending black,0.2166182
debut,0.2166182
directorial,0.2166182
white following,0.2166182
white christopher,0.2166182
following,0.2166182
linear twist,0.2166182
directorial debut,0.2166182
debut mindfuck,0.2166182
nolan directorial,0.2166182
mindfuck linear,0.2166182
britannia,0.21604069
au service,0.21604069
sa majest,0.21604069
britannia astrix,0.21604069
service de,0.21604069
oblix au,0.21604069
majest,0.21604069
save britannia,0.21604069
god save,0.21604069
de sa,0.21604069
obelix god,0.21604069
sa,0.21604069
bru moetsukiro,0.21587542
super saiyan,0.21587542
retsusen ch,0.21587542
legendary super,0.21587542
saiyan doragon,0.21587542
retsusen,0.21587542
moetsukiro,0.21587542
nessen retsusen,0.21587542
ch gekisen,0.21587542
gekisen,0.21587542
nessen,0.21587542
moetsukiro nessen,0.21587542
saiyan,0.21587542
broly legendary,0.21587542
disappointing,0.21582747
disappointing faerie,0.21582747
faerie tale,0.21582747
faerie,0.21582747
shyamalan paul,0.21582747
lady water,0.21582747
fetched,0.21582747
fetched night,0.21582747
tale fairy,0.21582747
tale far,0.21582747
giamatti lady,0.21582747
far fetched,0.21582747
hagane,0.21545987
shamballa,0.21545987
alchemist conqueror,0.21545987
shamballa gekij,0.21545987
renkinjutsushi shanbara,0.21545987
renkinjutsushi,0.21545987
shanbara,0.21545987
shanbara wo,0.21545987
mono,0.21545987
yuku mono,0.21545987
yuku,0.21545987
wo yuku,0.21545987
hagane renkinjutsushi,0.21545987
ban hagane,0.21545987
conqueror shamballa,0.21545987
neo noir,0.21526715
city politics,0.21494287
city le,0.21494287
right versus,0.21494287
sulla citt,0.21494287
versus left,0.21494287
italy political,0.21494287
sulla,0.21494287
politics italy,0.21494287
le mani,0.21494287
left hand,0.21494287
mani,0.21494287
hand city,0.21494287
political right,0.21494287
mani sulla,0.21494287
hardy visually,0.21418317
dicarpio survival,0.21418317
dicarpio,0.21418317
visually striking,0.21418317
leonardo dicarpio,0.21418317
appealing cinematography,0.21418317
survival tom,0.21418317
striking revenant,0.21418317
thriller thought,0.21415658
insanity leonardo,0.21415658
shutter,0.21415658
provoking shutter,0.21415658
scorsese plot,0.21415658
shutter island,0.21415658
great acting,0.21395239
streep,0.21373822
quirky stylized,0.21373822
streep quirky,0.21373822
unfortunate,0.21373822
lemony snickets,0.21373822
comedy jim,0.21373822
series unfortunate,0.21373822
meryl,0.21373822
lemony,0.21373822
meryl streep,0.21373822
snickets,0.21373822
stylized lemony,0.21373822
snickets series,0.21373822
carrey meryl,0.21373822
unfortunate event,0.21373822
artist funny,0.21311992
character mark,0.21311992
adrien brody,0.21311992
weisz brother,0.21311992
brody,0.21311992
ruffalo rachel,0.21311992
adrien,0.21311992
con artist,0.21311992
interesting character,0.21311992
brother bloom,0.21311992
brody con,0.21311992
vj reporting,0.21294756
reporter et,0.21294756
reporting closed,0.21294756
reporting,0.21294756
closed,0.21294756
closed country,0.21294756
vj reporter,0.21294756
country burma,0.21294756
lukket,0.21294756
et lukket,0.21294756
lukket land,0.21294756
original plot,0.21226934
condamn,0.21109658
condamn mort,0.21109658
vent souffle,0.21109658
ou le,0.21109658
sest chapp,0.21109658
il veut,0.21109658
escaped,0.21109658
escaped un,0.21109658
le vent,0.21109658
man escaped,0.21109658
mort sest,0.21109658
un condamn,0.21109658
souffle il,0.21109658
ou,0.21109658
chapp ou,0.21109658
chapp,0.21109658
vent,0.21109658
adventure audrey,0.21050201
audrey tautou,0.21050201
mystery paris,0.21050201
vinci code,0.21050201
tautou conspiracy,0.21050201
da vinci,0.21050201
hank treasure,0.21050201
theory mystery,0.21050201
paris tom,0.21050201
vinci,0.21050201
tautou,0.21050201
hunt da,0.21050201
vita bella,0.21045272
poignant sentimental,0.21045272
holocaust bittersweet,0.21045272
heartwarming poignant,0.21045272
tearjerking life,0.21045272
tearjerking,0.21045272
life beautiful,0.21045272
jerker tearjerking,0.21045272
sentimental tear,0.21045272
beautiful la,0.21045272
la vita,0.21045272
spring bom,0.21022694
summer fall,0.21022694
gyeoul,0.21022694
gaeul gyeoul,0.21022694
fall winter,0.21022694
gyeoul geurigo,0.21022694
queue spring,0.21022694
yeoreum gaeul,0.21022694
yeoreum,0.21022694
spring summer,0.21022694
geurigo bom,0.21022694
winter spring,0.21022694
gaeul,0.21022694
geurigo,0.21022694
bom yeoreum,0.21022694
coming doragon,0.2095951
nemurenai,0.2095951
wa nemurenai,0.2095951
second coming,0.2095951
senshi wa,0.2095951
futari sp,0.2095951
na futari,0.2095951
broly second,0.2095951
kiken na,0.2095951
bru kiken,0.2095951
kiken,0.2095951
futari,0.2095951
story wild,0.20946974
wild tale,0.20946974
humor ironic,0.20946974
multiple short,0.20946974
story short,0.20946974
ironic multiple,0.20946974
police supercop,0.2092588
supercop jing,0.2092588
iii chao,0.2092588
ji jing,0.2092588
shi iii,0.2092588
supercop police,0.2092588
jackman ryan,0.20911452
plot comic,0.20911452
character men,0.20911452
men origin,0.20911452
reynolds many,0.20911452
book plot,0.20911452
origin wolverine,0.20911452
many character,0.20911452
zoo christiane,0.20884037
child bahnhof,0.20884037
kinder vom,0.20884037
kinder,0.20884037
vom bahnhof,0.20884037
wir kinder,0.20884037
aka child,0.20884037
wir,0.20884037
christiane aka,0.20884037
christiane wir,0.20884037
shinsei,0.20832795
recap,0.20832795
rebirth,0.20832795
rebirth shin,0.20832795
recap neon,0.20832795
shito shinsei,0.20832795
shito,0.20832795
evangelion death,0.20832795
death rebirth,0.20832795
ban shito,0.20832795
biciclette,0.20811914
di biciclette,0.20811914
killer widowswidowers,0.20799005
revenge secret,0.20799005
fu keanu,0.20799005
widowswidowers john,0.20799005
stylish action,0.20799005
reef revenge,0.20799005
society stylish,0.20799005
action killer,0.20799005
cittadino al,0.20719726
cittadino,0.20719726
investigation citizen,0.20719726
suspicion indagine,0.20719726
su,0.20719726
indagine,0.20719726
indagine su,0.20719726
sopra,0.20719726
un cittadino,0.20719726
di sopra,0.20719726
su un,0.20719726
ogni,0.20719726
sospetto,0.20719726
ogni sospetto,0.20719726
citizen suspicion,0.20719726
di ogni,0.20719726
sopra di,0.20719726
jeunes,0.20673425
conduct,0.20673425
conduite zero,0.20673425
zro de,0.20673425
diables au,0.20673425
zero de,0.20673425
zro,0.20673425
diables,0.20673425
zero conduct,0.20673425
collge,0.20673425
au collge,0.20673425
conduct zro,0.20673425
conduite jeunes,0.20673425
jeunes diables,0.20673425
dong ji,0.20614366
china ii,0.20614366
ii wong,0.20614366
ji yi,0.20614366
yi naam,0.20614366
ji keung,0.20614366
naam yi,0.20614366
naam,0.20614366
keung,0.20614366
dong,0.20614366
yi dong,0.20614366
entfhrung der,0.20591699
der frau,0.20591699
entfhrung,0.20591699
ott die,0.20591699
mr elfriede,0.20591699
unabsichtliche entfhrung,0.20591699
unintentional,0.20591699
unintentional kidnapping,0.20591699
frau elfriede,0.20591699
die unabsichtliche,0.20591699
unabsichtliche,0.20591699
patrick,0.20504966
joss whedon,0.20504966
nathan,0.20504966
parody dr,0.20504966
fillion neil,0.20504966
nathan fillion,0.20504966
horribles,0.20504966
horribles sing,0.20504966
fillion,0.20504966
sing along,0.20504966
dr horribles,0.20504966
whedon,0.20504966
patrick harris,0.20504966
whedon nathan,0.20504966
along blog,0.20504966
joss,0.20504966
harris parody,0.20504966
neil,0.20504966
neil patrick,0.20504966
blog,0.20504966
love man,0.20467305
bromantic,0.20467305
samberg,0.20467305
samberg bromance,0.20467305
jason segel,0.20467305
jaime pressly,0.20467305
bromantic comedy,0.20467305
andy samberg,0.20467305
jaime,0.20467305
rudd love,0.20467305
masculinity paul,0.20467305
pressly jason,0.20467305
masculinity,0.20467305
segel masculinity,0.20467305
comedy jaime,0.20467305
bromance bromantic,0.20467305
segel,0.20467305
pressly,0.20467305
dreamlike hallucinatory,0.2037628
layer cake,0.20364892
exquisite plotting,0.20364892
layer,0.20364892
stylish tom,0.20364892
daniel craig,0.20364892
plotting organized,0.20364892
plotting,0.20364892
gangster confusing,0.20364892
british gangster,0.20364892
crime stylish,0.20364892
exquisite,0.20364892
confusing daniel,0.20364892
craig exquisite,0.20364892
hardy layer,0.20364892
clever complicated,0.2033113
atmospheric bruce,0.20272669
top mindfuck,0.20272669
ghost imdb,0.20272669
see dead,0.20272669
stylized twist,0.20272669
ghost see,0.20272669
willis ghost,0.20272669
ending ghost,0.20272669
dead people,0.20272669
sixth sense,0.20272669
people sixth,0.20272669
mindfuck stylized,0.20272669
animation divorce,0.20256175
dog dream,0.20256175
divorce dog,0.20256175
cartoon child,0.20256175
cartoon,0.20256175
testfail cartoon,0.20256175
computer animation,0.20256175
adventure bechdel,0.20256175
child computer,0.20256175
heartbreaking touching,0.20256175
pixar bittersweet,0.20256175
bechdel testfail,0.20256175
bechdel,0.20256175
dream pixar,0.20256175
emotional heartbreaking,0.20256175
testfail,0.20256175
scientist superhero,0.20187561
suit jessica,0.20187561
evans comic,0.20187561
alba sexy,0.20187561
book heroine,0.20187561
superhero fantastic,0.20187561
nuclear war,0.20134732
fi suspense,0.20134732
war sci,0.20134732
schwarzenegger nuclear,0.20134732
scifi masterpiece,0.20134732
robot scifi,0.20134732
terminator judgment,0.20134732
apocalypse arnold,0.20134732
judgment day,0.20134732
masterpiece terminator,0.20134732
suspense time,0.20134732
gentleman aka,0.20060632
wilson sean,0.20060632
lxg,0.20060632
book gothic,0.20060632
sean connery,0.20060632
captain nemo,0.20060632
peta,0.20060632
connery,0.20060632
connery superhero,0.20060632
aka lxg,0.20060632
sean,0.20060632
nemo comic,0.20060632
league extraordinary,0.20060632
extraordinary gentleman,0.20060632
superhero league,0.20060632
peta wilson,0.20060632
gothic peta,0.20060632
corruption financial,0.2000648
financial crisis,0.2000648
spacey realistic,0.2000648
spacey,0.2000648
corporation business,0.2000648
kevin spacey,0.2000648
margin,0.2000648
bank big,0.2000648
margin call,0.2000648
realistic,0.2000648
realistic suspense,0.2000648
crisis kevin,0.2000648
big corporation,0.2000648
suspense wall,0.2000648
financial,0.2000648
street margin,0.2000648
police first,0.19974102
strike police,0.19974102
daan,0.19974102
strike ging,0.19974102
gaan daan,0.19974102
yam mo,0.19974102
daan yam,0.19974102
yam,0.19974102
si ji,0.19974102
ji gaan,0.19974102
holocaust netflix,0.19918944
bilder,0.19918944
life leni,0.19918944
macht,0.19918944
bilder leni,0.19918944
horrible life,0.19918944
macht der,0.19918944
riefenstahl die,0.19918944
queue wonderful,0.19918944
wonderful horrible,0.19918944
der bilder,0.19918944
riefenstahl macht,0.19918944
humor kurt,0.19913699
violent western,0.19913699
character dialogue,0.19913699
dialogue humor,0.19913699
jackson tension,0.19913699
russell quentin,0.19913699
hateful,0.19913699
kurt russell,0.19913699
hateful eight,0.19913699
tension building,0.19913699
western hateful,0.19913699
building violent,0.19913699
gt gok,0.19675286
bru gt,0.19675286
gaiden yki,0.19675286
gt hero,0.19675286
legacy doragon,0.19675286
ball gt,0.19675286
akashi wa,0.19675286
akashi,0.19675286
shin ch,0.19675286
hero legacy,0.19675286
gok gaiden,0.19675286
gok,0.19675286
wa shin,0.19675286
yki akashi,0.19675286
yki,0.19675286
vampire legend,0.19666159
apocalypse based,0.19666159
religion vampire,0.19666159
book last,0.19666159
earth plot,0.19666159
apocalyptic religion,0.19666159
world apocalypse,0.19666159
alone world,0.19666159
cry orphan,0.19603983
tragedy tragic,0.19603983
tragic grave,0.19603983
hotaru,0.19603983
hotaru haka,0.19603983
poignant tear,0.19603983
firefly hotaru,0.19603983
haka,0.19603983
orphan beautiful,0.19603983
grim poignant,0.19603983
beautiful downbeat,0.19603983
grave firefly,0.19603983
jerker tragedy,0.19603983
downbeat grim,0.19603983
un amico,0.19592656
amico trova,0.19592656
tesoro find,0.19592656
find treasure,0.19592656
friend find,0.19592656
treasure chi,0.19592656
find friend,0.19592656
friend treasure,0.19592656
tesoro,0.19592656
chi trova,0.19592656
amico,0.19592656
un tesoro,0.19592656
remade psycho,0.19507192
norman bates,0.19507192
hitchcock black,0.19507192
psychology suspenseful,0.19507192
norman,0.19507192
top remade,0.19507192
white imdb,0.19507192
tense norman,0.19507192
bates,0.19507192
bates alfred,0.19507192
hitchcock psychology,0.19507192
violence battle,0.19491693
commentary survival,0.19491693
book bloody,0.19491693
dystopia goretastic,0.19491693
survival violence,0.19491693
controversial dystopia,0.19491693
royale batoru,0.19491693
bloody brutal,0.19491693
goretastic satire,0.19491693
satire social,0.19491693
brutal controversial,0.19491693
goretastic,0.19491693
timberlake,0.19470842
justin timberlake,0.19470842
timberlake mila,0.19470842
hot actress,0.19470842
ending hot,0.19470842
funny happy,0.19470842
friend benefit,0.19470842
actress justin,0.19470842
kunis new,0.19470842
mila kunis,0.19470842
mila,0.19470842
sex friend,0.19470842
city romance,0.19470842
romance sex,0.19470842
kunis,0.19470842
best comedy,0.19470364
funny pizza,0.19470364
klein,0.19470364
comedy chris,0.19470364
scott teen,0.19470364
teen american,0.19470364
klein dumb,0.19470364
dumb jason,0.19470364
jason biggs,0.19470364
chris klein,0.19470364
pizza beer,0.19470364
biggs funny,0.19470364
biggs,0.19470364
beer seann,0.19470364
comic gal,0.19370441
batman superman,0.19370441
gadot superhero,0.19370441
gadot,0.19370441
affleck dark,0.19370441
dark dc,0.19370441
action batman,0.19370441
wonderwoman,0.19370441
gal,0.19370441
wonderwoman batman,0.19370441
dawn justice,0.19370441
gal gadot,0.19370441
superman wonderwoman,0.19370441
superman dawn,0.19370441
reynolds space,0.19341041
cgi cheesy,0.19341041
underestimated cgi,0.19341041
superhero green,0.19341041
space superhero,0.19341041
cheesy,0.19341041
comic ryan,0.19341041
dc dc,0.19341041
cheesy comic,0.19341041
cgi,0.19341041
medieval mel,0.19325
gibson oscar,0.19325
fight scotland,0.19325
inspirational medieval,0.19325
historical inspirational,0.19325
historical,0.19325
sword fight,0.19325
cinematography revenge,0.19325
medieval,0.19325
revenge sword,0.19325
scotland braveheart,0.19325
best cinematography,0.19325
epic historical,0.19325
scenery epic,0.19325
braveheart,0.19325
silver surfer,0.19270898
alba marvel,0.19270898
marvel sexy,0.19270898
acting joke,0.19270898
scientist fantastic,0.19270898
evans jessica,0.19270898
four rise,0.19270898
joke plot,0.19270898
plot chris,0.19270898
rise silver,0.19270898
disturbing harsh,0.19253492
inhumane,0.19253492
di sodoma,0.19253492
giornate di,0.19253492
giornate,0.19253492
provoking salo,0.19253492
sal,0.19253492
confrontational disturbing,0.19253492
sodom sal,0.19253492
sodoma,0.19253492
haunting inhumane,0.19253492
sodom,0.19253492
bleak confrontational,0.19253492
day sodom,0.19253492
salo,0.19253492
le giornate,0.19253492
salo day,0.19253492
inhumane thought,0.19253492
sal le,0.19253492
harsh haunting,0.19253492
kiss bang,0.19237013
jr witty,0.19237013
clever fast,0.19237013
kiss kiss,0.19237013
dialogue dialogue,0.19237013
paced dialogue,0.19237013
witty netflix,0.19237013
dialogue robert,0.19237013
comedy clever,0.19237013
friendship loneliness,0.1912507
loneliness mental,0.1912507
study dark,0.1912507
bittersweet black,0.1912507
comedy friendship,0.1912507
sweet touching,0.1912507
comedy study,0.1912507
poignant quirky,0.1912507
touching mary,0.1912507
mary max,0.1912507
sad sweet,0.1912507
illness philosophical,0.1912507
future lack,0.19116351
fi simon,0.19116351
quick cut,0.19116351
development lack,0.19116351
lack quick,0.19116351
lack development,0.19116351
simon pegg,0.19116351
pegg,0.19116351
cut sci,0.19116351
travel star,0.19116351
pegg space,0.19116351
punch drunk,0.19110915
wistful,0.19110915
sad surreal,0.19110915
wistful punch,0.19110915
pudding,0.19110915
anger awkward,0.19110915
unique wistful,0.19110915
unconventional unique,0.19110915
pudding anger,0.19110915
symbolism tense,0.19110915
bittersweet hallucinatory,0.19110915
drunk love,0.19110915
surreal symbolism,0.19110915
hallucinatory quirky,0.19110915
awkward bittersweet,0.19110915
tense unconventional,0.19110915
depp,0.189621
gothic helena,0.189621
corpse,0.189621
carter johnny,0.189621
animation corpse,0.189621
appealing animation,0.189621
burton visually,0.189621
johnny depp,0.189621
animation oscar,0.189621
depp tim,0.189621
corpse bride,0.189621
commentary superhero,0.18838532
political commentary,0.18838532
knight rise,0.18838532
book great,0.18838532
bale christopher,0.18838532
hathaway christian,0.18838532
freeman political,0.18838532
nolan comic,0.18838532
ending morgan,0.18838532
fi robot,0.18780892
cyberpunk future,0.18780892
mindfuck philip,0.18780892
dick atmospheric,0.18780892
future mindfuck,0.18780892
android artificial,0.18780892
atmospheric cyberpunk,0.18780892
philip dick,0.18780892
stupid stupid,0.18768534
bubba gump,0.18768534
gump shrimp,0.18768534
dan stupid,0.18768534
lieutenant dan,0.18768534
touching forrest,0.18768534
stupid bittersweet,0.18768534
shrimp vietnam,0.18768534
heartwarming touching,0.18768534
forrest,0.18768534
forrest gump,0.18768534
vietnam bubba,0.18768534
shrimp lieutenant,0.18768534
killer man,0.18757734
arriv pr,0.18757734
de chez,0.18757734
crazy dark,0.18757734
chez vous,0.18757734
humor serial,0.18757734
arriv,0.18757734
cest arriv,0.18757734
comedy crazy,0.18757734
pr,0.18757734
pr de,0.18757734
bite dog,0.18757734
man bite,0.18757734
dog cest,0.18757734
wick chapter,0.18711391
action dark,0.18711391
gun tactic,0.18711391
tactic hitman,0.18711391
tactic,0.18711391
society heroic,0.18711391
chapter two,0.18711391
crime secret,0.18711391
bloodshed john,0.18711391
hitman keanu,0.18711391
reef organized,0.18711391
book creepy,0.18699731
murder obsession,0.18699731
law murder,0.18699731
europe murder,0.18699731
secret serial,0.18699731
murder talented,0.18699731
psychology secret,0.18699731
suspense europe,0.18699731
talented mr,0.18699731
talented,0.18699731
obsession psychology,0.18699731
mr ripley,0.18699731
disturbing jude,0.18699731
creepy disturbing,0.18699731
ripley,0.18699731
killer suspense,0.18699731
saishuu,0.18471465
father goku,0.18471465
goku doragon,0.18471465
goku,0.18471465
saishuu kessen,0.18471465
kakarotto,0.18471465
kakarotto chichi,0.18471465
kessen furiiza,0.18471465
senshi kakarotto,0.18471465
hitori,0.18471465
bardock father,0.18471465
tatta hitori,0.18471465
furiiza ni,0.18471465
chichi,0.18471465
tatta,0.18471465
furiiza,0.18471465
itonda,0.18471465
hitori saishuu,0.18471465
bru tatta,0.18471465
bardock,0.18471465
itonda senshi,0.18471465
ball bardock,0.18471465
ni itonda,0.18471465
undercover cop,0.18407345
cop atmospheric,0.18407345
ending undercover,0.18407345
scorsese suspense,0.18407345
way long,0.18407345
departed,0.18407345
nicholson leonardo,0.18407345
dicaprio suspense,0.18407345
suspense departed,0.18407345
long leonardo,0.18407345
atmospheric jack,0.18407345
cast fantasy,0.1834895
ring scenic,0.1834895
stylized tolkien,0.1834895
soundtrack lord,0.1834895
scenic,0.1834895
ring return,0.1834895
adventure ensemble,0.1834895
world great,0.1834895
fantasy fantasy,0.1834895
tolkien tolkein,0.1834895
scenic stylized,0.1834895
nonlinear psychology,0.18296765
psychology twist,0.18296765
backwards memory,0.18296765
mindfuck nonlinear,0.18296765
memento,0.18296765
ending backwards,0.18296765
ending cerebral,0.18296765
dark mindfuck,0.18296765
dreamlike memento,0.18296765
psychological twist,0.18296765
mystery psychological,0.18296765
backwards,0.18296765
memory mystery,0.18296765
satirical,0.18254995
tsuyoi yatsu,0.18228534
bru kono,0.18228534
strongest guy,0.18228534
tsuyoi,0.18228534
kono yo,0.18228534
ichiban,0.18228534
ball strongest,0.18228534
world strongest,0.18228534
guy world,0.18228534
ball world,0.18228534
world doragon,0.18228534
kono,0.18228534
de ichiban,0.18228534
yo de,0.18228534
strongest aka,0.18228534
ichiban tsuyoi,0.18228534
hayao miyazaki,0.18109648
ugoku,0.18109648
ugoku shiro,0.18109648
moving castle,0.18109648
animation netflix,0.18109648
ghibli oscar,0.18109648
hayao,0.18109648
miyazaki,0.18109648
miyazaki studio,0.18109648
queue howl,0.18109648
hauru ugoku,0.18109648
world hayao,0.18109648
hauru,0.18109648
howl moving,0.18109648
anime fantasy,0.18109648
castle hauru,0.18109648
tarantino religion,0.1807838
reservoir,0.1807838
reservoir dog,0.1807838
tarantino reservoir,0.1807838
stylized heist,0.1807838
humorous neo,0.1807838
tarantino stylized,0.1807838
religion tarantino,0.1807838
heist violence,0.1807838
cast nonlinear,0.1807838
violence humorous,0.1807838
nonlinear quentin,0.1807838
noir quentin,0.1807838
strange surreal,0.17781451
gruesome hallucinatory,0.17781451
gruesome,0.17781451
hallucinatory insane,0.17781451
fucked gruesome,0.17781451
fucked,0.17781451
disturbing dreamlike,0.17781451
paranoid strange,0.17781451
enigmatic fucked,0.17781451
queue art,0.17781451
creepy cryptic,0.17781451
insane paranoid,0.17781451
insane,0.17781451
eraserhead,0.17781451
cryptic dark,0.17781451
cryptic,0.17781451
weird eraserhead,0.17781451
house atmospheric,0.17781451
filler transformer,0.17769945
revenge fallen,0.17769945
filler,0.17769945
transformer revenge,0.17769945
character filler,0.17769945
shia labeouf,0.17769945
needed autobots,0.17769945
bay needed,0.17769945
labeouf,0.17769945
labeouf stop,0.17769945
shia,0.17769945
stop using,0.17769945
useless character,0.17769945
useless,0.17769945
ridiculous shia,0.17769945
autobots plot,0.17769945
using,0.17769945
using useless,0.17769945
hole ridiculous,0.17769945
plot michael,0.17769945
autobots,0.17769945
empire strike,0.1776522
father space,0.1776522
harrison ford,0.1776522
sequel star,0.1776522
opera classic,0.1776522
episode empire,0.1776522
george lucas,0.1776522
lucas harrison,0.1776522
ford music,0.1776522
classic george,0.1776522
plot sci,0.1776522
jackson soundtrack,0.17721125
western soundtrack,0.17721125
soundtrack django,0.17721125
soundtrack great,0.17721125
funny soundtrack,0.17721125
performance humour,0.17721125
unchained,0.17721125
soundtrack western,0.17721125
django unchained,0.17721125
dicaprio quentin,0.17721125
waltz funny,0.17721125
humour leonardo,0.17721125
action christoph,0.17721125
philosophical issue,0.17614025
issue,0.17614025
travel christopher,0.17614025
interstellar,0.17614025
issue thought,0.17614025
travel dialogue,0.17614025
nolan sci,0.17614025
appealing interstellar,0.17614025
hole sci,0.17614025
dialogue philosophical,0.17614025
new composer,0.17577787
apocalyptic robot,0.17577787
script christian,0.17577787
acting plot,0.17577787
bale fighting,0.17577787
system franchise,0.17577787
plot script,0.17577787
franchise,0.17577787
franchise new,0.17577787
intelligence acting,0.17577787
composer post,0.17577787
composer,0.17577787
terminator salvation,0.17577787
fighting system,0.17577787
sequel terminator,0.17577787
space action,0.17564139
park bigger,0.17426787
longer uncut,0.17426787
longer,0.17426787
free speech,0.17426787
parody satire,0.17426787
bigger longer,0.17426787
controversial crude,0.17426787
humor controversial,0.17426787
adult humor,0.17426787
satire south,0.17426787
park trey,0.17426787
trey,0.17426787
speech parody,0.17426787
uncut,0.17426787
trey parker,0.17426787
parker south,0.17426787
humor free,0.17426787
hallucinatory insanity,0.17352688
mathematics artsy,0.17352688
existentialism hallucinatory,0.17352688
tense visually,0.17352688
appealing pi,0.17352688
mindfuck paranoid,0.17352688
paranoia paranoid,0.17352688
enigmatic existentialism,0.17352688
cerebral enigmatic,0.17352688
surreal tense,0.17352688
paranoid mathematics,0.17352688
potter philosopher,0.1723546
want alan,0.1723546
everything want,0.1723546
rickman,0.1723546
potter sorcerer,0.1723546
sorcerer stone,0.1723546
alan rickman,0.1723546
aka harry,0.1723546
philosopher,0.1723546
philosopher stone,0.1723546
stone aka,0.1723546
magic magic,0.1723546
rickman harry,0.1723546
humorous magic,0.1723546
potter humorous,0.1723546
ventura macho,0.17161559
schwarzenegger dialogue,0.17161559
cult alien,0.17161559
dialogue gun,0.17161559
alien arnold,0.17161559
jesse ventura,0.17161559
alien sci,0.17161559
gun jesse,0.17161559
cult predator,0.17161559
macho sci,0.17161559
macho,0.17161559
lon,0.17161229
jean reno,0.17161229
reading,0.169539
brother dark,0.169539
coen bros,0.169539
clooney john,0.169539
clooney,0.169539
bros coen,0.169539
comedy espionage,0.169539
pitt coen,0.169539
burn reading,0.169539
espionage george,0.169539
satire twist,0.169539
george clooney,0.169539
malkovich satire,0.169539
turn weird,0.169539
weird burn,0.169539
evangelion end,0.16924153
evangelion shin,0.16924153
psychology neon,0.16924153
wo kimi,0.16924153
end evangelion,0.16924153
mecha psychology,0.16924153
airmagokoro wo,0.16924153
airmagokoro,0.16924153
epic mecha,0.16924153
world epic,0.16924153
kimi ni,0.16924153
ban airmagokoro,0.16924153
mecha,0.16924153
kimi,0.16924153
anime end,0.16924153
visual,0.16906929
pitt bruce,0.16565461
twelve monkey,0.16565461
travel twist,0.16565461
remake time,0.16565461
aka monkey,0.16565461
monkey aka,0.16565461
travel brad,0.16565461
apocalyptic remake,0.16565461
ending twelve,0.16565461
mindfuck post,0.16565461
willis mindfuck,0.16565461
bomb black,0.15378673
satire purity,0.15378673
quirky dr,0.15378673
dr strangelove,0.15378673
comedy satire,0.15378673
love bomb,0.15378673
slim pickens,0.15378673
slim,0.15378673
worrying,0.15378673
essence,0.15378673
learned,0.15378673
stop worrying,0.15378673
learned stop,0.15378673
essence slim,0.15378673
worrying love,0.15378673
comedy atomic,0.15378673
pickens,0.15378673
strangelove,0.15378673
strangelove learned,0.15378673
atomic bomb,0.15378673
pickens black,0.15378673
purity,0.15378673
purity essence,0.15378673
jones steven,0.1519897
spielberg treasure,0.1519897
adventure archaeology,0.1519897
ark covenant,0.1519897
covenant indiana,0.1519897
archaeology ark,0.1519897
ark indiana,0.1519897
hunt archaeology,0.1519897
galaxy marvel,0.14740564
stunning dark,0.14740564
war part,0.14740564
stunning avenger,0.14740564
great villain,0.14740564
mcu robert,0.14740564
strange great,0.14740564
emotional sad,0.14740564
mcu,0.14740564
infinity war,0.14740564
avenger infinity,0.14740564
marvel mcu,0.14740564
sad visually,0.14740564
dr strange,0.14740564
thanos,0.14740564
book dr,0.14740564
thanos thor,0.14740564
villain guardian,0.14740564
thor visually,0.14740564
jr thanos,0.14740564
fa yeung,0.14700572
melancholy moody,0.14700572
long take,0.14700572
unique visually,0.14700572
stunning mood,0.14700572
elegant,0.14700572
heartbreaking intimate,0.14700572
mood love,0.14700572
take longing,0.14700572
nocturnal romantic,0.14700572
nin wa,0.14700572
elegant heartbreaking,0.14700572
loneliness long,0.14700572
melancholic melancholy,0.14700572
romantic unique,0.14700572
melancholic,0.14700572
dreamy elegant,0.14700572
dreamy,0.14700572
intimate loneliness,0.14700572
fa,0.14700572
longing melancholic,0.14700572
love fa,0.14700572
moody nocturnal,0.14700572
yeung nin,0.14700572
longing,0.14700572
bittersweet dreamy,0.14700572
yeung,0.14700572
great dialogue,0.1430416
cult classic,0.1430416
classic cult,0.1430416
action action,0.14151146
design james,0.14017147
design music,0.14017147
long visually,0.14017147
stunning avatar,0.14017147
dialogue sci,0.14017147
romance thought,0.14017147
military poor,0.14017147
provoking long,0.14017147
fi superficial,0.14017147
poor dialogue,0.14017147
music politics,0.14017147
plot unoriginal,0.14017147
superficial,0.14017147
superficial plot,0.14017147
scenery graphic,0.14017147
avatar,0.14017147
futuristic graphic,0.14017147
cameron military,0.14017147
science futuristic,0.14017147
cameron,0.14017147
james cameron,0.14017147
politics romance,0.14017147
unoriginal white,0.14017147
unoriginal,0.14017147
guilt beautiful,0.14017147
men hitman,0.13923347
paced superhero,0.13375965
affleck comic,0.13375965
leto joker,0.13375965
poor poorly,0.13375965
writing batman,0.13375965
soundtrack harley,0.13375965
poorly paced,0.13375965
as horrible,0.13375965
directing,0.13375965
directing jared,0.13375965
suicide squad,0.13375965
horrible directing,0.13375965
robbie,0.13375965
harley quinn,0.13375965
harley quinns,0.13375965
robbie poor,0.13375965
lack plot,0.13375965
margot robbie,0.13375965
superhero visually,0.13375965
smith suicide,0.13375965
quinn,0.13375965
plot margot,0.13375965
quinns,0.13375965
appealing smith,0.13375965
joker lack,0.13375965
quinns as,0.13375965
poorly,0.13375965
comic soundtrack,0.13375965
quinn harley,0.13375965
budget clever,0.1270229
reality leonardo,0.1270229
action alternate,0.1270229
appealing dreamlike,0.1270229
philosophy thought,0.1270229
fi thought,0.1270229
dreamlike philosophy,0.1270229
psychological psychology,0.1270229
appealing big,0.1270229
inception,0.1270229
heist intellectual,0.1270229
soundtrack heist,0.1270229
intellectual mindfuck,0.1270229
provoking inception,0.1270229
provoking cerebral,0.1270229
dreamlike surreal,0.1270229
wife great,0.1270229
complicated dead,0.1270229
dead wife,0.1270229
dicaprio sci,0.1270229
violence violent,0.12392135
atmospheric cult,0.12034559
donnie darko,0.12034559
provoking weird,0.12034559
provoking atmospheric,0.12034559
surreal thought,0.12034559
surreal time,0.12034559
commentary teen,0.12034559
psychology social,0.12034559
quirky surreal,0.12034559
travel jake,0.12034559
teen thought,0.12034559
weird donnie,0.12034559
travel dreamlike,0.12034559
cult dreamlike,0.12034559
hallucinatory psychological,0.12034559
gyllenhaal time,0.12034559
enigmatic hallucinatory,0.12034559
psychological quirky,0.12034559
psychological surreal,0.12034559
darko,0.12034559
intelligent lovely,0.10961764
arthouse artistic,0.10961764
good happpiness,0.10961764
comedy dreamlike,0.10961764
lovely melancholy,0.10961764
quirky quirky,0.10961764
surrealism thought,0.10961764
humane,0.10961764
surreal arthouse,0.10961764
dreamlike emotional,0.10961764
melancholy mind,0.10961764
colourful comedy,0.10961764
bittersweet colourful,0.10961764
quirky romantic,0.10961764
artistic atmospheric,0.10961764
eternal sunshine,0.10961764
humane insightful,0.10961764
mind bending,0.10961764
memory cult,0.10961764
reality memory,0.10961764
bending,0.10961764
provoking jim,0.10961764
carrey memory,0.10961764
romantic romantic,0.10961764
insightful intelligent,0.10961764
memory thought,0.10961764
romantic surreal,0.10961764
insightful,0.10961764
carrey love,0.10961764
bending philosophy,0.10961764
imagination jim,0.10961764
provoking eternal,0.10961764
cult imagination,0.10961764
sunshine spotless,0.10961764
arthouse,0.10961764
spotless mind,0.10961764
philosophy quirky,0.10961764
happpiness humane,0.10961764
love surreal,0.10961764
happpiness,0.10961764
spotless,0.10961764
john goodman,0.10533506
kidnapping marijuana,0.10533506
ransom rug,0.10533506
violence big,0.10533506
marijuana nudity,0.10533506
moore kidnapping,0.10533506
drug funny,0.10533506
goodman julianne,0.10533506
goodman,0.10533506
marijuana,0.10533506
seymour,0.10533506
crime cult,0.10533506
comedy bowling,0.10533506
hoffman,0.10533506
top jeff,0.10533506
cult dark,0.10533506
classic coen,0.10533506
seymour hoffman,0.10533506
sarcasm satirical,0.10533506
comedy deadpan,0.10533506
comedy crime,0.10533506
brother black,0.10533506
lebowski,0.10533506
brother comedy,0.10533506
satirical steve,0.10533506
hoffman quirky,0.10533506
deadpan,0.10533506
deadpan drug,0.10533506
julianne moore,0.10533506
rug sarcasm,0.10533506
rug,0.10533506
moore,0.10533506
julianne,0.10533506
buscemi violence,0.10533506
bridge john,0.10533506
frontal off,0.10533506
comedy philip,0.10533506
bowling classic,0.10533506
philip seymour,0.10533506
big lebowski,0.10533506
soundtrack highly,0.10533506
quirky ransom,0.10533506
quotable imdb,0.10533506
nerd classic,0.103736624
war robot,0.103736624
space epic,0.103736624
soundtrack classic,0.103736624
iv new,0.103736624
android space,0.103736624
action sci,0.103736624
action space,0.103736624
classic space,0.103736624
classic nerd,0.103736624
adventure epic,0.103736624
space classic,0.103736624
epic oldie,0.103736624
adventure star,0.103736624
goodie,0.103736624
oldie,0.103736624
fi engrossing,0.103736624
epic classic,0.103736624
epic great,0.103736624
engrossing,0.103736624
engrossing adventure,0.103736624
fi sci,0.103736624
war darth,0.103736624
goodie sci,0.103736624
fi star,0.103736624
oldie goodie,0.103736624
space adventure,0.103736624
new hope,0.103736624
fi epic,0.103736624
acting gun,0.101356976
romance corruption,0.101356976
corruption crime,0.101356976
french friendship,0.101356976
gary oldman,0.101356976
hitman humorous,0.101356976
awkward romance,0.101356976
top jean,0.101356976
crime disturbing,0.101356976
loneliness love,0.101356976
aka professional,0.101356976
luc,0.101356976
luc besson,0.101356976
assassin awkward,0.101356976
police police,0.101356976
touching unique,0.101356976
humorous imdb,0.101356976
professional lon,0.101356976
professional aka,0.101356976
natalie,0.101356976
portman,0.101356976
friendship gary,0.101356976
police corruption,0.101356976
natalie portman,0.101356976
corruption quirky,0.101356976
gun hit,0.101356976
assassination assassin,0.101356976
assassin jean,0.101356976
lolita theme,0.101356976
crime police,0.101356976
sniper tense,0.101356976
oldman great,0.101356976
oldman,0.101356976
tense touching,0.101356976
assassin assassination,0.101356976
reno lolita,0.101356976
reno hit,0.101356976
portman organized,0.101356976
love luc,0.101356976
lon professional,0.101356976
theme,0.101356976
action assassin,0.101356976
besson,0.101356976
besson natalie,0.101356976
quirky sniper,0.101356976
theme loneliness,0.101356976
drama french,0.101356976
men action,0.101356976
unique lon,0.101356976
alien ape,0.09985504
best effect,0.09985504
soundtrack surreal,0.09985504
paced soundtrack,0.09985504
classic computer,0.09985504
travel spacecraft,0.09985504
visual visually,0.09985504
visual effect,0.09985504
effect overrated,0.09985504
music mystery,0.09985504
spacecraft stanley,0.09985504
spacecraft,0.09985504
philosophical relaxing,0.09985504
ape arthur,0.09985504
clarke artificial,0.09985504
effect visual,0.09985504
settingspacespace,0.09985504
dull,0.09985504
relaxing revolutionary,0.09985504
relaxing,0.09985504
dull future,0.09985504
kubrick superb,0.09985504
ending cult,0.09985504
superb soundtrack,0.09985504
cult dull,0.09985504
meditative music,0.09985504
superb,0.09985504
settingspacespace ship,0.09985504
mystery oscar,0.09985504
soundtrack space,0.09985504
fi settingspacespace,0.09985504
surreal technology,0.09985504
slow slow,0.09985504
arthur clarke,0.09985504
appealing space,0.09985504
slow paced,0.09985504
cinematography classic,0.09985504
technology,0.09985504
technology tedious,0.09985504
tedious,0.09985504
future futuristic,0.09985504
tedious visual,0.09985504
space odyssey,0.09985504
overrated philosophical,0.09985504
futuristic imdb,0.09985504
top masterpiece,0.09985504
computer confusing,0.09985504
hal space,0.09985504
ship slow,0.09985504
masterpiece meditative,0.09985504
revolutionary robot,0.09985504
confusing ending,0.09985504
non linear,0.09252789
palahnuik,0.085361525
ending violence,0.085361525
blowing mindfuck,0.085361525
palahnuik philosophical,0.085361525
fincher disturbing,0.085361525
quirky satirical,0.085361525
violence action,0.085361525
challenging,0.085361525
narrated nudity,0.085361525
fight club,0.085361525
mind blowing,0.085361525
topless,0.085361525
comedy violence,0.085361525
consumerism,0.085361525
commentary societal,0.085361525
book brad,0.085361525
philosophical philosophy,0.085361525
palahniuk,0.085361525
ending dark,0.085361525
pitt challenging,0.085361525
palahniuk classic,0.085361525
norton fighting,0.085361525
psychology thought,0.085361525
psychology quirky,0.085361525
mindfuck narrated,0.085361525
complicated consumerism,0.085361525
thriller psychology,0.085361525
action atmospheric,0.085361525
nudity topless,0.085361525
classic clever,0.085361525
david fincher,0.085361525
disturbing double,0.085361525
philosophy postmodern,0.085361525
blowing,0.085361525
twist twist,0.085361525
friend imdb,0.085361525
carter imaginary,0.085361525
challenging chuck,0.085361525
schizophrenia social,0.085361525
illness mind,0.085361525
postmodern,0.085361525
ending psychological,0.085361525
chuck palahniuk,0.085361525
satirical schizophrenia,0.085361525
top mental,0.085361525
topless palahnuik,0.085361525
life edward,0.085361525
imaginary friend,0.085361525
crime dark,0.085361525
terrorism thought,0.085361525
societal,0.085361525
stylized surreal,0.085361525
consumerism crime,0.085361525
surreal terrorism,0.085361525
comedy psychology,0.085361525
postmodern powerful,0.085361525
acting helena,0.085361525
atmospheric based,0.085361525
violent fight,0.085361525
fincher,0.085361525
fighting great,0.085361525
criticism stylized,0.085361525
societal criticism,0.085361525
travolta,0.07465091
rdisturbing violent,0.07465091
rstrong,0.07465091
reference,0.07465091
rdisturbing,0.07465091
violence rstrong,0.07465091
splatter,0.07465091
pulp,0.07465091
violent witty,0.044090033
mobster mobster,0.044090033
mobster monologue,0.044090033
entirely,0.044090033
entertaining entirely,0.044090033
cheese samuel,0.044090033
cheese,0.044090033
unpredictable,0.044090033
atmospheric awesome,0.044090033
unusual funny,0.044090033
music ensemble,0.044090033
men achronological,0.044090033
blood splatter,0.044090033
unpredictable unusual,0.044090033
unusual,0.044090033
diner disjointed,0.044090033
witty pulp,0.044090033
masterpiece meaningless,0.044090033
paced fast,0.044090033
paced noir,0.044090033
bad,0.044090033
storytelling stylish,0.044090033
classic coke,0.044090033
intense interesting,0.044090033
music gore,0.044090033
anthology assassin,0.044090033
offensive organised,0.044090033
crime crime,0.044090033
dialogue different,0.044090033
dialogue episodic,0.044090033
dialogue music,0.044090033
linear timeline,0.044090033
willis brutality,0.044090033
satire sexy,0.044090033
drug music,0.044090033
drug overdose,0.044090033
narrative nonlinear,0.044090033
harvey keitel,0.044090033
drama drug,0.044090033
stylish stylized,0.044090033
intertwining storyline,0.044090033
black humor,0.044090033
black humour,0.044090033
overdose,0.044090033
overdose drug,0.044090033
organised crime,0.044090033
smart writing,0.044090033
cast entertaining,0.044090033
interwoven storyline,0.044090033
provoking thriller,0.044090033
awesome as,0.044090033
milkshake mobster,0.044090033
rviolence,0.044090033
jackson sarcasm,0.044090033
original original,0.044090033
sexy smart,0.044090033
anthology,0.044090033
exciting fast,0.044090033
image,0.044090033
image rgraphic,0.044090033
order palme,0.044090033
rviolence random,0.044090033
top innovative,0.044090033
comedy conversation,0.044090033
disjointed,0.044090033
disjointed timeline,0.044090033
avary,0.044090033
avary royal,0.044090033
milkshake,0.044090033
soundtrack gritty,0.044090033
soundtrack non,0.044090033
soundtrack offensive,0.044090033
multiple story,0.044090033
drug quentin,0.044090033
stylized suspense,0.044090033
entirely dialogue,0.044090033
iconic,0.044090033
iconic imdb,0.044090033
including,0.044090033
including rape,0.044090033
splatter bloody,0.044090033
splatter steve,0.044090033
sexuality rsome,0.044090033
intellectual intelligent,0.044090033
golden watch,0.044090033
film noir,0.044090033
monologue,0.044090033
monologue motherfucker,0.044090033
writing sophisticated,0.044090033
noir foul,0.044090033
humor black,0.044090033
bible biblical,0.044090033
biblical,0.044090033
language bad,0.044090033
language fun,0.044090033
language rsustained,0.044090033
biblical reference,0.044090033
psychological pulp,0.044090033
gritty gun,0.044090033
character classic,0.044090033
dialogue anthology,0.044090033
crime organized,0.044090033
crime original,0.044090033
intertwining,0.044090033
comedy black,0.044090033
retro roger,0.044090033
uma,0.044090033
uma thurman,0.044090033
palme dor,0.044090033
exciting,0.044090033
stylized violence,0.044090033
humor dialogue,0.044090033
protagonist,0.044090033
buscemi storytelling,0.044090033
protagonist los,0.044090033
violence milkshake,0.044090033
violence rviolence,0.044090033
angeles mafia,0.044090033
killer as,0.044090033
hitman homosexuality,0.044090033
noir film,0.044090033
rgraphic sexuality,0.044090033
big name,0.044090033
interesting intertwining,0.044090033
organised,0.044090033
travolta twist,0.044090033
humour blood,0.044090033
humour iconic,0.044090033
keitel heroin,0.044090033
rape retro,0.044090033
nonlinear nonlinear,0.044090033
nonlinear storyline,0.044090033
nonlinear timeline,0.044090033
style crime,0.044090033
dancing dark,0.044090033
irony john,0.044090033
strong stylized,0.044090033
cool style,0.044090033
quotable rdisturbing,0.044090033
story multiple,0.044090033
storyline interwoven,0.044090033
storyline ironic,0.044090033
casual,0.044090033
casual violence,0.044090033
drug drug,0.044090033
name actor,0.044090033
content,0.044090033
content including,0.044090033
sophisticated soundtrack,0.044090033
assassin atmospheric,0.044090033
as protagonist,0.044090033
gun big,0.044090033
keitel,0.044090033
timeline disturbing,0.044090033
timeline nonlinear,0.044090033
action packed,0.044090033
actor,0.044090033
amazing dialogue,0.044090033
watch dialogue,0.044090033
episodic exciting,0.044090033
pop culture,0.044090033
quirky quotable,0.044090033
homosexuality,0.044090033
homosexuality humour,0.044090033
philosophical pop,0.044090033
gangster gangster,0.044090033
gangster genius,0.044090033
ironic irony,0.044090033
brutality casual,0.044090033
motherfucker multiple,0.044090033
palme,0.044090033
rsustained strong,0.044090033
sophisticated,0.044090033
big boy,0.044090033
aggressive,0.044090033
aggressive amazing,0.044090033
rgraphic,0.044090033
bad ass,0.044090033
mafia masterpiece,0.044090033
random rape,0.044090033
rape rdisturbing,0.044090033
plot order,0.044090033
timeline notable,0.044090033
coke,0.044090033
coke comedy,0.044090033
crime scrubbing,0.044090033
reference big,0.044090033
reference psychological,0.044090033
travolta killer,0.044090033
nonlinear narrative,0.044090033
amazing amazing,0.044090033
ass bible,0.044090033
quotable hit,0.044090033
rsome,0.044090033
rsome violence,0.044090033
rstrong bloody,0.044090033
rstrong language,0.044090033
rsustained,0.044090033
conversation cool,0.044090033
cool cool,0.044090033
motherfucker,0.044090033
funny gangster,0.044090033
development character,0.044090033
episodic,0.044090033
actor black,0.044090033
linear non,0.044090033
culture reference,0.044090033
cult cult,0.044090033
cult dance,0.044090033
john travolta,0.044090033
dor,0.044090033
dor parody,0.044090033
dance dancing,0.044090033
innovative,0.044090033
innovative intellectual,0.044090033
fun funny,0.044090033
ending uma,0.044090033
thurman,0.044090033
thurman unique,0.044090033
cult drug,0.044090033
linear cult,0.044090033
scrubbing,0.044090033
thriller travolta,0.044090033
storyline neo,0.044090033
storyline nonlinear,0.044090033
royal cheese,0.044090033
heroin highly,0.044090033
different diner,0.044090033
violence development,0.044090033
gore,0.044090033
gore great,0.044090033
classic classic,0.044090033
scrubbing cult,0.044090033
intelligent intense,0.044090033
parody philosophical,0.044090033
funny violence,0.044090033
noir noir,0.044090033
suspense tarantino,0.044090033
bloody bruce,0.044090033
bloody violence,0.044090033
genius golden,0.044090033
as language,0.044090033
unique unpredictable,0.044090033
tarantino tarantino,0.044090033
tarantino thought,0.044090033
boy gun,0.044090033
gun harvey,0.044090033
tarantino hit,0.044090033
tarantino quirky,0.044090033
interwoven,0.044090033
meaningless,0.044090033
meaningless violence,0.044090033
foul language,0.044090033
roger avary,0.044090033
soundtrack splatter,0.044090033
packed,0.044090033
packed aggressive,0.044090033
acting great,0.044090033
achronological,0.044090033
achronological action,0.044090033
violent content,0.044090033
violent image,0.044090033
pulp fiction,0.044090033
pulp quentin,0.044090033
noir non,0.044090033
