movieId,title,release_year
73,"Misérables, Les",1995
148,"Awfully Big Adventure, An",1995
154,Beauty of the Day (Belle de jour),1967
178,Love & Human Remains,1993
181,Mighty Morphin Power Rangers: The Movie,1995
231,Dumb & Dumber (Dumb and Dumber),1994
242,Farinelli: il castrato,1994
253,Interview with the Vampire: The Vampire Chronicles,1994
273,Mary Shelley's Frankenstein (Frankenstein),1994
321,Strawberry and Chocolate (Fresa y chocolate),1993
328,Tales from the Crypt Presents: Demon Knight,1995
366,"Wes Craven's New Nightmare (Nightmare on Elm Street Part 7: Freddy's Finale, A)",1994
388,Boys Life,1995
389,"Colonel Chabert, Le",1994
405,Highlander III: The Sorcerer (a.k.a. Highlander: The Final Dimension),1994
430,Calendar Girl,1993
638,Jack and Sarah,1995
790,"Unforgettable Summer, An (Un été inoubliable)",1994
795,Somebody to Love,1994
842,Tales from the Crypt Presents: Bordello of Blood,1996
900,"American in Paris, An",1951
922,Sunset Blvd. (a.k.a. Sunset Boulevard),1950
932,"Affair to Remember, An",1957
1059,William Shakespeare's Romeo + Juliet,1996
1105,Children of the Corn IV: The Gathering,1996
1151,Lesson Faust,1994
1194,Cheech and Chong's Up in Smoke,1978
1202,Withnail & I,1987
1223,"Grand Day Out with Wallace and Gromit, A",1989
1233,"The Boot, Das (Boat)",1981
1238,Local Hero,1983
1240,The Terminator,1984
1241,Dead Alive (Braindead),1992
1242,Glory,1989
1243,Rosencrantz and Guildenstern Are Dead,1990
1244,Manhattan,1979
1245,Miller's Crossing,1990
1246,Dead Poets Society,1989
1247,The Graduate,1967
1248,Touch of Evil,1958
1249,"Femme Nikita, La (Nikita)",1990
1250,The Bridge on the River Kwai,1957
1251,8 1/2 (8½),1963
1252,Chinatown,1974
1253,The Day the Earth Stood Still,1951
1254,The Treasure of the Sierra Madre,1948
1255,Bad Taste,1987
1256,Duck Soup,1933
1257,Better Off Dead...,1985
1258,The Shining,1980
1259,Stand by Me,1986
1260,M,1931
1261,Evil Dead II (Dead by Dawn),1987
1262,The Great Escape,1963
1263,The Deer Hunter,1978
1264,Diva,1981
1265,Groundhog Day,1993
1266,Unforgiven,1992
1267,The Manchurian Candidate,1962
1268,Pump Up the Volume,1990
1269,Arsenic and Old Lace,1944
1270,Back to the Future,1985
1271,Fried Green Tomatoes,1991
1272,Patton,1970
1273,Down by Law,1986
1274,Akira,1988
1275,Highlander,1986
1276,Cool Hand Luke,1967
1277,Cyrano de Bergerac,1990
1278,Young Frankenstein,1974
1279,Night on Earth,1991
1280,Raise the Red Lantern (Da hong deng long gao gao gua),1991
1281,The Great Dictator,1940
1282,Fantasia,1940
1283,High Noon,1952
1284,The Big Sleep,1946
1285,Heathers,1989
1286,Somewhere in Time,1980
1287,Ben-Hur,1959
1288,This Is Spinal Tap,1984
1289,Koyaanisqatsi (a.k.a. Koyaanisqatsi: Life Out of Balance),1983
1290,Some Kind of Wonderful,1987
1291,Indiana Jones and the Last Crusade,1989
1292,Being There,1979
1293,Gandhi,1982
1295,The Unbearable Lightness of Being,1988
1296,"Room with a View, A",1986
1297,Real Genius,1985
1298,Pink Floyd: The Wall,1982
1299,The Killing Fields,1984
1300,My Life as a Dog (Mitt liv som hund),1985
1301,Forbidden Planet,1956
1321,"American Werewolf in London, An",1981
1474,Jungle2Jungle (a.k.a. Jungle 2 Jungle),1997
1684,Mrs. Dalloway,1997
1713,Mouse Hunt,1997
1734,My Life in Pink (Ma vie en rose),1997
1739,3 Ninjas: High Noon On Mega Mountain,1998
1873,"Misérables, Les",1998
1900,The Children of Heaven (Bacheha-Ye Aseman),1997
1976,Friday the 13th Part 3: 3D,1982
1977,Friday the 13th Part IV: The Final Chapter,1984
1978,Friday the 13th Part V: A New Beginning,1985
1980,Friday the 13th Part VII: The New Blood,1988
2008,The This Worldn the Fireworks,1997
2015,The Absent-Minded Professor,1961
2027,Jane Austen's Mafia!,1998
2141,"American Tail, An",1986
2142,"American Tail: Fievel Goes West, An",1991
2155,The Slums of Beverly Hills,1998
2248,Say Anything...,1989
2330,Hands on a Hard Body,1996
2364,The Godzilla 1985: The Legend Is Reborn (Gojira) (Godzilla) (Return of Godzilla),1984
2399,Santa Claus: The Movie,1985
2495,"The Fantastic Planet (Planète sauvage, La)",1973
2542,"Lock, Stock & Two Smoking Barrels",1998
2585,The Lovers of the Arctic Circle (Los Amantes del Círculo Polar),1998
2690,"Ideal Husband, An",1999
2696,"The Dinner Game (Dîner de cons, Le)",1998
2700,"South Park: Bigger, Longer and Uncut",1999
2708,"Autumn Tale, An (Conte d'automne)",1998
2793,"American Werewolf in Paris, An",1997
2794,European Vacation (aka National Lampoon's European Vacation),1985
2795,National Lampoon's Vacation,1983
2818,Iron Eagle IV,1995
2837,Bedrooms & Hallways,1998
2868,Fright Night Part II,1988
2879,Armour of God II: Operation Condor (Operation Condor) (Fei ying gai wak),1991
2889,"Mystery, Alaska",1999
2897,And the Ship Sails On (E la nave va),1983
2987,Who Framed Roger Rabbit?,1988
3064,Poison Ivy: New Seduction,1997
3406,Captain Horatio Hornblower R.N.,1951
3431,Death Wish 2,1982
3434,Death Wish 5: The Face of Death,1994
3478,"Bamba, La",1987
3554,Love and Basketball,2000
3568,Smiling Fish and Goat on Fire,1999
3571,Time Code,2000
3592,"Time Masters (Maîtres du temps, Les)",1982
3655,Blow-Out (La grande bouffe),1973
3855,"Affair of Love, An (Liaison pornographique, Une)",1999
3869,The Naked Gun 2 1/2: The Smell of Fear,1991
3900,Crime and Punishment in Suburbia,2000
3930,The Creature from the Black Lagoon,1954
3951,Two Family House,2000
3972,The Legend of Drunken Master (Jui kuen II),1994
3990,Rugrats in Paris: The Movie,2000
4031,All the Pretty Horses,2000
4032,"Everlasting Piece, An",2000
4033,Thirteen Days,2000
4034,Traffic,2000
4035,The Claim,2000
4036,Shadow of the Vampire,2000
4037,House of Games,1987
4039,Annie,1982
4040,Don't Tell Mom the Babysitter's Dead,1991
4041,"Officer and a Gentleman, An",1982
4042,The Alamo,1960
4043,At Close Range,1986
4046,Friendly Persuasion,1956
4047,Gettysburg,1993
4051,Horrors of Spider Island (Ein Toter Hing im Netz),1960
4052,Antitrust,2001
4053,Double Take,2001
4054,Save the Last Dance,2001
4055,Panic,2000
4056,The Pledge,2001
4061,The Man in the Moon,1991
4062,Mystic Pizza,1988
4063,Prelude to a Kiss,1992
4064,Coffy,1973
4065,Foxy Brown,1974
4066,I'm Gonna Git You Sucka,1988
4067,Untamed Heart,1993
4068,Sugar & Spice,2001
4069,The Wedding Planner,2001
4074,"The Legend of Rita (Stille nach dem Schuß, Die)",1999
4077,"With a Friend Like Harry... (Harry, un ami qui vous veut du bien)",2000
4078,Amazing Grace and Chuck,1987
4079,Amazon Women on the Moon,1987
4080,Baby Boom,1987
4081,Back to the Beach,1987
4082,Barfly,1987
4083,Best Seller,1987
4084,Beverly Hills Cop II,1987
4085,Beverly Hills Cop,1984
4086,The Big Easy,1987
4089,Born in East L.A.,1987
4090,The Brave Little Toaster,1987
4091,Can't Buy Me Love,1987
4092,Cherry 2000,1987
4093,Cop,1988
4102,Eddie Murphy Raw,1987
4103,Empire of the Sun,1987
4104,Ernest Goes to Camp,1987
4105,The Evil Dead,1981
4109,Flowers in the Attic,1987
4110,The Fourth Protocol,1987
4111,Gardens of Stone,1987
4113,The Glass Menagerie,1987
4115,Hiding Out,1987
4116,Hollywood Shuffle,1987
4117,Hope and Glory,1987
4121,Innerspace,1987
4123,Ishtar,1987
4124,Jaws: The Revenge,1987
4125,Leonard Part 6,1987
4126,Less Than Zero,1987
4127,"Like Father, Like Son",1987
4128,The Lost Boys,1987
4129,Made in Heaven,1987
4130,Maid to Order,1987
4131,Making Mr. Right,1987
4132,Mannequin,1987
4133,Masters of the Universe,1987
4135,The Monster Squad,1987
4138,My Demon Lover,1987
4139,No Man's Land,1987
4141,Head Over Heels,2001
4142,Left Behind: The Movie,2000
4143,Valentine,2001
4144,In the Mood For Love (Fa yeung nin wa),2000
4146,The Million Dollar Hotel,2001
4147,Nico and Dani (Krámpack),2000
4148,Hannibal,2001
4149,Saving Silverman (Evil Woman),2001
4152,Vatel,2000
4153,Down to Earth,2001
4154,Recess: School's Out,2001
4155,Sweet November,2001
4156,Company Man,2000
4157,The Price of Milk,2000
4158,Monkeybone,2001
4159,3000 Miles to Graceland,2001
4160,"The Widow of St. Pierre (Veuve de Saint-Pierre, La)",2000
4161,The Mexican,2001
4164,The Caveman's Valentine,2001
4166,Series 7: The Contenders,2001
4167,15 Minutes,2001
4168,Get Over It,2001
4171,Long Night's Journey Into Day,2000
4174,Avalon,1990
4175,Gray's Anatomy,1996
4180,Reform School Girls,1986
4181,Tapeheads,1988
4184,The Bishop's Wife,1947
4187,Lilies of the Field,1963
4189,The Greatest Story Ever Told,1965
4190,Elmer Gantry,1960
4191,Alfie,1966
4193,The Fantasticks,1995
4194,I Know Where I'm Going!,1945
4195,The Abominable Dr. Phibes,1971
4197,Real Life,1979
4198,Battle Beyond the Stars,1980
4200,Double Impact,1991
4202,Fuzz,1972
4203,Harley Davidson and the Marlboro Man,1991
4204,Losin' It,1983
4205,Mermaids,1990
4207,Navy Seals,1990
4210,Manhunter,1986
4211,Reversal of Fortune,1990
4212,Death on the Nile,1978
4214,Revenge of the Nerds,1984
4215,Revenge of the Nerds II: Nerds in Paradise,1987
4217,4 Little Girls,1997
4218,River's Edge,1986
4219,Girls Just Want to Have Fun,1985
4220,The Longest Yard,1974
4221,Necessary Roughness,1991
4223,Enemy at the Gates,2001
4224,Exit Wounds,2001
4225,The Dish,2001
4226,Memento,2000
4228,Heartbreakers,2001
4229,Say It Isn't So,2001
4231,Someone Like You,2001
4232,Spy Kids,2001
4233,Tomcats,2001
4234,The Tailor of Panama,2001
4235,Amores Perros (Love's a Bitch),2000
4236,Keep the River on Your Right: A Modern Cannibal Tale,2000
4237,The Gleaners & I (Les glaneurs et la glaneuse),2000
4238,Along Came a Spider,2001
4239,Blow,2001
4240,Just Visiting,2001
4241,Pokémon 3: The Movie,2001
4242,Beautiful Creatures,2000
4243,Brigham City,2001
4246,Bridget Jones's Diary,2001
4247,Joe Dirt,2001
4248,Josie and the Pussycats,2001
4251,Chopper,2000
4252,The Circle (Dayereh),2000
4254,Crocodile Dundee in Los Angeles,2001
4255,Freddy Got Fingered,2001
4256,The Center of the World,2001
4259,The Luzhin Defence,2000
4260,The Visit,2000
4262,Scarface,1983
4263,Days of Wine and Roses,1962
4265,Driven,2001
4267,One Night at McCool's,2001
4268,Town & Country,2001
4270,The Mummy Returns,2001
4273,Under the Sand,2000
4275,Krull,1983
4276,Lost in America,1985
4278,Triumph of the Will (Triumph des Willens),1934
4280,The World According to Garp,1982
4282,Fellini Satyricon,1969
4284,Frankie and Johnny,1966
4285,Frankie and Johnny,1991
4289,"The City of Women (Città delle donne, La)",1980
4290,For the Boys,1991
4291,Nine to Five (a.k.a. 9 to 5),1980
4292,Norma Rae,1979
4293,Summer Rental,1985
4294,"The 5,000 Fingers of Dr. T",1953
4296,Love Story,1970
4297,Pelle the Conqueror (Pelle erobreren),1987
4298,Rififi (Du rififi chez les hommes),1955
4299,"Knight's Tale, A",2001
4300,Bread and Roses,2000
4304,Startup.com,2001
4305,Angel Eyes,2001
4306,Shrek,2001
4307,"Fast Food, Fast Women",2000
4308,Moulin Rouge,2001
4310,Pearl Harbor,2001
4312,Himalaya (Himalaya - l'enfance d'un chef),1999
4313,The Man Who Cried,2000
4316,Ice Castles,1978
4317,Love Potion #9,1992
4321,City Slickers,1991
4322,Eight Men Out,1988
4323,The Horse Soldiers,1959
4325,"The Night (Notte, La)",1960
4326,Mississippi Burning,1988
4327,The Magnificent Seven,1960
4329,Rio Bravo,1959
4333,Throw Momma from the Train,1987
4334,Yi Yi,2000
4337,The Sand Pebbles,1966
4338,Twelve O'Clock High,1949
4339,Von Ryan's Express,1965
4340,The Animal,2001
4342,Big Eden,2000
4343,Evolution,2001
4344,Swordfish,2001
4345,The Anniversary Party,2001
4347,Divided We Fall (Musíme si pomáhat),2000
4349,Catch-22,1970
4350,Forgotten Silver,1996
4351,Point Break,1991
4353,Uncommon Valor,1983
4354,Unlawful Entry,1992
4355,Youngblood,1986
4356,Gentlemen Prefer Blondes,1953
4357,How to Marry a Millionaire,1953
4359,The Seven Year Itch,1955
4361,Tootsie,1982
4366,Atlantis: The Lost Empire,2001
4367,Lara Croft: Tomb Raider,2001
4368,Dr. Dolittle 2,2001
4369,The Fast and the Furious,2001
4370,A.I. Artificial Intelligence,2001
4371,Baby Boy,2001
4372,Crazy/Beautiful,2001
4373,Pootie Tang,2001
4374,Let It Snow,1999
4378,Sexy Beast,2000
4380,"The Princess and the Warrior (Krieger und die Kaiserin, Der)",2000
4381,"The Closet (Placard, Le)",2001
4383,"The Crimson Rivers (Rivières pourpres, Les)",2000
4384,Lumumba,2000
4386,Cats & Dogs,2001
4387,Kiss of the Dragon,2001
4388,Scary Movie 2,2001
4389,Lost and Delirious,2001
4390,Rape Me (Baise-moi),2000
4392,Alice,1990
4393,Another Woman,1988
4394,Beach Blanket Bingo,1965
4395,Big Deal on Madonna Street (I Soliti Ignoti),1958
4396,The Cannonball Run,1981
4397,Cannonball Run II,1984
4399,"Diary of a Chambermaid (Journal d'une femme de chambre, Le)",1964
4402,Dr. Goldfoot and the Bikini Machine,1965
4403,The Fall of the House of Usher (House of Usher),1960
4404,Faust,1926
4406,The Man Who Shot Liberty Valance,1962
4407,Salvador,1986
4408,September,1987
4409,Shadows and Fog,1991
4410,Something Wild,1986
4412,The Thing with Two Heads,1972
4419,All That Heaven Allows,1955
4420,The Barefoot Contessa,1954
4422,Cries and Whispers (Viskningar och rop),1972
4424,"The Garden of the Finzi-Continis (Giardino dei Finzi-Contini, Il)",1970
4426,Kiss Me Deadly,1955
4427,The Lion in Winter,1968
4428,The Misfits,1961
4429,Moby Dick,1956
4432,Sweet Smell of Success,1957
4433,Written on the Wind,1956
4434,The 10th Victim (La decima vittima),1965
4436,Obsession,1976
4437,Suspiria,1977
4438,The Fist of Fury (Chinese Connection) (Jing wu men),1972
4439,Christiane F. (a.k.a. We Children from Bahnhof Zoo) (Christiane F. - Wir Kinder vom Bahnhof Zoo),1981
4440,The Big Boss (Fists of Fury) (Tang shan da xiong),1971
4441,Game of Death,1978
4442,The Last Dragon,1985
4443,Outland,1981
4444,The Way of the Dragon (a.k.a. Return of the Dragon) (Meng long guo jiang),1972
4445,T-Rex: Back to the Cretaceous,1998
4446,Final Fantasy: The Spirits Within,2001
4447,Legally Blonde,2001
4448,The Score,2001
4449,Adanggaman,2000
4450,Bully,2001
4451,Jump Tomorrow,2001
4452,Made,2001
4453,Michael Jordan to the Max,2000
4454,More,1998
4458,Africa: The Serengeti,1994
4459,Alaska: Spirit of the Wild,1997
4462,18 Again!,1988
4463,1969,1988
4464,The Accidental Tourist,1988
4465,The Accused,1988
4466,Above the Law,1988
4467,The Adventures of Baron Munchausen,1988
4470,Ariel,1988
4471,Arthur 2: On the Rocks,1988
4473,Bat*21,1988
4474,Beaches,1988
4475,The Beast of War (Beast),1988
4476,Big Business,1988
4477,Big Top Pee-Wee,1988
4478,Biloxi Blues,1988
4482,"Bright Lights, Big City",1988
4483,Caddyshack II,1988
4484,Camille Claudel,1988
4487,Cocktail,1988
4488,Colors,1988
4489,Coming to America,1988
4490,The Couch Trip,1988
4492,Critters,1986
4495,Crossing Delancey,1988
4496,D.O.A.,1988
4497,Dead Heat,1988
4498,The Dead Pool,1988
4499,Dirty Rotten Scoundrels,1988
4500,Drowning by Numbers,1988
4502,Ernest Saves Christmas,1988
4504,Feds,1988
4505,For Keeps,1988
4506,Frantic,1988
4508,Gorillas in the Mist,1988
4509,The Great Outdoors,1988
4511,High Spirits,1988
4516,Johnny Be Good,1988
4517,Lady in White (a.k.a. The Mystery of the Lady in White),1988
4518,The Lair of the White Worm,1988
4519,The Land Before Time,1988
4520,License to Drive,1988
4521,Little Nikita,1988
4522,Masquerade,1988
4523,Milagro Beanfield War,1988
4524,Moon Over Parador,1988
4526,My Stepmother Is an Alien,1988
4527,"Night in the Life of Jimmy Reardon, A",1988
4529,Bagdad Cafe (Out of Rosenheim),1987
4531,Red Heat,1988
4533,The Return of the Living Dead,1985
4534,Return to Snowy River (a.k.a. The Man From Snowy River II),1988
4535,The Man from Snowy River,1982
4537,Running on Empty,1988
4541,The Serpent and the Rainbow,1988
4544,Short Circuit 2,1988
4545,Short Circuit,1986
4546,The Vanishing (Spoorloos),1988
4552,"Tetsuo, the Ironman (Tetsuo)",1988
4553,They Live,1988
4557,Tucker: The Man and His Dream,1988
4558,Twins,1988
4562,Without a Clue,1988
4563,Young Einstein,1988
4564,Always,1989
4565,American Ninja,1985
4568,Best of the Best,1989
4571,Bill & Ted's Excellent Adventure,1989
4572,Black Rain,1989
4573,Blaze,1989
4574,Blind Fury,1989
4577,Casualties of War,1989
4578,Chances Are,1989
4580,Cyborg,1989
4581,Dad,1989
4583,Disorganized Crime,1989
4584,Dream a Little Dream,1989
4585,The Dream Team,1989
4587,Earth Girls Are Easy,1988
4589,Eddie and the Cruisers,1983
4591,Erik the Viking,1989
4593,Family Business,1989
4594,Farewell to the King,1989
4595,Fat Man and Little Boy,1989
4597,Gleaming the Cube,1989
4599,Great Balls of Fire!,1989
4600,Gross Anatomy (a.k.a. A Cut Above),1989
4602,Harlem Nights,1989
4603,Her Alibi,1989
4605,How to Get Ahead in Advertising,1989
4608,"Innocent Man, An",1989
4610,The January Man,1989
4611,Johnny Handsome,1989
4612,Jesus of Montreal (Jésus de Montréal),1989
4613,K-9,1989
4614,Kickboxer,1989
4615,Last Exit to Brooklyn,1989
4616,Lean on Me,1989
4617,Let It Ride,1989
4619,Little Monsters,1989
4621,Look Who's Talking,1989
4622,Loverboy,1989
4623,Major League,1989
4624,Meet the Feebles,1989
4625,Millennium,1989
4626,Miracle Mile,1989
4628,New York Stories,1989
4629,Next of Kin,1989
4630,No Holds Barred,1989
4632,The Package,1989
4634,Penn & Teller Get Killed,1989
4635,Pink Cadillac,1989
4636,The Punisher,1989
4638,Jurassic Park III,2001
4639,America's Sweethearts,2001
4640,Brother,2000
4641,Ghost World,2001
4642,Hedwig and the Angry Inch,2000
4644,Bread and Tulips (Pane e tulipani),2000
4645,Cure,1997
4646,Greenfingers,2000
4649,Wet Hot American Summer,2001
4653,The Return of the Musketeers,1989
4654,Road House,1989
4658,Santa Sangre,1989
4660,Scenes from the Class Struggle in Beverly Hills,1989
4661,Sea of Love,1989
4662,"See No Evil, Hear No Evil",1989
4663,She's Out of Control,1989
4666,Skin Deep,1989
4670,The Stepfather,1987
4671,Sweetie,1989
4672,The Tall Guy,1989
4673,Tango & Cash,1989
4675,Three Fugitives,1989
4676,Troop Beverly Hills,1989
4677,Turner & Hooch,1989
4678,UHF,1989
4679,Uncle Buck,1989
4681,The War of the Roses,1989
4683,The Wizard,1989
4686,Weekend at Bernie's II,1993
4687,Billy Liar,1963
4688,Black Robe,1991
4689,"The Cat o' Nine Tails (Gatto a nove code, Il)",1971
4690,The Cotton Club,1984
4695,Who'll Stop the Rain,1978
4697,Basket Case,1982
4699,Original Sin,2001
4700,The Princess Diaries,2001
4701,Rush Hour 2,2001
4704,Hatari!,1962
4705,"Cage aux Folles, La",1978
4708,Marat/Sade,1966
4709,Paint Your Wagon,1969
4710,The Shootist,1976
4711,Theremin: An Electronic Odyssey,1993
4713,Altered States,1980
4714,Any Which Way You Can,1980
4715,The Awakening,1980
4717,The Battle Creek Brawl (Big Brawl),1980
4718,American Pie 2,2001
4719,Osmosis Jones,2001
4720,The Others,2001
4721,American Outlaws,2001
4722,All Over the Guy,2001
4723,The Deep End,2001
4725,Session 9,2001
4727,Captain Corelli's Mandolin,2001
4728,Rat Race,2001
4732,Bubble Boy,2001
4733,The Curse of the Jade Scorpion,2001
4734,Jay and Silent Bob Strike Back,2001
4735,Ghosts of Mars,2001
4736,Summer Catch,2001
4738,Happy Accidents,2000
4740,Maybe Baby,2000
4741,Together (Tillsammans),2000
4743,Tortilla Soup,2001
4744,Jeepers Creepers,2001
4745,O,2001
4748,3 Ninjas,1992
4749,3 Ninjas Kick Back,1994
4750,3 Ninjas Knuckle Up,1995
4754,The Wicker Man,1973
4756,The Musketeer,2001
4757,Rock Star,2001
4759,Two Can Play That Game,2001
4765,L.I.E.,2001
4766,"Our Lady of the Assassins (Virgen de los sicarios, La)",2000
4769,Into the Arms of Strangers: Stories of the Kindertransport,2000
4770,The Glass House,2001
4771,Hardball,2001
4772,Dinner Rush,2000
4773,Haiku Tunnel,2001
4774,Big Trouble,2002
4775,Glitter,2001
4776,Training Day,2001
4777,The American Astronaut,2001
4780,Liam,2000
4782,Sidewalks of New York,2001
4783,The Endurance: Shackleton's Legendary Antarctic Expedition,2000
4784,The French Lieutenant's Woman,1981
4785,"The Great Silence (Grande silenzio, Il)",1969
4786,The Legend of Hell House,1973
4787,Little Man Tate,1991
4788,Moscow Does Not Believe in Tears (Moskva slezam ne verit),1979
4789,Phantom of the Paradise,1974
4792,13 Ghosts,1960
4794,Opera,1987
4795,Father Goose,1964
4796,The Grass Is Greener,1960
4798,Indiscreet,1958
4799,"It's a Mad, Mad, Mad, Mad World",1963
4800,King Solomon's Mines,1937
4801,The Little Foxes,1941
4802,Operation Petticoat,1959
4803,Play Misty for Me,1971
4804,Pocketful of Miracles,1961
4808,The Vanishing,1993
4809,Silkwood,1983
4810,I Never Promised You a Rose Garden,1977
4811,Quadrophenia,1979
4812,SpaceCamp,1986
4813,When Worlds Collide,1951
4814,Don't Say a Word,2001
4815,Hearts in Atlantis,2001
4816,Zoolander,2001
4818,Extreme Days,2001
4821,Joy Ride,2001
4822,Max Keeble's Big Move,2001
4823,Serendipity,2001
4825,"The Swamp (Ciénaga, La)",2001
4826,The Big Red One,1980
4827,The Boogeyman,1980
4828,"The Party (Boum, La)",1980
4830,Brubaker,1980
4831,Can't Stop the Music,1980
4833,The Changeling,1980
4835,Coal Miner's Daughter,1980
4836,The Competition,1980
4840,"The Last Metro (Dernier métro, Le)",1980
4844,Bandits,2001
4845,Corky Romano,2001
4846,Iron Monkey (Siu nin Wong Fei-hung ji: Tit Ma Lau),1993
4847,Fat Girl (À ma soeur!),2001
4848,Mulholland Drive,2001
4849,My First Mister,2001
4850,Spriggan (Supurigan),1998
4852,Bones,2001
4855,Dirty Harry,1971
4857,Fiddler on the Roof,1971
4860,Making the Grade,1984
4862,Not Without My Daughter,1991
4863,Female Trouble,1975
4864,Titanica,1992
4865,From Hell,2001
4866,The Last Castle,2001
4867,Riding in Cars with Boys,2001
4871,Focus,2001
4873,Waking Life,2001
4874,K-PAX,2001
4876,Thirteen Ghosts (a.k.a. Thir13en Ghosts),2001
4877,Better Than Sex,2000
4878,Donnie Darko,2001
4879,High Heels and Low Lifes,2001
4880,Life as a House,2001
4881,The Man Who Wasn't There,2001
4883,"The Town is Quiet (Ville est tranquille, La)",2000
4885,Domestic Disturbance,2001
4886,"Monsters, Inc.",2001
4887,The One,2001
4888,Tape,2001
4889,Heist,2001
4890,Shallow Hal,2001
4893,When a Stranger Calls,1979
4896,Harry Potter and the Sorcerer's Stone (a.k.a. Harry Potter and the Philosopher's Stone),2001
4898,Novocaine,2001
4899,Black Knight,2001
4900,Out Cold,2001
4901,Spy Game,2001
4902,"The Devil's Backbone (Espinazo del diablo, El)",2001
4903,In the Bedroom,2001
4909,The Incredible Shrinking Woman,1981
4911,Jabberwocky,1977
4912,Funny Girl,1968
4915,The Beastmaster,1982
4916,Midway,1976
4917,MacArthur,1977
4919,Subway,1985
4920,"Now, Voyager",1942
4921,Little Women,1933
4925,The Cheap Detective,1978
4926,Everybody's Famous! (Iedereen beroemd!),2000
4927,The Last Wave,1977
4928,That Obscure Object of Desire (Cet obscur objet du désir),1977
4929,The Toy,1982
4932,Dressed to Kill,1980
4936,Fame,1980
4939,The Final Countdown,1980
4941,Flash Gordon,1980
4942,The Angry Red Planet,1959
4945,The Enforcer,1976
4946,"Eye for an Eye, An",1981
4947,The Gauntlet,1977
4952,Morons From Outer Space,1985
4953,The People That Time Forgot,1977
4954,Ocean's Eleven (a.k.a. Ocean's 11),1960
4956,The Stunt Man,1980
4957,Sudden Impact,1983
4958,Behind Enemy Lines,2001
4959,The Affair of the Necklace,2001
4961,Pornstar: The Legend of Ron Jeremy,2001
4962,Texas Rangers,2001
4963,Ocean's Eleven,2001
4964,Baran,2001
4965,The Business of Strangers,2001
4966,The Incredible Shrinking Man,1957
4967,No Man's Land,2001
4969,And Then There Were None,1945
4970,"The Blue Angel (Blaue Engel, Der)",1930
4971,Moscow on the Hudson,1984
4973,"Amelie (Fabuleux destin d'Amélie Poulain, Le)",2001
4974,Not Another Teen Movie,2001
4975,Vanilla Sky,2001
4976,Iris,2001
4977,Kandahar (Safar e Ghandehar),2001
4978,Lantana,2001
4979,The Royal Tenenbaums,2001
4980,Bill & Ted's Bogus Journey,1991
4981,Clockwise,1986
4985,Sheena,1984
4987,Spacehunter: Adventures in the Forbidden Zone,1983
4988,White Water Summer,1987
4989,How High,2001
4990,Jimmy Neutron: Boy Genius,2001
4991,Joe Somebody,2001
4992,Kate & Leopold,2001
4993,The Lord of the Rings: The Fellowship of the Ring,2001
4994,The Majestic,2001
4995,"Beautiful Mind, A",2001
4998,The Defiant Ones,1958
5004,The Party,1968
5007,Topkapi,1964
5008,Witness for the Prosecution,1957
5009,Ali,2001
5010,Black Hawk Down,2001
5011,Charlotte Gray,2001
5012,Yentl,1983
5013,Gosford Park,2001
5014,I Am Sam,2001
5015,Monster's Ball,2001
5016,The Shipping News,2001
5021,Murder by Death,1976
5023,The Waterdance,1992
5025,Orange County,2002
5026,"Brotherhood of the Wolf (Pacte des loups, Le)",2001
5027,Another 48 Hrs.,1990
5028,What Time Is It There? (Ni neibian jidian),2001
5033,The Russia House,1990
5034,"Truly, Madly, Deeply",1991
5039,Dragonslayer,1981
5040,Conan the Destroyer,1984
5041,Fire and Ice,1983
5046,Impostor,2002
5047,Kung Pow: Enter the Fist,2002
5048,Snow Dogs,2002
5049,48 Hrs.,1982
5051,Italian for Beginners (Italiensk for begyndere),2000
5053,Blankman,1994
5054,Brainstorm,1983
5055,Dragon: The Bruce Lee Story,1993
5059,Little Dieter Needs to Fly,1997
5060,M*A*S*H (a.k.a. MASH),1970
5062,Seconds,1966
5063,One-Eyed Jacks,1961
5064,The Count of Monte Cristo,2002
5065,The Mothman Prophecies,2002
5066,"Walk to Remember, A",2002
5068,Beijing Bicycle (Shiqi sui de dan che),2001
5069,Escaflowne: The Movie (Escaflowne),2000
5071,Maelström,2000
5073,"The Son's Room (Stanza del figlio, La)",2001
5074,Storytelling,2001
5075,Waydowntown,2000
5076,The Adventures of Huck Finn,1993
5077,Cousins,1989
5080,Slackers,2002
5081,Birthday Girl,2001
5083,Rare Birds,2001
5088,"Going Places (Valseuses, Les)",1974
5092,Big Fat Liar,2002
5093,Collateral Damage,2002
5094,Rollerball,2002
5095,"Scotland, Pa.",2001
5096,Baby's Day Out,1994
5099,Heidi,1937
5102,Rookie of the Year,1993
5103,The Sandlot,1993
5105,Don't Look Now,1973
5106,Crossroads,2002
5107,Hart's War,2002
5108,John Q,2002
5109,Return to Never Land,2002
5110,Super Troopers,2001
5111,The Good Son,1993
5112,Last Orders,2001
5113,After the Fox (Caccia alla volpe),1966
5114,The Bad and the Beautiful,1952
5116,Designing Woman,1957
5120,Sleuth,1972
5121,Stroszek,1977
5127,Dragonfly,2002
5128,Queen of the Damned,2002
5131,How to Kill Your Neighbor's Dog,2000
5134,Mean Machine,2001
5135,Monsoon Wedding,2001
5136,Wendigo,2001
5137,Scratch,2001
5139,The Bad News Bears,1976
5146,Vampire Hunter D: Bloodlust (Banpaia hantâ D),2000
5147,Wild Strawberries (Smultronstället),1957
5151,40 Days and 40 Nights,2002
5152,We Were Soldiers,2002
5155,The Big Bird Cage,1972
5156,The Big Doll House,1971
5159,Ferngully: The Last Rainforest,1992
5165,Zombie (a.k.a. Zombie 2: The Dead Are Among Us) (Zombi 2),1979
5168,Royal Wedding,1951
5170,All About the Benjamins,2002
5177,The Magnificent Ambersons,1942
5178,Fun,1994
5181,Hangar 18,1980
5187,Hopscotch,1980
5189,Humanoids from the Deep,1980
5197,Little Darlings,1980
5198,The Long Good Friday,1980
5202,Mon oncle d'Amérique,1980
5205,Motel Hell,1980
5209,Ffolkes,1979
5212,The Octagon,1980
5213,"Oh, God! Book II",1980
5214,"Oh, God!",1977
5218,Ice Age,2002
5219,Resident Evil,2002
5220,Showtime,2002
5221,Harrison's Flowers,2000
5222,Kissing Jessica Stein,2001
5224,Promises,2001
5225,And Your Mother Too (Y tu mamá también),2001
5226,All the Right Moves,1983
5231,Road to Morocco,1942
5237,Taps,1981
5238,Return of the Secaucus 7,1980
5239,Rude Boy,1980
5241,Seems Like Old Times,1980
5244,Shogun Assassin,1980
5246,Smokey and the Bandit II,1980
5247,Smokey and the Bandit,1977
5248,Smokey and the Bandit III,1983
5250,Stir Crazy,1980
5254,Blade II,2002
5255,Sorority Boys,2002
5256,Stolen Summer,2002
5258,George Washington,2000
5264,Clockstoppers,2002
5265,Death to Smoochy,2002
5266,Panic Room,2002
5267,The Rookie,2002
5268,No Such Thing,2001
5269,The Piano Teacher (La pianiste),2001
5272,Time Out (L'emploi du temps),2001
5275,Boxcar Bertha,1972
5278,Fraternity Vacation,1985
5279,Impromptu,1991
5282,High Crimes,2002
5283,National Lampoon's Van Wilder,2002
5284,Crush,2001
5285,Lucky Break,2001
5288,The Atomic Cafe,1982
5291,Rashomon (Rashômon),1950
5292,Slap Shot,1977
5293,Changing Lanes,2002
5294,Frailty,2001
5296,The Sweetest Thing,2002
5297,The Cat's Meow,2002
5298,Human Nature,2001
5299,My Big Fat Greek Wedding,2002
5300,3:10 to Yuma,1957
5303,Joe Versus the Volcano,1990
5304,"Rome, Open City (a.k.a. Open City) (Roma, città aperta)",1945
5307,Taking Care of Business,1990
5308,Three Men and a Baby,1987
5309,Three Men and a Little Lady,1990
5311,The Watcher in the Woods,1980
5312,Murder by Numbers,2002
5313,The Scorpion King,2002
5316,Enigma,2001
5319,Nine Queens (Nueve reinas),2000
5321,The Triumph of Love,2001
5322,World Traveler,2001
5323,Jason X,2002
5324,Life or Something Like It,2002
5325,Dogtown and Z-Boyz,2001
5328,Rain,2001
5329,The Salton Sea,2002
5333,Bob le Flambeur,1955
5334,Cadillac Man,1990
5337,Delirious,1991
5338,Full Moon in Blue Water,1988
5339,Husbands and Wives,1992
5341,Lenny,1974
5345,Triumph of the Spirit,1989
5346,Wild Orchid,1990
5347,Deuces Wild,2002
5348,Hollywood Ending,2002
5349,Spider-Man,2002
5353,Butterflies Are Free,1972
5356,The Giant Spider Invasion,1975
5357,Iron Will,1994
5358,Mountains of the Moon,1990
5361,White Fang,1991
5363,The New Guy,2002
5364,Unfaithful,2002
5365,"The Lady and the Duke (Anglaise et le duc, L')",2001
5372,Calamity Jane,1953
5373,The Cranes Are Flying (Letyat zhuravli),1957
5375,The Harvey Girls,1946
5377,About a Boy,2002
5378,Star Wars: Episode II - Attack of the Clones,2002
5379,The Believer,2001
5380,The Importance of Being Earnest,2002
5382,Every Which Way But Loose,1978
5384,I Want to Live!,1958
5385,The Last Waltz,1978
5387,Enough,2002
5389,Spirit: Stallion of the Cimarron,2002
5390,CQ,2001
5391,Thirteen Conversations About One Thing (a.k.a. 13 Conversations),2001
5397,Monkey Business,1952
5398,Requiem for a Heavyweight,1962
5400,The Sum of All Fears,2002
5401,Undercover Brother,2002
5404,84 Charing Cross Road,1987
5409,Rapid Fire,1992
5410,Silent Running,1972
5414,Bad Company,2002
5415,Divine Secrets of the Ya-Ya Sisterhood,2002
5416,Cherish,2002
5417,The Fast Runner (Atanarjuat),2001
5418,The Bourne Identity,2002
5419,Scooby-Doo,2002
5420,Windtalkers,2002
5421,The Dangerous Lives of Altar Boys,2002
5422,The Emperor's New Clothes,2001
5423,Gangster No. 1,2000
5424,Harvard Man,2001
5425,Dark Blue World (Tmavomodrý svet),2001
5427,Caveman,1981
5428,Cheech & Chong's The Corsican Brothers,1984
5433,Silver Bullet (Stephen King's Silver Bullet),1985
5434,"Sorry, Wrong Number",1948
5435,Hombre,1967
5437,The Manhattan Project,1986
5438,Men at Work,1990
5440,She Wore a Yellow Ribbon,1949
5442,V. I. Warshawski,1991
5443,Juwanna Mann,2002
5444,Lilo & Stitch,2002
5445,Minority Report,2002
5446,Rabbit-Proof Fence,2002
5447,Sunshine State,2002
5448,Hey Arnold! The Movie,2002
5449,Mr. Deeds,2002
5450,Lovely & Amazing,2001
5451,Pumpkin,2002
5452,Look Who's Talking Now,1993
5454,Mo' Money,1992
5455,The Object of Beauty,1991
5456,Wagons East,1994
5458,Like Mike,2002
5459,Men in Black II (a.k.a. MIIB) (a.k.a. MIB 2),2002
5460,The Powerpuff Girls,2002
5461,Me Without You,2001
5462,The Crocodile Hunter: Collision Course,2002
5463,Reign of Fire,2002
5464,Road to Perdition,2002
5465,All About Lily Chou-Chou (Riri Shushu no subete),2001
5466,My Wife is an Actress (Ma Femme est une Actrice),2001
5468,20 Million Miles to Earth,1957
5470,The Importance of Being Earnest,1952
5471,Perfect,1985
5472,1776,1972
5475,Z,1969
5476,Halloween: Resurrection (Halloween 8),2002
5477,Sex and Lucia (Lucía y el sexo),2001
5478,Eight Legged Freaks,2002
5479,K-19: The Widowmaker,2002
5480,Stuart Little 2,2002
5481,Austin Powers in Goldmember,2002
5483,The Kid Stays in the Picture,2002
5485,Tadpole,2002
5486,Who Is Cletis Tout?,2001
5489,Nosferatu the Vampyre (Nosferatu: Phantom der Nacht),1979
5490,The Big Bus,1976
5493,In Like Flint,1967
5497,Our Man Flint,1965
5498,Red Beard (Akahige),1965
5499,Robin and Marian,1976
5500,Top Secret!,1984
5501,The Master of Disguise,2002
5502,Signs,2002
5503,"The Last Kiss (Ultimo bacio, L')",2001
5504,Spy Kids 2: The Island of Lost Dreams,2002
5505,The Good Girl,2002
5506,Blood Work,2002
5507,xXx,2002
5508,24 Hour Party People,2002
5512,Secret Ballot (Raye makhfi),2001
5513,Martin Lawrence Live: Runteldat,2002
5515,Songs From the Second Floor (Sånger från andra våningen),2000
5521,The Principal,1987
5522,Rollerball,1975
5523,The Adventures of Pluto Nash,2002
5524,Blue Crush,2002
5525,Mostly Martha (Bella Martha),2001
5527,Possession,2002
5528,One Hour Photo,2002
5529,Serving Sara,2002
5530,Simone (S1m0ne),2002
5531,Undisputed,2002
5532,Amy's O (a.k.a. Amy's Orgasm),2001
5537,Satin Rouge,2002
5538,The Care Bears Movie,1985
5539,Care Bears Movie II: A New Generation,1986
5540,Clash of the Titans,1981
5541,Hot Shots!,1991
5543,The Swarm,1978
5544,Time After Time,1979
5548,Down and Out in Beverly Hills,1986
5550,Love Me Tender,1956
5553,Stakeout,1987
5556,FearDotCom (a.k.a. Fear.com) (a.k.a. Fear Dot Com),2002
5560,À nous la liberté (Freedom for Us),1931
5562,Snipes,2001
5563,City by the Sea,2002
5564,Swimfan,2002
5568,Johnny Dangerously,1984
5569,The Last House on the Left,1972
5570,Thesis (Tesis),1996
5572,Barbershop,2002
5573,Stealing Harvard,2002
5574,The Transporter,2002
5575,Alias Betty (Betty Fisher et autres histoires),2001
5577,Igby Goes Down,2002
5580,Aspen Extreme,1993
5581,Betsy's Wedding,1990
5582,Captain Ron,1992
5584,Ernest Goes to Jail,1990
5585,Ernest Scared Stupid,1991
5588,The Hills Have Eyes,1977
5590,The Mack,1973
5591,Monkey Trouble,1994
5596,Spaced Invaders,1990
5597,Suburban Commando,1991
5601,The Yearling,1946
5602,The Ladykillers,1955
5603,The Lavender Hill Mob,1951
5604,The Man in the White Suit,1951
5607,"Son of the Bride (Hijo de la novia, El)",2001
5608,The Das Experiment (Experiment),2001
5609,Ballistic: Ecks vs. Sever,2002
5610,The Banger Sisters,2002
5611,The Four Feathers,2002
5612,Trapped,2002
5613,8 Women,2002
5614,"The His Secret Life (a.k.a. Ignorant Fairies) (Fate ignoranti, Le)",2001
5615,Invincible,2001
5617,Secretary,2002
5618,Spirited Away (Sen to Chihiro no kamikakushi),2001
5619,The Trials of Henry Kissinger,2002
5620,Sweet Home Alabama,2002
5621,The Tuxedo,2002
5625,Moonlight Mile,2002
5628,Wasabi,2001
5629,Jonah: A VeggieTales Movie,2002
5630,Red Dragon,2002
5632,Bloody Sunday,2002
5633,Heaven,2002
5635,The Man from Elysian Fields,2001
5636,Welcome to Collinwood,2002
5637,Flirting,1991
5638,Godzilla vs. Mothra (Mosura tai Gojira),1964
5640,"Godzilla, King of the Monsters! (Kaijû-ô Gojira)",1956
5643,Powaqqatsi,1988
5672,Pokemon 4 Ever (a.k.a. Pokémon 4: The Movie),2002
5720,"Friend Is a Treasure, A (Chi Trova Un Amico, Trova un Tesoro) (Who Finds a Friend Finds a Treasure)",1981
5736,Faces of Death 3,1985
5772,My Dinner with André,1981
5849,I'm Starting From Three (Ricomincio da Tre),1981
5912,Hit the Bank (Vabank),1981
5949,Intact (Intacto),2001
6025,CB4 - The Movie,1993
6042,Blind Spot: Hitler's Secretary (Im toten Winkel - Hitlers Sekretärin),2002
6123,Sunless (Sans Soleil),1983
6140,Tenebre,1982
6163,He Loves Me... He Loves Me Not (À la folie... pas du tout),2002
6270,Akira Kurosawa's Dreams (Dreams),1990
6306,I Am Trying to Break Your Heart,2002
6380,Capturing the Friedmans,2003
6408,Animals are Beautiful People,1974
6425,The 6th Man (Sixth Man),1997
6433,The Man with the Movie Camera (Chelovek s kino-apparatom),1929
6493,Alex and Emma,2003
6563,Masked & Anonymous,2003
6566,Spy Kids 3-D: Game Over,2003
6588,And Now... Ladies and Gentlemen...,2002
6596,"Divorce, Le",2003
6604,Hawks and Sparrows (Uccellacci e Uccellini),1966
6671,"Angel at My Table, An",1990
6688,Autumn Spring (Babí léto),2001
6706,Taking Sides,2001
6911,The Jolson Story,1946
6918,The Unvanquished (Aparajito),1957
6920,"The Cercle Rouge, Le (Red Circle)",1970
6945,My Architect: A Son's Journey,2003
6969,"The Dernier Combat, Le (Last Battle)",1983
7033,The Secret of My Succe$s (a.k.a. The Secret of My Success),1987
7156,The Fog of War: Eleven Lessons from the Life of Robert S. McNamara,2003
7209,"M. Hulot’s Holiday (Mr. Hulot's Holiday) (Vacances de Monsieur Hulot, Les)",1953
7234,"Strada, La",1954
7243,Intolerance: Love's Struggle Throughout the Ages,1916
7264,An Amazing Couple,2002
7282,"Hip Hop Witch, Da",2000
7297,Kitchen Stories (Salmer fra kjøkkenet),2003
7333,"The Corbeau, Le (Raven)",1943
7587,"The Samouraï, Le (Godson)",1967
7727,Protocol,1984
7728,The Postman Always Rings Twice,1946
7730,Matinee,1993
7742,Baxter,1989
7743,Explorers,1985
7745,The Scent of Green Papaya (Mùi du du xhan - L'odeur de la papaye verte),1993
7748,Pierrot le fou,1965
7749,Weekend (a.k.a. Le Week-end) (Week End),1967
7753,Tuesdays with Morrie,1999
7756,Alexander Nevsky (Aleksandr Nevskiy),1938
7757,Jason and the Argonauts,1963
7762,"Tinker, Tailor, Soldier, Spy",1979
7766,Throne of Blood (Kumonosu jô),1957
7767,The Best of Youth (La meglio gioventù),2003
7772,Undercurrent,1946
7773,"Bang, Bang, You're Dead",2002
7781,Twister,1990
7782,Sniper,1993
7786,Genghis Blues,1999
7789,"11'09""01 - September 11",2002
7792,The Parallax View,1974
7802,The Warriors,1979
7810,Babylon 5: A Call to Arms,1999
7811,Babylon 5: The River of Souls,1998
7812,Babylon 5: Thirdspace,1998
7815,True Stories,1986
7820,The Virgin Spring (Jungfrukällan),1960
7822,Mogambo,1953
7826,The Secret Life of Walter Mitty,1947
7831,Another Thin Man,1939
7832,The Thin Man Goes Home,1945
7833,Shadow of the Thin Man,1941
7834,After the Thin Man,1936
7835,Song of the Thin Man,1947
7839,Love Crazy,1941
7840,Gunga Din,1939
7841,Children of Dune,2003
7842,Dune,2000
7843,Lammbock,2001
7844,The Legend (Legend of Fong Sai-Yuk) (Fong Sai Yuk),1993
7845,Tremors II: Aftershocks,1996
7846,Tremors 3: Back to Perfection,2001
7879,Notorious C.H.O.,2002
7882,The Plague of the Zombies,1966
7883,I Walked with a Zombie,1943
7884,Highway 61,1991
7888,How to Succeed in Business Without Really Trying,1967
7889,Pat Garrett and Billy the Kid,1973
7891,"The Last Man on Earth (Ultimo uomo della Terra, L')",1964
7894,"Duck, You Sucker",1971
7895,Bring Me the Head of Alfredo Garcia,1974
7896,Ride the High Country,1962
7899,Master of the Flying Guillotine (Du bi quan wang da po xue di zi),1975
7900,Frankenstein Must Be Destroyed,1969
7916,Gidget,1959
7920,Desperate Living,1977
7924,Stray Dog (Nora inu),1949
7925,The Hidden Fortress (Kakushi-toride no san-akunin),1958
7926,High and Low (Tengoku to jigoku),1963
7930,The People Under the Stairs,1991
7932,Dark Days,2000
7934,Zelig,1983
7936,Shame (Skammen),1968
7937,The Silence (Tystnaden),1963
7938,Winter Light (Nattvardsgästerna),1963
7939,Through a Glass Darkly (Såsom i en spegel),1961
7940,The Magician,1958
7943,The Killers,1946
7944,The Night of the Iguana,1964
7951,Nightbreed,1990
7976,Ken Park,2002
7979,Monterey Pop,1968
7980,"Bridge Too Far, A",1977
7981,Infernal Affairs (Mou gaan dou),2002
7982,"Tale of Two Sisters, A (Janghwa, Hongryeon)",2003
7983,Broadway Danny Rose,1984
7984,From Beyond,1986
7986,Robot Jox,1990
7987,Dolls,1987
7988,Space Truckers,1996
7991,Death Race 2000,1975
7993,"Bucket Of Blood, A",1959
8008,Brigadoon,1954
8010,The Power of One,1992
8011,The Weather Underground,2002
8012,Kikujiro (Kikujirô no natsu),1999
8014,"Spring, Summer, Fall, Winter... and Spring (Bom yeoreum gaeul gyeoul geurigo bom)",2003
8015,The Phantom Tollbooth,1970
8016,The Getaway,1972
8019,Dark Water (Honogurai mizu no soko kara),2002
8024,The Thing Called Love,1993
8025,The Thief,1997
8033,How to Steal a Million,1966
8035,"The Stendhal Syndrome (Sindrome di Stendhal, La)",1996
8042,Mean Streets,1973
8043,Jack the Bear,1993
8044,I Am a Fugitive from a Chain Gang,1932
8045,Hamburger Hill,1987
8057,Sweet Bird of Youth,1962
8092,Frankenstein Unbound,1990
8093,Shiri (Swiri),1999
8094,Bad Day at Black Rock,1955
8117,In China They Eat Dogs (I Kina spiser de hunde),1999
8118,Delta Force 2 (Delta Force 2: The Colombian Connection),1990
8119,Crossroads,1986
8121,"Seducing Doctor Lewis (Grande séduction, La)",2003
8125,Sunrise: A Song of Two Humans,1927
8126,Shock Corridor,1963
8128,Au revoir les enfants,1987
8131,Pursuit of Happiness,2001
8132,Gladiator,1992
8136,Indestructible Man,1956
8137,The Wasp Woman,1959
8138,Attack of the Giant Leeches,1959
8142,Dead or Alive: Hanzaisha,1999
8143,Lola Montès,1955
8147,Charly,1968
8153,Lust for Life,1956
8154,"Dolce Vita, La",1960
8157,Jin Roh: The Wolf Brigade (Jin-Rô),1998
8158,Rush,1991
8167,Captain Blood,1935
8169,*batteries not included,1987
8183,Educating Rita,1983
8188,Sansho the Bailiff (Sanshô dayû),1954
8189,Zazie dans le métro,1960
8190,The Americanization of Emily,1964
8191,Anne of the Thousand Days,1969
8195,"The Avventura, L' (Adventure)",1960
8196,Beyond the Valley of the Dolls,1970
8197,Hiroshima Mon Amour,1959
8199,Ugetsu (Ugetsu monogatari),1953
8207,The Day of the Jackal,1973
8225,Night of the Living Dead,1990
8228,The Maltese Falcon (a.k.a. Dangerous Female),1931
8232,I Love You Again,1940
8235,Safety Last!,1923
8236,While the City Sleeps,1956
8238,Little Murders,1971
8239,Viridiana,1961
8241,Masterminds,1997
8253,Lupin III: The Castle Of Cagliostro (Rupan sansei: Kariosutoro no shiro),1979
8254,Arizona Dream,1993
8261,3 Women (Three Women),1977
8264,Grey Gardens,1975
8266,Purple Rain,1984
8268,Point of No Return,1993
8270,The Hairdresser's Husband (Le mari de la coiffeuse),1990
8275,College,1927
8290,Mitchell,1975
8293,Used People,1992
8302,The Front Page,1931
8327,Dolls,2002
8331,The Man Who Came to Dinner,1942
8335,Make Way for Tomorrow,1937
8336,The Major and the Minor,1942
8337,The Caine Mutiny,1954
8338,Black Narcissus,1947
8340,Escape from Alcatraz,1979
8341,Oliver Twist,1948
8360,Shrek 2,2004
8361,The Day After Tomorrow,2004
8362,Raising Helen,2004
8363,Soul Plane,2004
8364,Baadasssss! (How to Get the Man's Foot Outta Your Ass),2003
8366,Saved!,2004
8368,Harry Potter and the Prisoner of Azkaban,2004
8369,Mindhunters,2004
8370,The Blind Swordsman: Zatoichi (Zatôichi),2003
8371,The Chronicles of Riddick,2004
8372,Garfield: The Movie,2004
8373,The Stepford Wives,2004
8375,The Hunting of the President,2004
8376,Napoleon Dynamite,2004
8378,The Doctor,1991
8379,The Dresser,1983
8380,Father Hood,1993
8382,Hello Again,1987
8383,Hope Springs,2003
8385,Lover Come Back,1961
8387,Police Academy: Mission to Moscow,1994
8391,Big Wednesday,1978
8402,Book of Love,1990
8405,Hour of the Wolf (Vargtimmen),1968
8410,Suddenly,1954
8424,The Divorcee,1930
8425,Meet the Applegates,1991
8426,Robot Carnival (Roboto kânibauru),1987
8427,Americathon,1979
8446,Sands of Iwo Jima,1949
8447,This Island Earth,1955
8450,Anthony Adverse,1936
8451,Blackboard Jungle,1955
8454,Luna Papa,1999
8456,Investigation of a Citizen Above Suspicion (Indagine su un cittadino al di sopra di ogni sospetto),1970
8458,To Each His Own,1946
8459,The Heiress,1949
8461,Dragon Seed,1944
8462,Executive Suite,1954
8463,Johnny Belinda,1948
8464,Super Size Me,2004
8465,Johnny Eager,1942
8477,"Jetée, La",1962
8481,Northwest Passage,1940
8482,The Picture of Dorian Gray,1945
8484,The Human Condition I (Ningen no joken I),1959
8487,Please Don't Eat the Daisies,1960
8491,White Heat,1949
8492,"Christmas Carol, A (Scrooge)",1951
8493,Memphis Belle,1990
8494,The Cincinnati Kid,1965
8495,Animal Factory,2000
8500,Godzilla vs. Mechagodzilla (Gojira tai Mekagojira),1974
8501,The Hitcher,1986
8502,Show Boat,1951
8506,Fear X,2003
8507,Freaks,1932
8511,The Immigrant,1917
8512,Silent Movie,1976
8518,Anna Christie,1930
8521,Dr. Jekyll and Mr. Hyde,1931
8526,Around the World in 80 Days,2004
8528,Dodgeball: A True Underdog Story,2004
8529,The Terminal,2004
8530,Dear Frankie,2004
8531,White Chicks,2004
8532,The Door in the Floor,2004
8533,The Notebook,2004
8534,Two Brothers (Deux frères),2004
8535,De-Lovely,2004
8542,"Day at the Races, A",1937
8571,Bob & Carol & Ted & Alice,1969
8574,"Claymation Christmas Celebration, A",1987
8575,"Happenstance (Battement d'ailes du papillon, Le)",2001
8577,Comandante,2003
8578,Undead,2003
8580,Into the Woods,1991
8581,Pirates of Silicon Valley,1999
8582,Manufacturing Consent: Noam Chomsky and the Media,1992
8587,Mayor of the Sunset Strip,2003
8588,Killing Me Softly,2002
8591,The Philadelphia Experiment,1984
8593,Juice,1992
8596,Revenge of the Pink Panther,1978
8600,Angels with Dirty Faces,1938
8601,Zero de conduite (Zero for Conduct) (Zéro de conduite: Jeunes diables au collège),1933
8604,Taxi,1998
8605,Taxi 3,2003
8607,Tokyo Godfathers,2003
8609,Our Hospitality,1923
8610,All of Me,1984
8611,The Farmer's Daughter,1947
8614,Overboard,1987
8617,Butterfield 8,1960
8620,"The Exterminating Angel (Ángel exterminador, El)",1962
8622,Fahrenheit 9/11,2004
8623,Roxanne,1987
8626,Dr. Terror's House of Horrors,1965
8632,Secret Society,2002
8633,The Last Starfighter,1984
8636,Spider-Man 2,2004
8638,Before Sunset,2004
8640,King Arthur,2004
8641,Anchorman: The Legend of Ron Burgundy,2004
8643,"Cinderella Story, A",2004
8644,"I, Robot",2004
8645,"Maria Full of Grace (Maria, Llena eres de gracia)",2004
8650,Long Day's Journey Into Night,1962
8656,"Short Film About Killing, A (Krótki film o zabijaniu)",1988
8665,The Bourne Supremacy,2004
8666,Catwoman,2004
8667,A Home at the End of the World,2004
8670,The Testament of Dr. Mabuse (Das Testament des Dr. Mabuse),1933
8677,Flash Gordon Conquers the Universe,1940
8684,"Man Escaped, A (Un  condamné à mort s'est échappé ou Le vent souffle où il veut)",1956
8685,The Miracle of Marcelino (Marcelino pan y vino),1955
8690,Slaughterhouse-Five,1972
8695,The Bachelor and the Bobby-Soxer,1947
8711,Mr. Blandings Builds His Dream House,1948
8712,My Favorite Wife,1940
8713,The New Adventures of Pippi Longstocking,1988
8714,Night and Day,1946
8718,The Snake Pit,1948
8720,The Super,1991
8724,"The Leopard (Gattopardo, Il)",1963
8727,The Day of the Locust,1975
8730,To End All Wars,2001
8738,"Woman Is a Woman, A (femme est une femme, Une)",1961
8743,Biggles,1986
8748,"Yesterday, Today and Tomorrow (Ieri, oggi, domani)",1963
8753,Unprecedented: The 2000 Presidential Election,2002
8754,The Prime of Miss Jean Brodie,1969
8755,My Voyage to Italy (Il mio viaggio in Italia),1999
8765,This Gun for Hire,1942
8771,Sherlock Holmes: Terror by Night,1946
8772,The Spy Who Came in from the Cold,1965
8773,Sherlock Holmes and the Secret Weapon,1942
8774,Sherlock Holmes: The Woman in Green,1945
8778,Sherlock Holmes: Dressed to Kill,1946
8781,The Manchurian Candidate,2004
8782,Thunderbirds,2004
8783,The Village,2004
8784,Garden State,2004
8795,Musa the Warrior (Musa),2001
8796,"Funny Thing Happened on the Way to the Forum, A",1966
8798,Collateral,2004
8799,Little Black Book,2004
8800,Code 46,2003
8804,"Story of Women (Affaire de femmes, Une)",1988
8807,Harold and Kumar Go to White Castle,2004
8808,The Princess Diaries 2: Royal Engagement,2004
8809,Danny Deckchair,2003
8810,AVP: Alien vs. Predator,2004
8813,We Don't Live Here Anymore,2004
8814,Without a Paddle,2004
8815,Exorcist: The Beginning,2004
8827,"Bill Cosby, Himself",1983
8830,Anacondas: The Hunt for the Blood Orchid,2004
8831,Suspect Zero,2004
8832,Warriors of Heaven and Earth (Tian di ying xiong),2003
8833,Vanity Fair,2004
8835,Paparazzi,2004
8836,Wicker Park,2004
8838,Alice Doesn't Live Here Anymore,1974
8840,Who's That Knocking at My Door?,1967
8844,Camera Buff (Amator),1979
8848,"Vitelloni, I (a.k.a. The Young and the Passionate)",1953
8860,Cellular,2004
8861,Resident Evil: Apocalypse,2004
8864,Mr. 3000,2004
8865,Sky Captain and the World of Tomorrow,2004
8866,Wimbledon,2004
8869,First Daughter,2004
8870,The Forgotten,2004
8873,The Motorcycle Diaries (Diarios de motocicleta),2004
8874,Shaun of the Dead,2004
8875,"Come Back, Little Sheba",1952
8879,Murder on the Orient Express,1974
8880,Mask,1985
8894,Orca: The Killer Whale,1977
8905,1492: Conquest of Paradise,1992
8906,Cannibal Holocaust,1980
8907,Shark Tale,2004
8908,Ladder 49,2004
8910,I Heart Huckabees,2004
8911,Raise Your Voice,2004
8912,Taxi,2004
8914,Primer,2004
8915,Stage Beauty,2004
8916,Shall We Dance?,2004
8917,Team America: World Police,2004
8918,Eulogy,2004
8919,P.S.,2004
8920,The Country Girl,1954
8921,The Rose Tattoo,1955
8928,The Fearless Vampire Killers,1967
8933,"The Decline of the American Empire (Déclin de l'empire américain, Le)",1986
8934,Bebe's Kids,1992
8937,Friday Night Lights,2004
8938,Tarnation,2003
8939,The Final Cut,2004
8943,Being Julia,2004
8946,Surviving Christmas,2004
8947,The Grudge,2004
8948,Alfie,2004
8949,Sideways,2004
8950,The Machinist,2004
8951,Vera Drake,2004
8952,Falling Angels,2003
8954,Lightning in a Bottle,2004
8955,Undertow,2004
8957,Saw,2004
8958,Ray,2004
8959,Birth,2004
8961,The Incredibles,2004
8964,Callas Forever,2002
8965,The Polar Express,2004
8966,Kinsey,2004
8967,Seed of Chucky (Child's Play 5),2004
8968,After the Sunset,2004
8969,Bridget Jones: The Edge of Reason,2004
8970,Finding Neverland,2004
8972,National Treasure,2004
8973,Bad Education (La mala educación),2004
8974,The SpongeBob SquarePants Movie,2004
8977,Alexander,2004
8978,Christmas with the Kranks,2004
8979,Guerrilla: The Taking of Patty Hearst,2004
8981,Closer,2004
8982,I Am David,2003
8983,House of Flying Daggers (Shi mian mai fu),2004
8984,Ocean's Twelve,2004
8985,Blade: Trinity,2004
8987,Bush's Brain,2004
8989,Damn Yankees!,1958
8998,That's Entertainment,1974
9004,D.A.R.Y.L.,1985
9005,Fire in the Sky,1993
9008,The Invisible Man Returns,1940
9010,Love Me If You Dare (Jeux d'enfants),2003
9018,Control Room,2004
25746,The Hunchback of Notre Dame,1923
25750,Sherlock Jr.,1924
25752,The Freshman,1925
25753,Greed,1924
25757,The Jazz Singer,1927
25769,"Steamboat Bill, Jr.",1928
25771,"Andalusian Dog, An (Chien andalou, Un)",1929
25773,Little Caesar,1931
25782,Boudu Saved From Drowning (Boudu sauvé des eaux),1932
25788,Scarface,1932
25805,"Atalante, L'",1934
26078,Advise and Consent,1962
26236,The White Sun of the Desert (Beloe solntse pustyni),1970
26258,"Topo, El",1970
26444,The Hitch Hikers Guide to the Galaxy,1981
26472,"Norte, El",1984
26587,The Decalogue (Dekalog),1989
26729,Hearts of Darkness: A Filmmakers Apocalypse,1991
26741,Mannequin 2: On the Move,1991
26797,Visions of Light: The Art of Cinematography,1992
26854,The Darkman II: Return of Durant,1995
26999,The Lion King II: Simba's Pride,1998
27134,Dark Portals: The Chronicles of Vidocq  (Vidocq),2001
27140,Candyman 3: Day of the Dead,1999
27369,Daria: Is It Fall Yet?,2000
27480,Dead or Alive 2: Tôbôsha,2000
27482,Cube 2: Hypercube,2002
27619,The Lion King 1½,2004
27704,Battle Royale 2: Requiem (Batoru rowaiaru II: Chinkonka),2003
27706,Lemony Snicket's A Series of Unfortunate Events,2004
27746,Ginger Snaps: Unleashed,2004
27802,Infernal Affairs 2 (Mou gaan dou II),2003
27820,"The Story of the Weeping Camel (Geschichte vom weinenden Kamel, Die)",2003
27899,What the #$*! Do We Know!? (a.k.a. What the Bleep Do We Know!?),2004
31086,Battles Without Honor & Humanity (Jingi naki tatakai),1973
31545,"The Trou, Le (Hole) (Night Watch)",1960
31590,Hands Off the Loot (Touchez pas au grisbi),1954
32009,Tyler Perry's Diary of a Mad Black Woman,2005
32243,Stealing Rembrandt (Rembrandt),2003
32296,Miss Congeniality 2: Armed and Fabulous,2005
32392,800 Bullets (800 Balas),2002
32666,National Lampoon's Lady Killers (National Lampoon's Gold Diggers),2003
32743,Ringu 0: Bâsudei,2000
32799,Maidens in Uniform (Mädchen in Uniform),1931
33132,State Property 2,2005
33966,Cop and ½,1993
34450,Miracles - Mr. Canton and Lady Rose,1989
34811,Pusher II: With Blood on My Hands,2004
36289,Asterix & Obelix vs. Caesar (Astérix et Obélix contre César),1999
36708,Family Guy Presents Stewie Griffin: The Untold Story,2005
37386,Aeon Flux,2005
37475,"Unfinished Life, An",2005
38038,Wallace & Gromit in The Curse of the Were-Rabbit,2005
38304,No Direction Home: Bob Dylan,2005
39307,Dreamer: Inspired by a True Story,2005
40597,One-Way Ticket to Mombasa (Menolippu Mombasaan),2002
42718,District 13 (Banlieue 13),2004
43289,The Bird People in China (Chûgoku no chôjin),1998
43460,Tristram Shandy: A Cock and Bull Story,2005
44022,Ice Age 2: The Meltdown,2006
44931,Secrets of a Soul (Geheimnisse einer Seele),1926
45361,"American Haunting, An",2005
45950,"Inconvenient Truth, An",2006
47446,"Moustache, La",2005
48385,Borat: Cultural Learnings of America for Make Benefit Glorious Nation of Kazakhstan,2006
48638,Fellini's Casanova (Il Casanova di Federico Fellini),1976
48649,Chapayev,1934
50147,Black Christmas,2006
50912,"Paris, I Love You (Paris, je t'aime)",2006
50942,"Wake Up, Ron Burgundy",2004
51082,Tyler Perry's Daddy's Little Girls,2007
51357,Citizen X,1995
51412,Next,2007
51471,Amazing Grace,2006
51498,2001 Maniacs,2005
51540,Zodiac,2007
51545,Pusher III: I'm the Angel of Death,2005
51562,Babylon 5: The Gathering,1993
51573,Meshes of the Afternoon,1943
51575,Wild Hogs,2007
51662,300,2007
51666,The Abandoned,2006
51694,Starter for 10,2006
51698,The Last Mimzy,2007
51705,Priceless (Hors de prix),2006
51709,The Host (Gwoemul),2006
51834,Becoming Jane,2007
51884,The Namesake,2006
51903,I Think I Love My Wife,2007
51925,Premonition,2007
51927,Dead Silence,2007
51931,Reign Over Me,2007
51933,Pride,2007
51935,Shooter,2007
51937,The Hills Have Eyes II,2007
51939,TMNT (Teenage Mutant Ninja Turtles),2007
52042,Black Book (Zwartboek),2006
52241,The Lookout,2007
52245,Blades of Glory,2007
52279,Are We Done Yet?,2007
52281,Grindhouse,2007
52283,The Reaping,2007
52287,Meet the Robinsons,2007
52299,American Hardcore,2006
52319,Inglorious Bastards (Quel maledetto treno blindato),1978
52328,Sunshine,2007
52375,The Hoax,2007
52435,How the Grinch Stole Christmas!,1966
52458,Disturbia,2007
52462,Aqua Teen Hunger Force Colon Movie Film for Theaters,2007
52579,"Vie en Rose, La (Môme, La)",2007
52604,Fracture,2007
52644,Vacancy,2007
52668,In the Land of Women,2007
52694,Mr. Bean's Holiday,2007
52712,The Invisible,2007
52715,Kickin It Old Skool,2007
52722,Spider-Man 3,2007
52724,Lucky You,2007
52730,It's a Very Merry Muppet Christmas Movie,2002
52767,21 Up,1977
52784,Sharkwater,2006
52831,Maniac Cop,1988
52867,The Ex,2007
52885,Paprika (Papurika),2006
52950,Day Watch (Dnevnoy dozor),2006
52952,This Is England,2006
52967,Away from Her,2006
52973,Knocked Up,2007
52975,Hairspray,2007
53000,28 Weeks Later,2007
53022,Wheels on Meals (Kuai can che),1984
53024,Jonestown: The Life and Death of Peoples Temple,2006
53121,Shrek the Third,2007
53123,Once,2006
53125,Pirates of the Caribbean: At World's End,2007
53127,Bug,2007
53129,Mr. Brooks,2007
53138,The Librarian: Return to King Solomon's Mines,2006
53140,The Librarian: Quest for the Spear,2004
53143,Fay Grim,2006
53161,"I'm a Cyborg, But That's OK (Saibogujiman kwenchana)",2006
53280,The Breed,2006
53318,Cashback,2006
53322,Ocean's Thirteen,2007
53326,Them (Ils),2006
53355,Sun Alley (Sonnenallee),1999
53435,Hostel: Part II,2007
53447,Paranoid Park,2007
53450,The Legend of Sleepy Hollow,1980
53453,Starcrash (a.k.a. Star Crash),1978
53460,Surf's Up,2007
53464,Fantastic Four: Rise of the Silver Surfer,2007
53466,Nancy Drew,2007
53468,Fido,2006
53519,Death Proof,2007
53550,Rescue Dawn,2006
53574,The TV Set,2006
53578,The Valet (La doublure),2006
53808,Bring It On: All or Nothing,2006
53883,The Power of Nightmares: The Rise of the Politics of Fear,2004
53894,Sicko,2007
53921,"Mighty Heart, A",2007
53953,1408,2007
53956,Death at a Funeral,2007
53972,Live Free or Die Hard,2007
53974,License to Wed,2007
53993,Evan Almighty,2007
53996,Transformers,2007
54001,Harry Potter and the Order of the Phoenix,2007
54004,I Now Pronounce You Chuck and Larry,2007
54116,First Snow,2006
54121,Broken Arrow,1950
54185,Manufactured Landscapes,2006
54190,Across the Universe,2007
54256,Hot Rod,2007
54259,Stardust,2007
54272,The Simpsons Movie,2007
54274,I Know Who Killed Me,2007
54276,No Reservations,2007
54281,Charlie Bartlett,2007
54286,The Bourne Ultimatum,2007
54354,China Blue,2005
54372,Tell No One (Ne le dis à personne),2006
54503,Superbad,2007
54617,The Brice Man (Brice de Nice),2005
54648,Rush Hour 3,2007
54686,The Last Legion,2007
54732,Balls of Fury,2007
54734,Sydney White,2007
54736,The Kingdom,2007
54745,Rocket Science,2007
54768,Daddy Day Camp,2007
54771,The Invasion,2007
54780,The Nanny Diaries,2007
54785,Halloween,2007
54787,Death Sentence,2007
54796,2 Days in Paris,2007
54881,The King of Kong,2007
54908,Taxi 4,2007
54910,Behind the Mask: The Rise of Leslie Vernon,2006
54934,The Brothers Solomon,2007
54962,The Nines,2007
54995,Planet Terror,2007
54997,3:10 to Yuma,2007
54999,Shoot 'Em Up,2007
55020,The Ten,2007
55036,Gotti,1996
55052,Atonement,2007
55061,Electroma,2006
55067,Requiem,2006
55069,"4 Months, 3 Weeks and 2 Days (4 luni, 3 saptamâni si 2 zile)",2007
55071,No End in Sight,2007
55080,The Brave One,2007
55094,In the Valley of Elah,2007
55110,December Boys,2007
55112,Shanghai Kiss,2007
55116,The Hunting Party,2007
55118,Eastern Promises,2007
55156,"Unreasonable Man, An",2006
55167,Tekkonkinkreet (Tekkon kinkurîto),2006
55190,Love and Other Disasters,2006
55205,Interview,2007
55207,Cashback,2004
55232,Resident Evil: Extinction,2007
55241,Mr. Woodcock,2007
55245,Good Luck Chuck,2007
55247,Into the Wild,2007
55250,The Game Plan,2007
55253,"Lust, Caution (Se, jie)",2007
55259,The Seeker: The Dark Is Rising,2007
55261,The Heartbreak Kid,2007
55267,Dan in Real Life,2007
55269,The Darjeeling Limited,2007
55272,We Own the Night,2007
55274,Elizabeth: The Golden Age,2007
55276,Michael Clayton,2007
55278,Sleuth,2007
55280,Lars and the Real Girl,2007
55282,30 Days of Night,2007
55290,Gone Baby Gone,2007
55292,The Comebacks,2007
55294,Weirdsville,2007
55363,The Assassination of Jesse James by the Coward Robert Ford,2007
55391,10th & Wolf,2006
55442,Persepolis,2007
55451,The Jane Austen Book Club,2007
55492,The Last Winter,2006
55553,Black Sheep,2006
55555,The Edge of Heaven (Auf der anderen Seite),2007
55577,Saw IV,2007
55620,For the Bible Tells Me So,2007
55687,My Kid Could Paint That,2007
55721,Elite Squad (Tropa de Elite),2007
55729,King of California,2007
55765,American Gangster,2007
55768,Bee Movie,2007
55805,Before the Devil Knows You're Dead,2007
55814,"The Diving Bell and the Butterfly (Scaphandre et le papillon, Le)",2007
55820,No Country for Old Men,2007
55830,Be Kind Rewind,2008
55844,Itty Bitty Titty Committee,2007
55854,The Fugitive,1947
55872,August Rush,2007
55908,The Man from Earth,2007
55946,Lions For Lambs,2007
56003,Southland Tales,2006
56012,"Evening with Kevin Smith 2: Evening Harder, An",2006
56022,Harrison Bergeron,1995
56060,I Served the King of England (Obsluhoval jsem anglického krále),2006
56145,The Mist,2007
56152,Enchanted,2007
56156,Hitman,2007
56169,Awake,2007
56171,The Golden Compass,2007
56174,I Am Legend,2007
56176,Alvin and the Chipmunks,2007
56251,Futurama: Bender's Big Score,2007
56274,Margot at the Wedding,2007
56286,I'm Not There,2007
56333,The Savages,2007
56336,Wrong Turn 2: Dead End,2007
56339,"The Orphanage (Orfanato, El)",2007
56367,Juno,2007
56379,"Maxed Out: Hard Times, Easy Credit and the Era of Predatory Lenders",2006
56389,My Blueberry Nights,2007
56563,Helvetica,2007
56587,The Bucket List,2007
56607,The Kite Runner,2007
56620,The Deaths of Ian Stone,2007
56715,Wristcutters: A Love Story,2006
56757,Sweeney Todd: The Demon Barber of Fleet Street,2007
56775,National Treasure: Book of Secrets,2007
56782,There Will Be Blood,2007
56788,Charlie Wilson's War,2007
56801,AVPR: Aliens vs. Predator - Requiem,2007
56805,Walk Hard: The Dewey Cox Story,2007
56837,As You Like It,2006
56869,Drained (O cheiro do Ralo),2006
56908,Dedication,2007
56915,The Water Horse: Legend of the Deep,2007
56921,Battlestar Galactica: Razor,2007
56941,P.S. I Love You,2007
56949,27 Dresses,2008
57147,Cassandra's Dream,2007
57183,Like Stars on Earth (Taare Zameen Par),2007
57243,The Band's Visit (Bikur Ha-Tizmoret),2007
57274,[REC],2007
57326,In the Name of the King: A Dungeon Siege Tale,2008
57368,Cloverfield,2008
57421,Hatchet,2006
57499,Heaven and Earth (Ten to Chi to),1990
57502,Cat Soup (Nekojiru-so),2001
57504,The Girl Who Leapt Through Time (Toki o kakeru shôjo),2006
57522,First Sunday,2008
57526,Untraceable,2008
57528,Rambo (Rambo 4),2008
57532,Meet the Spartans,2008
57536,Strange Wilderness,2008
57637,The Signal,2007
57640,Hellboy II: The Golden Army,2008
57669,In Bruges,2008
57772,World on a Wire (Welt am Draht),1973
57843,Rise of the Footsoldier,2007
57910,Teeth,2007
57951,Fool's Gold,2008
58025,Jumper,2008
58047,"Definitely, Maybe",2008
58078,The Air I Breathe,2007
58103,Vantage Point,2008
58105,The Spiderwick Chronicles,2008
58107,Step Up 2 the Streets,2008
58154,The Other Boleyn Girl,2008
58156,Semi-Pro,2008
58162,Run Fatboy Run,2007
58191,Taxi to the Dark Side,2007
58287,Descent,2007
58291,College Road Trip,2008
58293,"10,000 BC",2008
58295,The Bank Job,2008
58297,Doomsday,2008
58299,Horton Hears a Who!,2008
58301,Funny Games U.S.,2007
58303,The Counterfeiters (Die Fälscher),2007
58306,Mongol,2007
58309,War Dance,2007
58315,The Love Guru,2008
58332,Diary of the Dead,2007
58347,Penelope,2006
58351,City of Men (Cidade dos Homens),2007
58376,Zeitgeist: The Movie,2007
58404,Justice League: The New Frontier,2008
58425,Heima,2007
58492,Snow Angels,2007
58554,The Class (Klass),2007
58559,The Dark Knight,2008
58627,Never Back Down,2008
58655,Drillbit Taylor,2008
58783,Youth Without Youth,2007
58803,21,2008
58806,Smart People,2008
58826,The Shepherd: Border Patrol,2008
58839,Leatherheads,2008
58842,Assembly (Ji jie hao),2007
58870,Zebraman,2004
58876,Stop-Loss,2008
58879,Shine a Light,2008
58964,Inside (À l'intérieur),2007
58972,Nim's Island,2008
58975,The Ruins,2008
58998,Forgetting Sarah Marshall,2008
59014,Superhero Movie,2008
59016,Street Kings,2008
59018,The Visitor,2007
59022,Harold & Kumar Escape from Guantanamo Bay,2008
59026,99 francs,2007
59037,Speed Racer,2008
59103,The Forbidden Kingdom,2008
59118,Happy-Go-Lucky,2008
59126,Religulous,2008
59129,Outpost,2008
59131,Are You Scared?,2006
59141,Son of Rambow,2007
59143,Super High Me,2007
59220,Outsourced,2006
59258,Baby Mama,2008
59295,Expelled: No Intelligence Allowed,2008
59306,Prom Night,2008
59315,Iron Man,2008
59333,Made of Honor,2008
59336,Redbelt,2008
59369,Taken,2008
59387,The Fall,2006
59421,What Happens in Vegas...,2008
59429,American Pie Presents Beta House (American Pie 6: Beta House),2007
59440,Bella,2006
59501,The Chronicles of Narnia: Prince Caspian,2008
59549,Shelter,2007
59615,Indiana Jones and the Kingdom of the Crystal Skull,2008
59667,Nina's Heavenly Delights,2006
59725,Sex and the City,2008
59727,The Strangers,2008
59731,"Bigger, Stronger, Faster*",2008
59738,All the Boys Love Mandy Lane,2006
59784,Kung Fu Panda,2008
59810,Recount,2008
59814,Ex Drummer,2007
59900,You Don't Mess with the Zohan,2008
59915,Stuck,2007
59947,The Protector,1985
59985,Chaos Theory,2007
59995,Boy A,2007
60030,Spiral,2007
60037,The Happening,2008
60040,The Incredible Hulk,2008
60046,The Children of Huang Shi,2008
60069,WALL·E,2008
60072,Wanted,2008
60074,Hancock,2008
60126,Get Smart,2008
60128,Young People Fucking (a.k.a. YPF),2007
60141,St. Trinian's,2007
60161,Futurama: The Beast with a Billion Backs,2008
60289,Kit Kittredge: An American Girl,2008
60291,Gonzo: The Life and Work of Dr. Hunter S. Thompson,2008
60293,The Wackness,2008
60303,Strange Circus (Kimyô na sâkasu),2005
60333,Encounters at the End of the World,2008
60363,Zombie Strippers!,2008
60365,Frosty the Snowman,1969
60389,Battle for Haditha,2007
60397,Mamma Mia!,2008
60408,Welcome to the Sticks (Bienvenue chez les Ch'tis),2008
60471,Rogue,2007
60487,"It's the Great Pumpkin, Charlie Brown",1966
60514,Journey to the Center of the Earth,2008
60516,Meet Dave,2008
60522,The Machine Girl (Kataude mashin gâru),2008
60538,Shrooms,2007
60647,Transsiberian,2008
60674,Stargate: Continuum,2008
60684,Watchmen,2009
60735,Shotgun Stories,2007
60737,Watching the Detectives,2007
60753,Felon,2008
60756,Step Brothers,2008
60760,The X-Files: I Want to Believe,2008
60766,Man on Wire,2008
60803,The Little Drummer Boy,1968
60818,Hogfather (Terry Pratchett's Hogfather),2006
60832,Pathology,2008
60857,The Tracey Fragments,2007
60885,The Zone (La Zona),2007
60894,The Edge of Love,2008
60904,Heart of a Dog (Sobachye serdtse),1988
60937,The Mummy: Tomb of the Dragon Emperor,2008
60941,The Midnight Meat Train,2008
60943,Frozen River,2008
60950,Vicky Cristina Barcelona,2008
60979,Batman: Gotham Knight,2008
61011,The Walker,2007
61024,Pineapple Express,2008
61026,Red Cliff (Chi bi),2008
61071,The Sisterhood of the Traveling Pants 2,2008
61073,Hell Ride,2008
61123,High School Musical 2,2007
61132,Tropic Thunder,2008
61160,Star Wars: The Clone Wars,2008
61167,Henry Poole is Here,2008
61210,Mutant Chronicles,2008
61236,Waltz with Bashir (Vals im Bashir),2008
61240,Let the Right One In (Låt den rätte komma in),2008
61246,Hamlet 2,2008
61248,Death Race,2008
61250,The House Bunny,2008
61255,The Rocker,2008
61257,I.O.U.S.A. (a.k.a. IOUSA),2008
61262,Mirrors,2008
61289,Sukiyaki Western Django,2008
61319,Somers Town,2008
61323,Burn After Reading,2008
61348,Disaster Movie,2008
61350,Babylon A.D.,2008
61352,Traitor,2008
61394,The Onion Movie,2008
61401,The Spirit,2008
61406,John Adams,2008
61465,Bangkok Dangerous,2008
61628,Sunflower (Xiang ri kui),2005
61692,Altered,2006
61697,Righteous Kill,2008
61705,Lakeview Terrace,2008
61729,Ghost Town,2008
61818,The Crow: Wicked Prayer,2005
61986,Appaloosa,2008
62008,Dead Fury,2008
62081,Eagle Eye,2008
62113,How to Lose Friends & Alienate People,2008
62155,Nick and Norah's Infinite Playlist,2008
62208,The Sound of the Mountain (Thunder of the Mountain) (Yama no oto),1954
62250,Gomorrah (Gomorra),2008
62293,The Duchess,2008
62299,Alone in the Dark II,2008
62336,FLCL,2000
62344,Rachel Getting Married,2008
62374,Body of Lies,2008
62376,City of Ember,2008
62383,"20,000 Leagues Under the Sea",1916
62394,Max Payne,2008
62434,Zack and Miri Make a Porno,2008
62437,W.,2008
62439,My Best Friend's Girl,2008
62511,"Synecdoche, New York",2008
62553,The Secret Life of Bees,2008
62586,"American Carol, An",2008
62644,"The Wave (Welle, Die)",2008
62662,Tokyo-Ga,1985
62718,"Angus, Thongs and Perfect Snogging",2008
62792,Pride and Glory,2008
62799,The Express,2008
62834,Babylon 5: The Legend of the Rangers: To Live and Die in Starlight,2002
62836,Babylon 5: The Lost Tales - Voices in the Dark,2007
62849,RocknRolla,2008
62956,Futurama: Bender's Game,2008
62970,Tin Man,2007
62999,Madagascar: Escape 2 Africa,2008
63033,Blindness,2008
63062,Changeling,2008
63072,The Road,2009
63082,Slumdog Millionaire,2008
63113,Quantum of Solace,2008
63131,Role Models,2008
63179,Tokyo!,2008
63222,JCVD,2008
63239,Cinderella,1997
63276,Crows Zero (Kurôzu zero),2007
63312,Krabat,2008
63393,Camp Rock,2008
63433,Farscape: The Peacekeeper Wars,2004
63436,Saw V,2008
63479,Sex Drive,2008
63515,The Island,2006
63540,Beverly Hills Chihuahua,2008
63768,Tattooed Life (Irezumi ichidai),1965
63808,The Class (Entre les murs),2008
63826,Splinter,2008
63853,Australia,2008
63859,Bolt,2008
63876,Milk,2008
63992,Twilight,2008
64010,The Children,2008
64030,Transporter 3,2008
64032,Four Christmases,2008
64034,The Boy in the Striped Pajamas (Boy in the Striped Pyjamas),2008
64114,Fireproof,2008
64116,Igor,2008
64167,Dinotopia,2002
64197,Hunger,2008
64231,Punisher: War Zone,2008
64249,Shrek the Halls,2007
64278,The Pervert's Guide to Cinema,2006
64285,Wallace and Gromit in 'A Matter of Loaf and Death',2008
64497,The Day the Earth Stood Still,2008
64499,Che: Part One,2008
64501,Che: Part Two,2008
64575,Doubt,2008
64614,Gran Torino,2008
64620,Frost/Nixon,2008
64622,The Reader,2008
64695,Sword of the Stranger (Sutorejia: Mukô hadan),2007
64716,Seven Pounds,2008
64839,The Wrestler,2008
64957,The Curious Case of Benjamin Button,2008
64969,Yes Man,2008
64983,Valkyrie,2008
64993,5 Centimeters per Second (Byôsoku 5 senchimêtoru),2007
65037,Ben X,2007
65088,Bedtime Stories,2008
65126,Choke,2008
65130,Revolutionary Road,2008
65133,Blackadder Back & Forth,1999
65135,Blackadder's Christmas Carol,1988
65188,Dear Zachary: A Letter to a Son About His Father,2008
65193,Wild Child,2008
65216,Defiance,2008
65225,Zeitgeist: Addendum,2008
65230,Marley & Me,2008
65261,Ponyo (Gake no ue no Ponyo),2008
65350,The General Died at Dawn,1936
65359,Earthsea (Legend of Earthsea),2004
65514,Ip Man,2008
65577,The Tale of Despereaux,2008
65585,Bride Wars,2009
65588,The Gamers: Dorkness Rising,2008
65596,Mesrine: Killer Instinct (L'instinct de mort),2008
65601,My Bloody Valentine 3-D,2009
65631,Battle in Seattle,2007
65642,"Timecrimes (Cronocrímenes, Los)",2007
65651,Fire and Ice,2008
65682,Underworld: Rise of the Lycans,2009
65685,Inkheart,2008
65738,Revenge of the Nerds III: The Next Generation,1992
65740,Revenge of the Nerds IV: Nerds in Love,1994
65802,Paul Blart: Mall Cop,2009
65810,Notorious,2009
65882,The Uninvited,2009
65982,Outlander,2008
66090,Eden Lake,2008
66097,Coraline,2009
66171,Push,2009
66198,The International,2009
66203,He's Just Not That Into You,2009
66240,Dead Like Me: Life After Death,2009
66297,Futurama: Into the Wild Green Yonder,2009
66310,Frontière(s),2007
66320,The 11th Hour,2007
66335,Afro Samurai: Resurrection,2009
66371,Departures (Okuribito),2008
66427,My Name Is Bruce,2007
66509,Funny People,2009
66511,Berlin Calling,2008
66544,Nuremberg,2000
66665,Away We Go,2009
66744,"Divo, Il",2008
66783,Friday the 13th,2009
66785,"The Good, the Bad, the Weird (Joheunnom nabbeunnom isanghannom)",2008
66798,The Pink Panther 2,2009
66915,Rock-A-Doodle,1991
66934,Dr. Horrible's Sing-Along Blog,2008
66943,The Cottage,2008
67087,"I Love You, Man",2009
67168,Dance of the Dead,2008
67186,The Haunting in Connecticut,2009
67193,Duplicity,2009
67197,Knowing,2009
67255,The Girl with the Dragon Tattoo (Män som hatar kvinnor),2009
67267,Sunshine Cleaning,2008
67295,Kung Fu Panda: Secrets of the Furious Five,2008
67361,Echelon Conspiracy,2009
67408,Monsters vs. Aliens,2009
67508,"Baader Meinhof Komplex, Der",2008
67534,Big Stan,2007
67618,Strictly Sexual,2008
67665,Anvil! The Story of Anvil,2008
67695,Observe and Report,2009
67734,Adventureland,2009
67788,Confessions of a Shopaholic,2009
67799,The Butterfly Effect 3: Revelations,2009
67888,Man on the Flying Trapeze,1935
67923,The Fast & Furious (Fast and the Furious 4),2009
67997,In the Loop,2009
68073,Pirate Radio,2009
68135,17 Again,2009
68157,Inglourious Basterds,2009
68159,State of Play,2009
68194,The Damned United,2009
68205,Crank: High Voltage,2009
68237,Moon,2009
68269,The Young Victoria,2009
68319,X-Men Origins: Wolverine,2009
68347,Sin Nombre,2009
68358,Star Trek,2009
68444,The Great Buck Howard,2008
68480,Flatfoot on the Nile (Piedone d'Egitto),1980
68486,Red Cliff Part II (Chi Bi Xia: Jue Zhan Tian Xia),2009
68522,Earth,2007
68536,Stanley Kubrick: A Life in Pictures,2001
68552,Crossing Over,2009
68554,Angels & Demons,2009
68597,Scorpio,1973
68600,Balls Out: Gary the Tennis Coach,2009
68650,Powder Blue,2009
68659,Fanboys,2009
68791,Terminator Salvation,2009
68793,Night at the Museum: Battle of the Smithsonian,2009
68835,Were the World Mine,2008
68848,The Brothers Bloom,2008
68872,Paisan (Paisà),1946
68886,I Do: How to Get Married and Stay Single (Prête-moi ta main),2006
68932,The Soloist,2009
68945,Neon Genesis Evangelion: Death & Rebirth (Shin seiki Evangelion Gekijô-ban: Shito shinsei),1997
68952,Drag Me to Hell,2009
68954,Up,2009
68959,Fullmetal Alchemist the Movie: Conqueror of Shamballa (Gekijô-ban hagane no renkinjutsushi: Shanbara wo yuku mono),2005
69069,Fired Up,2009
69118,In the Electric Mist,2009
69122,The Hangover,2009
69131,Killshot,2008
69134,Antichrist,2009
69140,Sweeney Todd,2006
69211,Boy Eats Girl,2005
69224,Marius and Jeanette (Marius et Jeannette),1997
69227,Ernest Rides Again,1993
69251,Special,2006
69275,Dead Snow (Død snø),2009
69278,Land of the Lost,2009
69304,Imagine That,2009
69306,The Taking of Pelham 1 2 3,2009
69394,The Stoning of Soraya M.,2008
69406,The Proposal,2009
69436,Year One,2009
69453,The Land That Time Forgot,1975
69469,Garfield's Pet Force,2009
69481,The Hurt Locker,2008
69495,Breakfast with Scot,2007
69516,The Limits of Control,2009
69524,Raiders of the Lost Ark: The Adaptation,1989
69526,Transformers: Revenge of the Fallen,2009
69529,Home,2009
69604,Whatever Works,2009
69606,Ghosts of Girlfriends Past,2009
69640,Public Enemies,2009
69644,Ice Age: Dawn of the Dinosaurs,2009
69654,Prison Break: The Final Break,2009
69685,Daria: Is It College Yet?,2002
69712,My Sister's Keeper,2009
69720,Hood of Horror,2006
69746,Watchmen: Tales of the Black Freighter,2009
69757,(500) Days of Summer,2009
69784,Brüno (Bruno),2009
69805,The Librarian: The Curse of the Judas Chalice,2008
69844,Harry Potter and the Half-Blood Prince,2009
69849,Roots,1977
69860,Eichmann,2007
69904,Open Water 2: Adrift,2006
69951,The Imaginarium of Doctor Parnassus,2009
69953,9to5: Days in Porn (a.k.a. 9 to 5: Days in Porn),2008
69988,Humpday,2009
70015,Polytechnique,2009
70159,Orphan,2009
70183,The Ugly Truth,2009
70206,The Collector,2009
70208,"Perfect Getaway, A",2009
70286,District 9,2009
70293,Julie & Julia,2009
70301,Obsessed,2009
70305,Race to Witch Mountain,2009
70334,Hannah Montana: The Movie,2009
70336,G.I. Joe: The Rise of Cobra,2009
70361,12 Rounds,2009
70451,Max Manus,2008
70492,Winds of the Wasteland,1936
70521,Lost in Austen,2008
70533,Evangelion: 1.0 You Are (Not) Alone (Evangerion shin gekijôban: Jo),2007
70545,The Deal,2008
70565,"The Goods: Live Hard, Sell Hard",2009
70599,The Time Traveler's Wife,2009
70637,I Can't Think Straight,2007
70641,Miss March,2009
70663,"I Love You, Beth Cooper",2009
70687,Paper Heart,2009
70697,G-Force,2009
70703,Christopher Columbus: The Discovery,1992
70708,Tetro,2009
70728,Bronson,2009
70862,It Might Get Loud,2008
70932,My Life in Ruins,2009
70946,Troll 2,1990
70984,Taking Woodstock,2009
70990,If These Walls Could Talk,1996
70994,Halloween II,2009
71033,The Secret in Their Eyes (El secreto de sus ojos),2009
71057,9,2009
71106,Frequently Asked Questions About Time Travel,2009
71108,The White Ribbon (Das weiße Band),2009
71129,Green Lantern: First Flight,2009
71131,The Most Hated Family in America,2007
71135,Pandorum,2009
71147,Death of a Cyclist (Muerte de un ciclista),1955
71156,The Men Who Stare at Goats,2009
71160,The Hunt For Gollum,2009
71205,Jennifer's Body,2009
71211,The Informant!,2009
71248,Extract,2009
71252,The Final Destination (Final Destination 4) (Final Destination in 3-D),2009
71254,Gamer,2009
71264,Cloudy with a Chance of Meatballs,2009
71268,Tyler Perry's I Can Do Bad All by Myself,2009
71282,"Food, Inc.",2008
71302,Attack of the 50 Foot Woman,1958
71304,Thirst (Bakjwi),2009
71327,Bright Star,2009
71341,Blood Creek (a.k.a. Town Creek),2009
71379,Paranormal Activity,2009
71429,World's Greatest Dad,2009
71438,Still Walking (Aruitemo aruitemo),2008
71453,"Blood of the Beasts (Sang des bêtes, Le)",1949
71462,The Cove,2009
71464,"Serious Man, A",2009
71466,City Island,2009
71468,Ink,2009
71484,Metropia,2009
71494,The Haunted World of El Superbeasto,2009
71500,Trick 'r Treat,2007
71518,Whip It,2009
71520,The Invention of Lying,2009
71530,Surrogates,2009
71535,Zombieland,2009
71550,Assassination of a High School President,2008
71579,"Education, An",2009
71619,Coco Before Chanel (Coco avant Chanel),2009
71640,Burma VJ: Reporting from a Closed Country (Burma VJ: Reporter i et lukket land),2008
71668,Couples Retreat,2009
71732,I Sell the Dead,2008
71745,Where the Wild Things Are,2009
71810,Legionnaire,1998
71823,"New York, I Love You",2009
71838,Law Abiding Citizen,2009
71867,The Misfortunates (De helaasheid der dingen),2009
71899,Mary and Max,2009
71902,Spread,2009
71910,The Tournament,2009
71970,The Princess and the Pirate,1944
71999,Aelita: The Queen of Mars (Aelita),1924
72011,Up in the Air,2009
72104,Balance,1989
72129,Saw VI,2009
72142,Love Exposure (Ai No Mukidashi),2008
72165,Cirque du Freak: The Vampire's Assistant,2009
72167,The Boondock Saints II: All Saints Day,2009
72171,Black Dynamite,2009
72178,Welcome to Dongmakgol,2005
72224,Gentlemen Broncos,2009
72226,Fantastic Mr. Fox,2009
72294,"Christmas Carol, A",2009
72308,Battlestar Galactica: The Plan,2009
72330,The Private Lives of Pippa Lee,2009
72356,Partly Cloudy,2009
72378,2012,2009
72395,Precious,2009
72405,Bad Lieutenant: Port of Call New Orleans,2009
72407,The Twilight Saga: New Moon,2009
72479,The Messenger,2009
72489,Ninja Assassin,2009
72554,Cell 211 (Celda 211),2009
72591,The Patriot,1998
72601,Teenage Mutant Ninja Turtles: Turtles Forever,2009
72603,Merry Madagascar,2009
72605,Brothers,2009
72624,Garage,2007
72641,The Blind Side,2009
72692,Mickey's Once Upon a Christmas,1999
72694,Shrink,2009
72696,Old Dogs,2009
72701,Planet 51,2009
72714,Earthlings,2006
72720,"Single Man, A",2009
72731,The Lovely Bones,2009
72733,Invictus,2009
72737,The Princess and the Frog,2009
72874,The Peacekeeper,1997
72919,Did You Hear About the Morgans?,2009
72921,Snow White,1916
72998,Avatar,2009
73015,It's Complicated,2009
73017,Sherlock Holmes,2009
73023,Crazy Heart,2009
73042,Alvin and the Chipmunks: The Squeakquel,2009
73106,American Pie Presents: The Book of Love (American Pie 7: The Book of Love),2009
73160,Sorority Babes in the Slimeball Bowl-O-Rama,1988
73211,Pontypool,2008
73266,Youth in Revolt,2009
73268,Daybreakers,2010
73290,Hachiko: A Dog's Story (a.k.a. Hachi: A Dog's Tale),2009
73319,Leap Year,2010
73321,The Book of Eli,2010
73323,The Girl Who Kicked the Hornet's Nest (Luftslottet som sprängdes),2009
73344,"Prophet, A (Un Prophète)",2009
73386,Staten Island,2009
73431,The Maiden Heist,2009
73488,Blood: The Last Vampire,2009
73499,MacGyver: Lost Treasure of Atlantis,1994
73501,Pekka ja Pätkä Suezilla,1958
73515,Bart Got a Room,2008
73569,Project A 2 ('A' gai wak juk jap),1987
73676,Robin-B-Hood (Bo bui gai wak),2006
73681,"Concert, Le",2009
73741,Ninja,2009
73804,Asterix at the Olympic Games (Astérix aux jeux olympiques),2008
73808,The Chaser (Chugyeogja),2008
73822,Meantime,1984
73854,"Rudolph, the Red-Nosed Reindeer",1964
73858,"Dennis the Menace Christmas, A",2007
73876,Undisputed II: Last Man Standing,2006
73881,3 Idiots,2009
73929,Legion,2010
74075,Stan Helsing,2009
74089,Peter Pan,1960
74095,Wicked City (Yôjû toshi),1987
74154,When in Rome,2010
74226,"The Dream of Light (a.k.a. Quince Tree Sun) (Sol del membrillo, El)",1992
74228,Triangle,2009
74275,I Love You Phillip Morris,2009
74282,Anne of Green Gables: The Sequel (a.k.a. Anne of Avonlea),1987
74324,Temple Grandin,2010
74342,"Captain Newman, M.D.",1963
74370,The House of the Devil,2009
74450,Valentine's Day,2010
74452,The Wolfman,2010
74458,Shutter Island,2010
74508,Persuasion,2007
74510,The Girl Who Played with Fire (Flickan som lekte med elden),2009
74530,Percy Jackson & the Olympians: The Lightning Thief,2010
74532,Cop Out,2010
74545,The Ghost Writer,2010
74553,The Secret of Kells,2009
74580,The Spy Next Door,2010
74624,Agora,2009
74647,Motherhood,2009
74668,District 13: Ultimatum (Banlieue 13 - Ultimatum),2009
74677,The Yes Men Fix the World,2009
74683,Mike Bassett: England Manager,2001
74685,The Crazies,2010
74688,Dear John,2010
74696,Last Train Home,2009
74698,Tooth Fairy,2010
74727,Gentlemen of Fortune (Dzhentlmeny udachi),1972
74750,[REC]²,2009
74754,The Room,2003
74789,Alice in Wonderland,2010
74791,"Town Called Panic, A (Panique au village)",2009
74795,Green Zone,2010
74851,From Paris with Love,2010
74868,Dorian Gray,2009
74916,Greenberg,2010
74946,She's Out of My League,2010
74948,Harry Brown,2009
75341,Remember Me,2010
75389,The Burrowers,2008
75395,Frozen,2010
75416,Generation X,1996
75446,Little Ashes,2008
75803,Our Family Wedding,2010
75805,The Bounty Hunter,2010
75813,Leaves of Grass,2009
75816,Women in Trouble,2009
75947,Mondo Cane,1962
75985,Repo Men,2010
76030,Case 39,2009
76054,Oceans (Océans),2009
76060,The Slammin' Salmon,2009
76077,Hot Tub Time Machine,2010
76091,Mother (Madeo),2009
76093,How to Train Your Dragon,2010
76143,The Bone Man (Der Knochenmann),2009
76173,Micmacs (Micmacs à tire-larigot),2009
76175,Clash of the Titans,2010
76251,Kick-Ass,2010
76293,Date Night,2010
76301,The Emperor's New Groove 2: Kronk's New Groove,2005
76738,Steam of Life (Miesten vuoro),2010
76743,Mortadelo & Filemon: The Big Adventure (La gran aventura de Mortadelo y Filemón),2003
76751,American Drug War: The Last White Hope,2007
76763,The Runaways,2010
77177,Wild China,2008
77191,Death at a Funeral,2010
77201,Valhalla Rising,2009
77206,Diary of a Wimpy Kid,2010
77233,The Union: The Business Behind Getting High,2007
77266,Disgrace,2008
77364,The Losers,2010
77414,The Last Song,2010
77421,Cyrus,2010
77427,The Human Centipede (First Sequence),2009
77455,Exit Through the Gift Shop,2010
77561,Iron Man 2,2010
77667,MacGruber,2010
77688,Three Men and a Cradle (3 hommes et un couffin),1985
77709,The Sky Crawlers (Sukai kurora),2008
77795,Cargo,2009
77798,"Nightmare on Elm Street, A",2010
77800,Four Lions,2010
77841,St Trinian's 2: The Legend of Fritton's Gold,2009
77846,12 Angry Men,1997
77866,Robin Hood,2010
77881,Lovers & Leavers (Kuutamolla),2002
77893,Merantau,2009
77931,Stingray Sam,2009
78034,Cemetery Junction,2010
78039,Blue Valentine,2010
78041,Killers,2010
78088,Buried,2010
78103,Shake Hands with the Devil,2007
78105,Prince of Persia: The Sands of Time,2010
78116,Please Give,2010
78142,Baarìa,2009
78160,Ricky Gervais Live: Animals,2003
78174,Sex and the City 2,2010
78209,Get Him to the Greek,2010
78218,Unthinkable,2010
78264,The Back-up Plan,2010
78266,Splice,2009
78316,Letters to Juliet,2010
78349,Exam,2009
78467,Jonah Hex,2010
78469,The A-Team,2010
78499,Toy Story 3,2010
78544,Ricky Gervais Live 3: Fame,2007
78574,Winter's Bone,2010
78620,The Scalphunters,1968
78626,Barking Dogs Never Bite (Flandersui gae),2000
78637,Shrek Forever After (a.k.a. Shrek: The Final Chapter),2010
78703,TiMER,2009
78746,Best Worst Movie,2009
78772,The Twilight Saga: Eclipse,2010
78836,Enter the Void,2009
78893,The Last Airbender,2010
78959,Endgame,2009
79006,Empire of Dreams: The Story of the 'Star Wars' Trilogy,2004
79008,South Park: Imaginationland,2008
79057,Predators,2010
79073,When You're Strange,2009
79091,Despicable Me,2010
79132,Inception,2010
79134,Grown Ups,2010
79139,The Sorcerer's Apprentice,2010
79185,Knight and Day,2010
79224,The Karate Kid,2010
79242,The Kids Are All Right,2010
79251,"Serbian Film, A (Srpski film)",2010
79259,Cherrybomb,2009
79274,Batman: Under the Red Hood,2010
79293,Salt,2010
79299,The No. 1 Ladies' Detective Agency,2008
79333,Watch Out for the Automobile (Beregis avtomobilya),1966
79357,Mr. Nobody,2009
79428,Dinner for Schmucks,2010
79501,Deadly Outlaw: Rekka (a.k.a. Violent Fire) (Jitsuroku Andô Noboru kyôdô-den: Rekka),2002
79536,Hellsinki (Rööperi),2009
79553,Ip Man 2,2010
79572,Ramona and Beezus,2010
79590,The Rebound,2009
79592,The Other Guys,2010
79677,The Two Escobars,2010
79684,Paper Man,2009
79695,The Expendables,2010
79702,Scott Pilgrim vs. the World,2010
79798,I Killed My Mother (J'ai tué ma mère),2009
79868,Heartless,2009
79879,Piranha (Piranha 3D),2010
79895,The Extraordinary Adventures of Adèle Blanc-Sec,2010
79897,Get Low,2009
79946,The Joneses,2009
80083,Dragon Ball Z: Dead Zone (Doragon bôru Z 1: Ora no Gohan wo kaese),1989
80094,The Last Exorcism,2010
80126,The American,2010
80139,Jackass 2.5,2007
80162,The Horde (La Horde),2009
80166,The Switch,2010
80219,Machete,2010
80241,Going the Distance,2010
80363,Resident Evil: Afterlife,2010
80454,Princess (Prinsessa),2010
80463,The Social Network,2010
80478,"Man Vanishes, A (Ningen Johatsu)",1967
80489,The Town,2010
80549,Easy A,2010
80551,Eat Pray Love,2010
80553,Howl,2010
80572,I'm Still Here,2010
80584,"Patrik Age 1.5 (Patrik 1,5)",2008
80586,Flipped,2010
80590,Wall Street: Money Never Sleeps,2010
80615,Legend of the Guardians: The Owls of Ga'Hoole,2010
80693,It's Kind of a Funny Story,2010
80727,Middle Men,2009
80748,Alice in Wonderland,1933
80831,Let Me In,2010
80834,Sintel,2010
80839,Secretariat,2010
80846,Devil,2010
80858,You Again,2010
80860,Life as We Know It,2010
80862,Catfish,2010
80864,You Will Meet a Tall Dark Stranger,2010
80880,Stone,2010
80906,Inside Job,2010
80917,Monsters,2010
80969,Never Let Me Go,2010
81018,The Illusionist (L'illusionniste),2010
81087,Luck by Chance,2009
81132,Rubber,2010
81156,Jackass 3D,2010
81158,Restrepo,2010
81191,Waiting for 'Superman',2010
81229,Red,2010
81257,In a Better World (Hævnen),2010
81383,Heartbreaker (L'Arnacoeur),2010
81417,Paranormal Activity 2,2010
81456,Heartbeats (Les amours imaginaires),2010
81512,Hereafter,2010
81520,Undisputed III: Redemption,2010
81535,Saw VII 3D - The Final Chapter,2010
81537,Due Date,2010
81562,127 Hours,2010
81564,Megamind,2010
81591,Black Swan,2010
81681,I Shot Jesse James,1949
81782,Unstoppable,2010
81784,Morning Glory,2010
81786,Certified Copy (Copie conforme),2010
81788,The Next Three Days,2010
81791,Somewhere,2010
81819,Biutiful,2010
81831,The First Beautiful Thing (La prima cosa bella),2010
81834,Harry Potter and the Deathly Hallows: Part 1,2010
81845,The King's Speech,2010
81847,Tangled,2010
81910,The Art of the Steal,2009
81932,The Fighter,2010
81949,The Romantics,2010
82041,The Loved Ones,2009
82053,Casino Jack,2010
82088,Vincent Wants to Sea (Vincent will meer),2010
82093,London Boulevard,2010
82095,Skyline,2010
82152,Beastly,2011
82167,Love and Other Drugs,2010
82169,The Chronicles of Narnia: The Voyage of the Dawn Treader,2010
82202,The Tourist,2010
82242,Rare Exports: A Christmas Tale (Rare Exports),2010
82366,Hatchet II,2010
82378,All Good Things,2010
82459,True Grit,2010
82461,Tron: Legacy,2010
82499,How Do You Know,2010
82527,Barney's Version,2010
82534,The Company Men,2010
82641,The One-Armed Swordsman (Dubei dao),1967
82667,I Saw the Devil (Akmareul boatda),2010
82684,Trash Humpers,2009
82744,Faster,2010
82765,Little Big Soldier (Da bing xiao jiang),2010
82767,Rabbit Hole,2010
82848,One Week,1920
82852,Little Fockers,2010
82854,Gulliver's Travels,2010
82857,Sweetgrass,2009
83086,Burlesque,2010
83132,The Secret World of Arrietty (Kari-gurashi no Arietti),2010
83134,Tucker & Dale vs Evil,2010
83177,Yogi Bear,2010
83270,Made in Dagenham,2010
83349,The Green Hornet,2011
83369,The Way Back,2010
83374,The Warrior's Way,2010
83480,Season of the Witch,2011
83601,Amer,2009
83613,Cowboys & Aliens,2011
83796,Anything for Her (Pour elle),2008
83803,Day & Night,2010
83827,Marwencol,2010
83910,The Dilemma,2011
83969,Down Argentine Way,1940
83976,The Trip,2010
84152,Limitless,2011
84156,Happy People: A Year in the Taiga,2010
84187,Evangelion: 2.0 You Can (Not) Advance (Evangerion shin gekijôban: Ha),2009
84189,I Spit on Your Grave,2010
84240,Even the Rain (También la lluvia),2010
84246,It Happened on Fifth Avenue,1947
84273,Zeitgeist: Moving Forward,2011
84374,No Strings Attached,2011
84392,The Lincoln Lawyer,2011
84414,All-Star Superman,2011
84512,Girls About Town,1931
84523,Kill! (Kiru),1968
84553,Pekka ja Pätkä salapoliiseina,1957
84615,Cedar Rapids,2011
84637,Gnomeo & Juliet,2011
84696,Burke and Hare,2010
84716,Castaway on the Moon (Kimssi pyoryugi),2009
84772,Paul,2011
84799,The Asphyx,1973
84844,Brother 2 (Brat 2),2000
84847,Emma,2009
84942,Drive Angry,2011
84944,Rango,2011
84950,Take Me Home Tonight,2011
84952,Confessions (Kokuhaku),2010
84954,The Adjustment Bureau,2011
85020,The Mechanic,2011
85022,Hall Pass,2011
85025,The Eagle,2011
85056,I Am Number Four,2011
85131,Battle: Los Angeles,2011
85179,Summer Wars (Samâ wôzu),2009
85213,The Sunset Limited,2011
85259,Winnie the Pooh and the Honey Tree,1966
85261,Mars Needs Moms,2011
85295,Scooby-Doo! Curse of the Lake Monster,2010
85316,Winnie the Pooh and Tigger Too,1974
85334,Hard Ticket to Hawaii,1987
85342,Elite Squad: The Enemy Within (Tropa de Elite 2 - O Inimigo Agora É Outro),2010
85354,Mesrine: Public Enemy #1 (L'ennemi public n°1),2008
85367,Just Go with It,2011
85394,Cave of Forgotten Dreams,2010
85397,Red Riding Hood,2011
85399,"Big Mommas: Like Father, Like Son",2011
85401,Super,2010
85412,The Troll Hunter (Trolljegeren),2010
85414,Source Code,2011
85438,Jane Eyre,2011
85510,Sucker Punch,2011
85565,Chalet Girl,2011
85736,BURN-E,2008
85774,Senna,2010
85780,Family Guy Presents: It's a Trap,2010
85788,Insidious,2010
85796,Hobo with a Shotgun,2011
85881,Win Win,2011
85885,Room in Rome (Habitación en Roma),2010
86000,Boy,2010
86014,Diary of a Wimpy Kid: Rodrick Rules,2011
86028,Henry's Crime,2010
86059,Hop,2011
86066,Playing the Victim (Izobrazhaya zhertvu),2006
86068,Films to Keep You Awake: The Christmas Tale (Películas para no dormir: Cuento de navidad),2005
86142,13 Assassins (Jûsan-nin no shikaku),2010
86190,Hanna,2011
86237,Connections,1978
86279,Into Eternity,2010
86286,Daffy Duck's Quackbusters,1988
86290,American: The Bill Hicks Story,2009
86293,Arthur,2011
86295,Scream 4,2011
86298,Rio,2011
86320,Melancholia,2011
86332,Thor,2011
86345,Louis C.K.: Hilarious,2010
86347,Louis C.K.: Chewed Up,2008
86355,Atlas Shrugged: Part 1,2011
86377,Louis C.K.: Shameless,2007
86487,Mildred Pierce,2011
86504,Voices from the List,2004
86548,Water for Elephants,2011
86593,African Cats,2011
86628,Kill the Irishman,2011
86644,The Fast Five (Fast and the Furious 5),2011
86668,Louis Theroux: Law & Disorder,2008
86721,Idiots and Angels,2008
86781,Incendies,2010
86815,Soul Surfer,2011
86817,Something Borrowed,2011
86833,Bridesmaids,2011
86835,Priest,2011
86864,Mothra (Mosura),1961
86880,Pirates of the Caribbean: On Stranger Tides,2011
86882,Midnight in Paris,2011
86892,The Man from Nowhere,2010
86898,The Tree of Life,2011
86911,The Hangover Part II,2011
86922,Nothing to Declare (Rien à déclarer),2010
86960,Across the Hall,2009
87028,The Roommate,2011
87192,Attack the Block,2011
87194,The Way,2010
87197,Let the Bullets Fly,2010
87222,Kung Fu Panda 2,2011
87232,X-Men: First Class,2011
87234,Submarine,2010
87287,American Grindhouse,2010
87298,Everything Must Go,2010
87304,Beginners,2010
87306,Super 8,2011
87413,Bernie,1996
87430,Green Lantern,2011
87444,Elektra Luxx,2010
87483,Mr. Popper's Penguins,2011
87485,Bad Teacher,2011
87520,Transformers: Dark of the Moon,2011
87522,Larry Crowne,2011
87529,Your Highness,2011
87660,Too Big to Fail,2011
87785,Takers,2010
87834,My Life as McDull (Mak dau goo si),2001
87867,Zookeeper,2011
87869,Horrible Bosses,2011
87876,Cars 2,2011
87960,Between the Folds,2008
88069,Delhi Belly,2011
88094,Upside Down: The Creation Records Story,2010
88108,Monte Carlo,2011
88125,Harry Potter and the Deathly Hallows: Part 2,2011
88129,Drive,2011
88140,Captain America: The First Avenger,2011
88163,"Crazy, Stupid, Love.",2011
88179,One Day,2011
88235,The Guard,2011
88267,Winnie the Pooh,2011
88272,The Woman,2011
88327,The New One-Armed Swordsman (Xin du bi dao),1971
88345,Mike's New Car,2002
88356,The Smurfs,2011
88405,Friends with Benefits,2011
88448,Paper Birds (Pájaros de papel),2010
88515,Blitz,2011
88593,The Yellow Sea (a.k.a. The Murderer) (Hwanghae),2010
88672,Our Idiot Brother,2011
88697,SUBWAYStories: Tales from the Underground,1997
88699,Death Race 2,2010
88744,Rise of the Planet of the Apes,2011
88746,Terri,2011
88785,The Change-Up,2011
88810,The Help,2011
88812,30 Minutes or Less,2011
88911,My Afternoons with Margueritte (La tête en friche),2010
88932,Final Destination 5,2011
88954,"Very Harold & Kumar 3D Christmas, A",2011
89028,Don't Be Afraid of the Dark,2010
89030,Fright Night,2011
89039,Another Earth,2011
89047,Hesher,2010
89072,Stake Land,2010
89085,The Debt,2011
89087,Colombiana,2011
89090,Bill Cunningham New York,2011
89118,The Skin I Live In (La piel que habito),2011
89190,Conan the Barbarian,2011
89208,Walled In,2009
89281,Birdemic: Shock and Terror,2010
89305,The Inbetweeners Movie,2011
89343,Red State,2011
89386,Pearl Jam Twenty,2011
89388,I Don't Know How She Does It,2011
89427,Shark Night 3D,2011
89470,Contagion,2011
89492,Moneyball,2011
89580,Neds,2010
89582,Cold Fish (Tsumetai nettaigyo),2010
89586,Phineas and Ferb the Movie: Across the 2nd Dimension,2011
89678,Northanger Abbey,2007
89745,The Avengers,2012
89753,Tinker Tailor Soldier Spy,2011
89759,"Separation, A (Jodaeiye Nader az Simin)",2011
89761,"Dangerous Method, A",2011
89774,Warrior,2011
89804,The Ides of March,2011
89837,Kill List,2011
89840,Killer Elite,2011
89862,Bellflower,2011
89864,50/50,2011
89898,Generation P,2011
89904,The Artist,2011
89939,Gigi,1949
89945,BlinkyTM,2011
90057,Take Shelter,2011
90243,Three Outlaw Samurai (Sanbiki no samurai),1964
90245,Antonio Gaudí,1985
90249,Real Steel,2011
90343,Footloose,2011
90345,The Thing,2011
90353,Beautiful Boy,2010
90357,Tyrannosaur,2011
90374,Martha Marcy May Marlene,2011
90376,We Need to Talk About Kevin,2011
90384,Behind Enemy Lines II: Axis of Evil,2006
90405,In Time,2011
90428,Margaret,2011
90430,Carnage,2011
90439,Margin Call,2011
90469,Paranormal Activity 3,2011
90471,Puncture,2011
90522,Johnny English Reborn,2011
90524,Abduction,2011
90528,This Must Be the Place,2011
90531,Shame,2011
90576,What's Your Number?,2011
90600,Headhunters (Hodejegerne),2011
90603,Batman: Year One,2011
90630,Miss Representation,2011
90647,Puss in Boots,2011
90717,Tower Heist,2011
90719,J. Edgar,2011
90738,The Double,2011
90746,The Adventures of Tintin,2011
90769,Starsuckers,2009
90809,Tomboy,2011
90863,George Harrison: Living in the Material World,2011
90866,Hugo,2011
90888,Immortals,2011
90890,Jack and Jill,2011
90943,Into the Abyss,2011
90945,The Sign of Four,1987
91077,The Descendants,2011
91079,Like Crazy,2011
91094,The Muppets,2011
91104,The Twilight Saga: Breaking Dawn - Part 1,2011
91126,War Horse,2011
91128,The Rum Diary,2011
91233,Lifted,2006
91261,Hipsters (Stilyagi),2008
91266,Another Cinderella Story,2008
91273,Bunraku,2010
91323,The Sitter,2011
91325,Extremely Loud and Incredibly Close,2011
91337,Play the Game,2009
91353,Asterix in America (a.k.a Asterix Conquers America) (Astérix et les Indiens),1994
91355,Asterix and the Vikings (Astérix et les Vikings),2006
91386,Happy Feet Two,2011
91414,Arthur Christmas,2011
91470,Violet & Daisy,2011
91483,Bullet to the Head,2012
91485,The Expendables 2,2012
91488,The Snowman,1982
91500,The Hunger Games,2012
91529,The Dark Knight Rises,2012
91535,The Bourne Legacy,2012
91542,Sherlock Holmes: A Game of Shadows,2011
91571,Coriolanus,2011
91622,Young Adult,2011
91628,New Year's Eve,2011
91630,Mission: Impossible - Ghost Protocol,2011
91653,We Bought a Zoo,2011
91658,The Girl with the Dragon Tattoo,2011
91660,The Darkest Hour,2011
91666,Last Holiday,1950
91671,Alvin and the Chipmunks: Chipwrecked,2011
91688,Salvation Boulevard,2011
91690,Friends with Kids,2011
91784,Girl Walks Into a Bar,2011
91842,Contraband,2012
91860,The Way South (De weg naar het zuiden),1981
91869,Being Elmo: A Puppeteer's Journey,2011
91873,Joyful Noise,2012
91890,The Iron Lady,2011
91935,Albatross,2011
91947,The Revenant,2009
91974,Underworld: Awakening,2012
91976,The Grey,2012
91978,Man on a Ledge,2012
91981,Sacrifice (Zhao shi gu er),2010
92008,Haywire,2011
92046,Contact High,2009
92048,The Whistleblower,2010
92094,Einstein and Eddington,2008
92192,Apollo 18,2011
92198,Seeking Justice,2011
92234,Red Tails,2012
92243,The Flowers of War (Jin líng shí san chai),2011
92259,Intouchables,2011
92264,One for the Money,2012
92309,The Innkeepers,2011
92348,Puss in Boots (Nagagutsu o haita neko),1969
92391,Grave Encounters,2011
92420,Chronicle,2012
92422,The Woman in Black,2012
92427,Woman in Love (Rubbeldiekatz),2011
92439,The Art of Getting By,2011
92475,All Watched Over by Machines of Loving Grace,2011
92494,Dylan Moran: Monster,2004
92507,Safe House,2012
92509,The Vow,2012
92535,Louis C.K.: Live at the Beacon Theater,2011
92637,Pitfall (Otoshiana),1962
92643,Monsieur Lazhar,2011
92665,"For a Good Time, Call...",2012
92674,Janie Jones,2010
92681,Journey 2: The Mysterious Island,2012
92694,Perfect Sense,2011
92730,Rollo and the Woods Sprite (Rölli ja metsänhenki),2001
92760,The Atomic Brain,1963
92938,Ghost Rider: Spirit of Vengeance,2012
92954,Prayers for Bobby,2009
93006,"Very Potter Musical, A",2009
93008,"Very Potter Sequel, A",2010
93022,Miss Nobody,2010
93040,The Civil War,1990
93114,Ro.Go.Pa.G.,1963
93134,The Women on the 6th Floor (Les Femmes du 6ème Étage),2010
93139,Mega Shark vs. Crocosaurus,2010
93193,Red Hill,2010
93208,Mickey's The Prince and the Pauper,1990
93242,Gone,2012
93270,Project X,2012
93272,Dr. Seuss' The Lorax,2012
93287,The Big Year,2011
93297,Act of Valor,2012
93320,Trailer Park Boys,1999
93326,This Means War,2012
93363,John Carter,2012
93443,Goon,2011
93502,The Ledge,2011
93510,21 Jump Street,2012
93512,"Jeff, Who Lives at Home",2012
93563,Lockout,2012
93598,The Snowtown (Snowtown Murders),2011
93610,Space Battleship Yamato,2010
93721,Jiro Dreams of Sushi,2011
93723,Damsels in Distress,2011
93740,Salmon Fishing in the Yemen,2011
93766,Wrath of the Titans,2012
93790,Detachment,2011
93805,Iron Sky,2012
93819,Absentia,2011
93831,American Reunion (American Pie 4),2012
93838,The Raid: Redemption,2011
93840,The Cabin in the Woods,2012
93855,God Bless America,2011
93980,The Three Stooges,2012
93982,The Raven,2012
93988,North & South,2004
94011,The Big Bang,2011
94015,Mirror Mirror,2012
94018,Battleship,2012
94070,The Best Exotic Marigold Hotel,2011
94122,Comic-Con Episode IV: A Fan's Hope,2011
94130,Bully,2011
94150,Hysteria,2011
94160,Dante's Inferno: An Animated Epic,2010
94262,The Atomic Submarine,1959
94266,The Five-Year Engagement,2012
94323,Think Like a Man,2012
94325,The Lucky One,2012
94405,Safe,2012
94478,Dark Shadows,2012
94494,96 Minutes,2011
94503,The Decoy Bride,2011
94661,Rocket Singh: Salesman of the Year,2009
94677,The Dictator,2012
94735,Walking with Monsters,2005
94777,Men in Black III (M.III.B.) (M.I.B.³),2012
94780,Snow White and the Huntsman,2012
94799,Sound of My Voice,2011
94810,Eva,2011
94833,The Pirates! Band of Misfits,2012
94864,Prometheus,2012
94867,The Pact,2012
94896,Bernie,2011
94919,Inhale,2010
94931,Take This Waltz,2011
94953,Wanderlust,2012
94959,Moonrise Kingdom,2012
94985,Get the Gringo,2012
95004,Superman/Doomsday,2007
95067,"Thousand Words, A",2012
95088,Safety Not Guaranteed,2012
95105,Madagascar 3: Europe's Most Wanted,2012
95135,Your Sister's Sister,2011
95145,Dragon Ball: The Curse Of The Blood Rubies (Doragon bôru: Shenron no densetsu),1986
95147,Dragon Ball: Sleeping Princess in Devil's Castle (Doragon bôru: Majinjô no nemuri hime),1987
95149,Superman/Batman: Public Enemies,2009
95163,Dragon Ball: Mystical Adventure (Doragon bôru: Makafushigi dai bôken),1988
95165,Dragon Ball Z the Movie: The World's Strongest (a.k.a. Dragon Ball Z: The Strongest Guy in The World) (Doragon bôru Z: Kono yo de ichiban tsuyoi yatsu),1990
95167,Brave,2012
95170,Beauty and the Beast: The Enchanted Christmas,1997
95175,Front of the Class,2008
95182,Dragon Ball Z the Movie: The Tree of Might (Doragon bôru Z 3: Chikyû marugoto chô kessen),1990
95193,Pocahontas II: Journey to a New World,1998
95199,What to Expect When You're Expecting,2012
95201,To Rome with Love,2012
95207,Abraham Lincoln: Vampire Hunter,2012
95218,First Position,2011
95307,Rock of Ages,2012
95309,Seeking a Friend for the End of the World,2012
95311,Presto,2008
95313,Jack-Jack Attack,2005
95377,One Man Band,2005
95441,Ted,2012
95449,Magic Mike,2012
95473,Dragon Ball Z: The Return of Cooler (Doragon bôru Z 6: Gekitotsu! Hyakuoku pawâ no senshi),1992
95475,Dragon Ball Z: Cooler's Revenge (Doragon bôru Z 5: Tobikkiri no saikyô tai saikyô),1991
95497,Dragon Ball Z: Super Android 13! (Doragon bôru Z 7: Kyokugen batoru!! San dai sûpâ saiyajin),1992
95499,Dragon Ball Z: Broly - The Legendary Super Saiyan (Doragon bôru Z 8: Moetsukiro!! Nessen retsusen-chô gekisen),1993
95508,Cleanskin,2012
95510,The Amazing Spider-Man,2012
95519,Dragon Ball Z: Bojack Unbound (Doragon bôru Z 9: Ginga girigiri!! Butchigiri no sugoi yatsu),1993
95543,Ice Age 4: Continental Drift,2012
95558,Beasts of the Southern Wild,2012
95583,Savages,2012
95624,The Firm,2009
95633,Spirit Camp,2009
95654,Geri's Game,1997
95690,Some Guy Who Kills People,2011
95717,Treasure Island,2012
95720,The Watch,2012
95738,The Adventures of Mary-Kate and Ashley: The Case of the Christmas Caper,1995
95744,2 Days in New York,2012
95761,Killer Joe,2011
95771,Dragon Ball Z: Broly Second Coming (Doragon bôru Z 10: Kiken na futari! Sûpâ senshi wa nemurenai),1994
95780,Dragon Ball Z: Bio-Broly (Doragon bôru Z 11: Sûpâ senshi gekiha! Katsu no wa ore da),1994
95796,Anaconda: The Offspring,2008
95839,"Christmas Carol, A",1999
95843,Goodbye Charlie,1964
95858,For the Birds,2000
95873,Ruby Sparks,2012
95875,Total Recall,2012
95939,The Angels' Share,2012
95949,The Immature (Immaturi),2011
95965,Dragon Ball Z: Bardock - The Father of Goku (Doragon bôru Z: Tatta hitori no saishuu kessen - Furiiza ni itonda Z senshi Kakarotto no chichi),1990
96004,Dragon Ball Z: The History of Trunks (Doragon bôru Z: Zetsubô e no hankô!! Nokosareta chô senshi - Gohan to Torankusu),1993
96007,Dragon Ball GT: A Hero's Legacy (Doragon bôru GT: Gokû gaiden! Yûki no akashi wa sû-shin-chû),1997
96020,Sidewalls (Medianeras),2011
96079,Skyfall,2012
96084,Hands Over the City (Le mani sulla città),1963
96110,The Campaign,2012
96114,Brake,2012
96121,Hope Springs,2012
96150,The Queen of Versailles,2012
96281,ParaNorman,2012
96283,Diary of a Wimpy Kid: Dog Days,2012
96373,Broken,2012
96411,6 Days to Air: The Making of South Park,2011
96417,Premium Rush,2012
96430,The Odd Life of Timothy Green,2012
96432,Lawless,2012
96448,Piranha 3DD (a.k.a. Piranha DD),2012
96471,Prime Suspect 3,1993
96488,Searching for Sugar Man,2012
96518,Prime Suspect 6: The Last Witness,2003
96520,Prime Suspect: The Lost Child,1995
96530,Conception,2011
96563,Paradise Lost 3: Purgatory,2011
96567,The Words,2012
96588,Pitch Perfect,2012
96606,Samsara,2011
96608,Runaway Brain,1995
96610,Looper,2012
96616,That's My Boy,2012
96655,Robot & Frank,2012
96691,Resident Evil: Retribution,2012
96726,Lola Versus,2012
96728,The Master,2012
96737,Dredd,2012
96811,End of Watch,2012
96815,V/H/S,2012
96821,The Perks of Being a Wallflower,2012
96829,The Hunt (Jagten),2012
96832,Holy Motors,2012
96861,Taken 2,2012
96917,House at the End of the Street,2012
96935,My Left Eye Sees Ghosts (Ngo joh aan gin diy gwai),2002
96945,Love Lasts Three Years (L'amour dure trois ans),2011
96964,The Tall Man,2012
96975,LOL,2012
97024,Rust and Bone (De rouille et d'os),2012
97168,Marley,2012
97172,Frankenweenie,2012
97188,Sinister,2012
97194,The Thing: Terror Takes Shape,1998
97225,Hotel Transylvania,2012
97230,Side by Side,2012
97285,Take Aim at the Police Van (Sono gosôsha wo nerae: 'Jûsangô taihisen' yori),1960
97304,Argo,2012
97306,Seven Psychopaths,2012
97328,Liberal Arts,2012
97470,Catch .44,2011
97643,[REC]³ 3 Génesis,2012
97665,Asterix & Obelix: God Save Britannia (Astérix et Obélix: Au service de Sa Majesté),2012
97701,Paranormal Activity 4,2012
97742,Alex Cross,2012
97752,Cloud Atlas,2012
97757,'Hellboy': The Seeds of Creation,2004
97785,Silent Hill: Revelation 3D,2012
97836,Here Comes the Boom,2012
97858,Mental,2012
97860,Killing Them Softly,2012
97866,The Imposter,2012
97870,The Sessions (Surrogate),2012
97904,Smashed,2012
97913,Wreck-It Ralph,2012
97921,Silver Linings Playbook,2012
97923,Flight,2012
97936,Anna Karenina,2012
97938,Life of Pi,2012
97950,The Man with the Iron Fists,2012
97988,The Bay,2012
98061,Himizu,2011
98083,Jackass 3.5,2011
98122,Indie Game: The Movie,2012
98124,"Batman: The Dark Knight Returns, Part 1",2012
98154,Lincoln,2012
98160,Nature Calls,2012
98175,Vamps,2012
98203,The Twilight Saga: Breaking Dawn - Part 2,2012
98230,10 Years,2011
98239,Red Dawn,2012
98243,Rise of the Guardians,2012
98279,"Fantastic Fear of Everything, A",2012
98296,Deadfall,2012
98361,Byzantium,2012
98491,Paperman,2012
98499,The Fearless Hyena (Xiao quan guai zhao),1979
98503,Half a Loaf of Kung Fu (Dian zhi gong fu gan chian chan),1980
98585,Hitchcock,2012
98604,From Up on Poppy Hill (Kokuriko-zaka kara),2011
98607,Redline,2009
98623,Winners and Sinners (Qi mou miao ji: Wu fu xing),1983
98633,My Lucky Stars (Fuk sing go jiu),1985
98697,"Money Money Money (L'aventure, c'est l'aventure)",1972
98799,"Liar's Autobiography: The Untrue Story of Monty Python's Graham Chapman, A",2012
98809,The Hobbit: An Unexpected Journey,2012
98836,Hyde Park on Hudson,2012
98908,How to Make Love to a Woman,2010
98961,Zero Dark Thirty,2012
99005,Fire with Fire,2012
99007,Warm Bodies,2013
99030,Wrong,2012
99087,Playing for Keeps,2012
99106,The Guilt Trip,2012
99112,Jack Reacher,2012
99114,Django Unchained,2012
99117,This Is 40,2012
99122,I Bought a Vampire Motorcycle,1990
99130,Ice Cream Man,1995
99145,"The Impossible (Imposible, Lo)",2012
99149,"Misérables, Les",2012
99191,Campfire Tales,1997
99415,Parental Guidance,2012
99437,John Dies at the End,2012
99532,"Misérables, Les",2000
99574,Promised Land,2012
99636,English Vinglish,2012
99638,Fish Story (Fisshu sutôrî),2009
99721,Texas Chainsaw 3D,2013
99728,Gangster Squad,2013
99750,The Iceman,2012
99764,It's Such a Beautiful Day,2012
99813,"Batman: The Dark Knight Returns, Part 2",2013
99846,Everything or Nothing: The Untold Story of 007,2012
99853,Codependent Lesbian Space Alien Seeks Same,2011
99910,The Last Stand,2013
99917,Upstream Color,2013
99992,Shadow Dancer,2012
100044,Human Planet,2011
100068,Comme un chef,2012
100083,Movie 43,2013
100106,The Pervert's Guide to Ideology,2012
100159,Sightseers,2012
100163,Hansel & Gretel: Witch Hunters,2013
100194,Jim Jefferies: Fully Functional (EPIX),2012
100226,Why Stop Now,2012
100277,Tabu,2012
100302,Upside Down,2012
100304,The Liability,2012
100306,Angst ,1983
100326,Stand Up Guys,2012
100383,Side Effects,2013
100390,Identity Thief,2013
100397,The ABCs of Death,2012
100487,Beautiful Creatures,2013
100498,"Good Day to Die Hard, A",2013
100507,21 and Over,2013
100527,Safe Haven,2013
100553,Frozen Planet,2011
100556,The Act of Killing,2012
100579,Universal Soldier: Day of Reckoning,2012
100611,Escape from Planet Earth,2013
100714,Before Midnight,2013
100737,Snitch,2013
100810,Dark Skies,2013
100843,Oh Boy (A Coffee in Berlin),2012
100882,Journey to the West: Conquering the Demons (Daai wa sai you chi Chui mo chun kei),2013
100906,Maniac Cop 2,1990
101025,Jack the Giant Slayer,2013
101070,Wadjda,2012
101072,The Unintentional Kidnapping of Mrs. Elfriede Ott (Die Unabsichtliche Entführung der Frau Elfriede Ott),2010
101074,The Legend of Sleepy Hollow,1949
101076,G.I. Joe: Retaliation,2013
101088,Stoker,2013
101112,Oz the Great and Powerful,2013
101142,The Croods,2013
101283,The Incredible Burt Wonderstone,2013
101360,The Call,2013
101362,Olympus Has Fallen,2013
101415,The First Time,2012
101423,Mezzo Forte,1998
101525,The Place Beyond the Pines,2012
101529,The Brass Teapot,2012
101531,Phil Spector,2013
101577,The Host,2013
101612,Admission,2013
101739,Evil Dead,2013
101741,Trance,2013
101765,"Perfect Plan, A (Plan parfait, Un)",2012
101864,Oblivion,2013
101884,Dark Tide,2012
101895,42,2013
101962,Wolf Children (Okami kodomo no ame to yuki),2012
101973,Disconnect,2012
102007,The Invincible Iron Man,2007
102025,Yongary: Monster from the Deep,1967
102033,Pain & Gain,2013
102058,Hulk Vs.,2009
102066,Resolution,2012
102070,Grabbers,2012
102084,Justice League: Doom,2012
102088,The Grandmaster (Yi dai zong shi),2013
102123,This Is the End,2013
102125,Iron Man 3,2013
102165,The English Teacher,2013
102194,Mud,2012
102217,Bill Hicks: Revelations,1993
102278,Pawn,2013
102338,Shaolin Temple (Shao Lin si),1976
102378,Syrup,2013
102407,The Great Gatsby,2013
102445,Star Trek Into Darkness,2013
102481,The Internship,2013
102590,Darkon,2006
102602,Mimino,1977
102666,Ivan Vasilievich: Back to the Future (Ivan Vasilievich menyaet professiyu),1973
102684,Only God Forgives,2013
102686,The Hangover Part III,2013
102716,The Fast & Furious 6 (Fast and the Furious 6),2013
102720,Epic,2013
102735,Captain America,1979
102742,Tie Xi Qu: West of the Tracks (Tiexi qu),2003
102747,The Rink,1916
102749,Captain America II: Death Too Soon,1979
102760,Down Terrace,2009
102800,Frances Ha,2012
102802,The Lords of Salem,2012
102819,Behind the Candelabra,2013
102823,As I Was Moving Ahead Occasionally I Saw Brief Glimpses of Beauty,2000
102852,With Great Power: The Stan Lee Story,2012
102880,After Earth,2013
102903,Now You See Me,2013
102984,Inhuman Resources (Redd Inc.),2012
102993,"The Way, Way Back",2013
103027,Much Ado About Nothing,2012
103042,Man of Steel,2013
103048,The Kings of Summer,2013
103075,The Purge,2013
103085,Rapture-Palooza,2013
103107,20 Feet from Stardom (Twenty Feet from Stardom),2013
103137,The Bling Ring,2013
103141,Monsters University,2013
103171,Schlussmacher,2013
103210,Fullmetal Alchemist: The Sacred Star of Milos,2011
103219,Maniac,2012
103221,Not Suitable for Children,2012
103228,Pacific Rim,2013
103233,LEGO Batman: The Movie - DC Heroes Unite,2013
103235,"The Best Offer (Migliore offerta, La)",2013
103245,Adam and Eve (National Lampoon's Adam & Eve),2005
103249,World War Z,2013
103253,Elysium,2013
103335,Despicable Me 2,2013
103339,White House Down,2013
103341,The World's End,2013
103366,Redemption (Hummingbird),2013
103372,The Heat,2013
103384,The Lone Ranger,2013
103449,Passion,2012
103483,V/H/S/2,2013
103502,The Knot,2012
103539,The Spectacular Now,2013
103543,The Lifeguard,2013
103596,Sharknado,2013
103602,Craig Ferguson: I'm Here To Help,2013
103606,Stuck in Love,2012
103609,Class Act,1992
103624,Fruitvale Station,2013
103655,R.I.P.D.,2013
103685,"Field in England, A",2013
103688,The Conjuring,2013
103755,Turbo,2013
103772,The Wolverine,2013
103801,Drinking Buddies,2013
103810,Red 2,2013
103819,Coffee Town,2013
103865,Revenge for Jolly!,2012
103883,2 Guns,2013
103980,Blue Jasmine,2013
103984,"The Great Beauty (Grande Bellezza, La)",2013
104017,3 dev adam (Three Giant Men),1973
104069,Louis C.K.: Oh My God,2013
104074,Percy Jackson: Sea of Monsters,2013
104076,The Smurfs 2,2013
104078,Alan Partridge: Alpha Papa,2013
104129,Man of Tai Chi,2013
104141,Batman: Mystery of the Batwoman,2003
104211,We're the Millers,2013
104218,Grown Ups 2,2013
104241,Kick-Ass 2,2013
104243,Riddick,2013
104245,Planes,2013
104272,Blackfish,2013
104283,The Wind Rises (Kaze tachinu),2013
104303,Jobs,2013
104337,Lee Daniels' The Butler,2013
104339,In a World...,2013
104374,About Time,2013
104419,Justice League: Crisis on Two Earths,2010
104457,You're Next,2011
104644,Maria Bamford: The Special Special Special!,2012
104760,Getaway,2013
104780,The Mystery of the Third Planet (Tayna tretey planety),1981
104837,Rage of Honor,1987
104841,Gravity,2013
104863,What If,2013
104875,The History of Future Folk,2012
104879,Prisoners,2013
104906,Austenland,2013
104908,Insidious: Chapter 2,2013
104913,Rush,2013
104925,The Family,2013
104944,Short Term 12,2013
105020,Collision Course,1989
105037,The To Do List,2013
105121,Inescapable,2012
105197,Nebraska,2013
105211,Enough Said,2013
105213,Don Jon,2013
105246,Mood Indigo (L'écume des jours),2013
105250,The Century of the Self,2002
105254,Crystal Fairy & the Magical Cactus and 2012,2013
105325,Bad Milo (Bad Milo!),2013
105351,Runner Runner,2013
105355,Blue Is the Warmest Color (La vie d'Adèle),2013
105468,Cloudy with a Chance of Meatballs 2,2013
105504,Captain Phillips,2013
105540,"All Dogs Christmas Carol, An",1998
105585,Machete Kills (Machete 2),2013
105593,Filth,2013
105653,Escape Plan,2013
105720,The Thief of Paris (Le voleur),1967
105731,Carrie,2013
105746,UnHung Hero,2013
105755,The Counselor,2013
105801,Escape From Tomorrow,2013
105835,The Double,2013
105844,12 Years a Slave,2013
105954,All Is Lost,2013
106002,Ender's Game,2013
106062,Jackass Presents: Bad Grandpa,2013
106072,Thor: The Dark World,2013
106100,Dallas Buyers Club,2013
106144,The Selfish Giant,2013
106330,Last Vegas,2013
106438,Philomena,2013
106441,The Book Thief,2013
106487,The Hunger Games: Catching Fire,2013
106489,The Hobbit: The Desolation of Smaug,2013
106491,47 Ronin,2013
106540,Delivery Man,2013
106542,Charlie Countryman,2013
106594,Red Flag,2012
106642,The Day of the Doctor,2013
106648,Guilty of Romance (Koi no tsumi),2011
106696,Frozen,2013
106766,Inside Llewyn Davis,2013
106782,The Wolf of Wall Street,2013
106785,Homefront,2013
106839,Mandela: Long Walk to Freedom,2013
106873,Evangelion: 3.0 You Can (Not) Redo,2012
106883,All is Bright,2013
106889,Tim's Vermeer,2013
106916,American Hustle,2013
106918,The Secret Life of Walter Mitty,2013
106920,Her,2013
106927,RoboGeisha (Robo-geisha),2009
107013,"Christmas Carol, A",1977
107069,Lone Survivor,2013
107141,Saving Mr. Banks,2013
107159,Zatoichi and the Chest of Gold (Zatôichi senryô-kubi) (Zatôichi 6),1964
107314,Oldboy,2013
107338,Dampfnudelblues,2013
107348,Anchorman 2: The Legend Continues,2013
107406,Snowpiercer,2013
107408,Only Old Men Are Going to Battle (V boy idut odni stariki),1973
107410,Guest from the Future (Gostya iz buduschego),1985
107412,"Kidnapping, Caucasian Style (Kavkazskaya plennitsa)",1967
107436,Haunter,2013
107447,Wrong Cops,2013
107449,"Muppet Christmas: Letters to Santa, A",2008
107462,Ninja: Shadow of a Tear,2013
107565,"Fuck You, Goethe (Fack Ju Göhte)",2013
107630,High School,2010
107702,Grudge Match,2013
107723,Highlander: The Search for Vengeance,2007
107771,Only Lovers Left Alive,2013
107780,Cats,1998
107846,MacGyver: Trail to Doomsday,1994
107945,Bad Karma,2012
107951,Hunting Elephants,2013
107953,Dragon Ball Z: Battle of Gods,2013
107962,Freezer,2014
107997,We Are What We Are,2013
107999,Dragon ball Z 04: Lord Slug,1991
108078,Chinese Puzzle (Casse-tête chinois),2013
108090,Dragon Ball: The Path to Power (Doragon bôru: Saikyô e no michi),1996
108156,Ride Along,2014
108188,Jack Ryan: Shadow Recruit,2014
108190,Divergent,2014
108192,Hotel Chevalier (Part 1 of 'The Darjeeling Limited'),2007
108540,Ernest & Célestine (Ernest et Célestine),2012
108601,Drift,2013
108689,"I, Frankenstein",2014
108715,Better Living Through Chemistry,2014
108727,Nymphomaniac: Volume I,2013
108729,Enemy,2013
108795,Wonder Woman,2009
108928,The Monuments Men,2014
108932,The Lego Movie,2014
108945,RoboCop,2014
108949,The Art of the Steal,2013
108981,Nymphomaniac: Volume II,2013
109042,Knights of Badassdom,2013
109161,Venus in Fur (La Vénus à la fourrure),2013
109183,Date and Switch,2014
109187,The Zero Theorem,2013
109191,Winter's Tale,2014
109241,On the Other Side of the Tracks (De l'autre côté du périph),2012
109282,GLOW: The Story of the Gorgeous Ladies of Wrestling,2012
109295,Cold Comes the Night,2013
109313,Chouchou,2003
109317,Someone Marry Barry,2014
109372,About Last Night,2014
109374,The Grand Budapest Hotel,2014
109383,"Oversimplification of Her Beauty, An",2012
109416,Bring It On: Fight to the Finish,2009
109483,That Awkward Moment,2014
109487,Interstellar,2014
109569,3 Days to Kill,2014
109576,Welcome to the Jungle,2013
109578,Non-Stop,2014
109596,Wrinkles (Arrugas),2011
109633,The Garden of Words (Koto no ha no niwa),2013
109673,300: Rise of an Empire,2014
109687,Particle Fever,2013
109723,The Bag Man,2014
109846,Mr. Peabody & Sherman,2014
109848,Under the Skin,2013
109850,Need for Speed,2014
109853,Barefoot,2014
109864,Veronica Mars,2014
109895,Bad Words,2013
109897,Son of God,2014
109941,Puss in Boots: The Three Diablos,2012
109968,Why Don't You Play In Hell? (Jigoku de naze warui),2013
109971,Ocho apellidos vascos,2014
110102,Captain America: The Winter Soldier,2014
110127,Noah,2014
110130,The Nut Job,2014
110281,King of Comedy (Hei kek ji wong),1999
110286,13 Sins,2014
110297,Muppets Most Wanted,2014
110330,Me and you (io e te),2012
110350,Free to Play,2014
110387,The Unknown Known,2013
110501,The Raid 2: Berandal,2014
110541,The Brain Smasher... A Love Story (Bouncer and the Lady),1993
110553,The Amazing Spider-Man 2,2014
110586,Calvary,2014
110591,Oculus,2013
110603,God's Not Dead,2014
110611,Cold in July,2014
110655,Rio 2,2014
110669,"Honest Liar, An",2014
110718,Fading Gigolo,2013
110730,Transcendence,2014
110746,Hatchet III,2013
110771,The Other Woman,2014
110773,"Haunted House 2, A",2014
110781,Mulan II,2004
110826,Brick Mansions,2014
110882,Locke,2013
111113,Neighbors,2014
111146,Alpha and Omega 3: The Great Wolf Games,2014
111320,Mom's Night Out,2014
111360,Lucy,2014
111362,X-Men: Days of Future Past,2014
111364,Godzilla,2014
111375,Walk of Shame,2014
111384,Blue Ruin,2013
111443,Chef,2014
111551,Afflicted,2013
111617,Blended,2014
111622,Begin Again,2013
111659,Maleficent,2014
111663,Zombeavers,2014
111680,At Middleton,2013
111732,"The Dance of Reality (Danza de la realidad, La)",2013
111743,A Million Ways to Die in the West,2014
111759,Edge of Tomorrow,2014
111781,Mission: Impossible - Rogue Nation,2015
111785,Midnight Chronicles,2009
111795,Million Dollar Arm,2014
111800,G.B.F.,2013
111817,Jimi: All Is by My Side,2013
111844,Bad Asses (Bad Ass 2),2014
111913,Lilting,2014
111921,The Fault in Our Stars,2014
112006,Tangled Ever After,2012
112070,Maps to the Stars,2014
112138,22 Jump Street,2014
112171,The Equalizer,2014
112175,How to Train Your Dragon 2,2014
112183,Birdman: Or (The Unexpected Virtue of Ignorance),2014
112290,Boyhood,2014
112303,Think Like a Man Too,2014
112316,Jersey Boys,2014
112326,Nick Fury: Agent of S.H.I.E.L.D.,1998
112334,The Internet's Own Boy: The Story of Aaron Swartz,2014
112370,Transformers: Age of Extinction,2014
112421,Frank,2014
112450,They Came Together,2014
112454,Honey (Miele),2013
112460,Planes: Fire & Rescue,2014
112497,Tammy,2014
112512,Colourful (Karafuru),2010
112515,The Babadook,2014
112552,Whiplash,2014
112556,Gone Girl,2014
112580,The Angriest Man in Brooklyn,2014
112623,Dawn of the Planet of the Apes,2014
112727,Deliver Us from Evil,2014
112749,And So It Goes,2014
112788,Sex Tape,2014
112804,I Origins,2014
112818,The Purge: Anarchy,2014
112852,Guardians of the Galaxy,2014
112868,The Signal,2014
112897,The Expendables 3,2014
112911,Hercules,2014
112940,A Most Wanted Man,2014
113159,Life After Beth,2014
113186,Felony,2013
113207,Get on Up,2014
113225,Magic in the Moonlight,2014
113252,Housebound,2014
113275,The Hundred-Foot Journey,2014
113278,Batman: Assault on Arkham,2014
113280,White Frog,2012
113313,The Den,2013
113345,Jupiter Ascending,2015
113348,Teenage Mutant Ninja Turtles,2014
113350,I'll Follow You Down,2013
113374,The Old Lady and the Pigeons (La vieille dame et les pigeons),1997
113378,The Giver,2014
113394,The Pretty One,2013
113416,Revenge of the Green Dragons,2014
113453,Let's Be Cops,2014
113532,The Inbetweeners 2,2014
113565,The Sacrament,2013
113573,Sin City: A Dame to Kill For,2014
113604,If I Stay,2014
113705,"Two Days, One Night (Deux jours, une nuit)",2014
113741,Coherence,2013
113780,"As Above, So Below",2014
113829,The One I Love,2014
113849,Headshot,2011
113862,The Guest,2014
114028,Pride,2014
114044,Honeymoon,2014
114060,The Drop,2014
114066,"20,000 Days on Earth",2014
114074,The Skeleton Twins,2014
114126,Beautiful Losers,2008
114180,The Maze Runner,2014
114184,Camp X-Ray,2014
114246,"Walk Among the Tombstones, A",2014
114265,Laggies,2014
114335,La cravate,1957
114396,Cesar Chavez,2014
114494,Who Am I (Kein System Ist Sicher),2014
114554,The Tale of Princess Kaguya (Kaguyahime no monogatari),2013
114601,This Is Where I Leave You,2014
114627,Angel's Egg (Tenshi no tamago),1985
114662,American Sniper,2014
114670,Tusk,2014
114678,Hector and the Search for Happiness,2014
114707,Horns,2014
114713,Annabelle,2014
114762,Two Night Stand,2014
114795,Dracula Untold,2014
114818,Stretch,2014
114847,Autómata (Automata),2014
114925,The Captive,2014
114935,Predestination,2014
115065,Justin and the Knights of Valour,2013
115111,Ward 13,2003
115122,What We Do in the Shadows,2014
115149,John Wick,2014
115151,Plastic,2014
115170,The Judge,2014
115203,The Culture High,2014
115210,Fury,2014
115216,The Salvation,2014
115231,St. Vincent,2014
115502,The Rewrite,2014
115569,Nightcrawler,2014
115617,Big Hero 6,2014
115664,The Book of Life,2014
115667,"Love, Rosie",2014
115680,Time Lapse,2014
115713,Ex Machina,2015
115727,Crippled Avengers (Can que) (Return of the 5 Deadly Venoms),1981
115819,Mr Hublot,2013
115828,Copenhagen,2014
115877,The Simpsons: The Longest Daycare,2012
115969,Generation War,2013
116044,Christmas in Connecticut,1992
116138,Leviathan,2014
116169,Reign of Assassins,2010
116207,Zulu,2013
116411,Tangerines,2013
116413,Life Partners,2014
116419,Drive Hard,2014
116505,New Kids Nitro,2011
116529,Stalingrad,2013
116668,Dead Snow 2: Red vs. Dead,2014
116718,Volga - Volga,1938
116724,You Are the Apple of My Eye,2011
116738,DeadHeads,2011
116797,The Imitation Game,2014
116799,Inherent Vice,2014
116817,Rudderless,2014
116823,The Hunger Games: Mockingjay - Part 1,2014
116849,Sex Ed,2014
116887,Exodus: Gods and Kings,2014
116897,Wild Tales,2014
116941,Jetsons: The Movie,1990
116963,Ski School,1991
116977,Dumb and Dumber To,2014
116985,The Longest Week,2014
117107,Miss Meadows,2014
117109,Too Many Cooks,2014
117133,Painted Skin,2008
117176,The Theory of Everything,2014
117192,Doctor Who: The Time of the Doctor,2013
117364,Virunga,2014
117368,The Madagascar Penguins in a Christmas Caper,2005
117444,Song of the Sea,2014
117466,In the Heart of the Sea,2015
117511,Hello Ladies: The Movie,2014
117529,Jurassic World,2015
117531,Watermark,2014
117533,Citizenfour,2014
117545,Asterix: The Land of the Gods (Astérix: Le domaine des dieux),2014
117572,Hit by Lightning,2014
117590,Horrible Bosses 2,2014
117630,Double Trouble,1992
117646,Dragonheart 2: A New Beginning,2000
117849,La Belle Verte,1996
117851,Penguins of Madagascar,2014
117867,'71,2014
117877,The Rabbi's Cat (Le chat du rabbin),2011
117881,Still Alice,2014
117887,Paddington,2014
117895,Maze Runner: Scorch Trials,2015
117922,Ice Age: A Mammoth Christmas,2011
118082,The Voices,2014
118166,Courier,1987
118198,The Green Prince,2014
118248,Dying of the Light,2014
118270,Hellbenders,2012
118290,Omega Doom,1996
118326,By the Gun,2014
118354,Kill the Messenger,2014
118512,Bring It On: In It To Win It,2007
118530,Fans,1999
118572,The Mule,2014
118696,The Hobbit: The Battle of the Five Armies,2014
118700,Selma,2014
118702,Unbroken,2014
118706,Black Sea,2015
118784,Good Copy Bad Copy,2007
118814,Playing It Cool,2014
118834,National Lampoon's Bag Boy,2007
118862,Closer to the Moon,2013
118880,"Girl Walks Home Alone at Night, A",2014
118888,Dave Chappelle: For What it's Worth,2004
118894,Scooby-Doo! Abracadabra-Doo,2010
118896,Mommy,2014
118900,Wild,2014
118924,Top Five,2014
118930,Bill Burr: I'm Sorry You Feel That Way,2014
118985,Big Eyes,2014
118997,Into the Woods,2014
119068,"Men, Women & Children",2014
119141,The Interview,2014
119145,Kingsman: The Secret Service,2015
119153,Bill Burr: You People Are All the Same,2012
119155,Night at the Museum: Secret of the Tomb,2014
119167,Paradox,2010
119218,The Punisher: Dirty Laundry,2012
119655,Seventh Son,2014
119714,Corner Gas: The Movie,2014
119828,A Man Called Blade,1977
119964,A Merry Friggin' Christmas,2014
120130,Into the Forest of Fireflies' Light,2011
120138,PK,2014
120466,Chappie,2015
120478,The Salt of the Earth,2014
120625,The Fool,2014
120635,Taken 3,2015
120637,Blackhat,2015
120761,By the Law,1926
120783,Son of a Gun,2014
120799,Terminator Genisys,2015
120807,John Mulaney: New In Town,2012
120813,Patton Oswalt: My Weakness Is Strong,2009
120827,The Hound of the Baskervilles,1988
120919,Man on High Heels,2014
121007,Space Buddies,2009
121035,Houdini,2014
121097,To Grandmother's House We Go,1992
121099,101 Dalmatians II: Patch's London Adventure,2003
121129,The Hungover Games,2014
121169,The Duke of Burgundy,2014
121171,Red Army,2014
121231,It Follows,2014
121253,The Town that Dreaded Sundown,2014
121338,Carry on Cabby,1963
121342,Carry on Cruising,1962
121372,Bill Burr: Let It Go,2010
121374,Bill Burr: Why Do I Do This?,2008
121469,Killer Movie,2008
121715,Sebastian Maniscalco: What's Wrong with People?,2012
121781,Stuart Little 3: Call of the Wild,2005
122092,Guy X,2005
122246,Tooth Fairy 2,2012
122260,The Diary of Anne Frank,2009
122433,The Deadly Bees,1967
122490,Wicked Blood,2014
122627,Oblivion 2: Backlash,1996
122882,Mad Max: Fury Road,2015
122884,Insidious: Chapter 3,2015
122886,Star Wars: Episode VII - The Force Awakens,2015
122888,Ben-hur,2016
122890,Warcraft,2016
122892,Avengers: Age of Ultron,2015
122896,Pirates of the Caribbean: Dead Men Tell No Tales,2017
122898,Justice League,2017
122900,Ant-Man,2015
122902,Fantastic Four,2015
122904,Deadpool,2016
122906,Black Panther,2017
122912,Avengers: Infinity War - Part I,2018
122916,Thor: Ragnarok,2017
122918,Guardians of the Galaxy 2,2017
122920,Captain America: Civil War,2016
122922,Doctor Strange,2016
122924,X-Men: Apocalypse,2016
122926,Untitled Spider-Man Reboot,2017
122932,Elsa & Fred,2014
123200,Jim Jefferies: I Swear to God,2009
123310,Tornado!,1996
123545,The Blue Lagoon,1949
123553,In the Name of the King III,2014
123947,Cake,2014
124273,Kevin Smith: Too Fat For 40,2010
124404,"Snowflake, the White Gorilla",2011
124484,Kenny & Company,1976
124851,Delirium,2014
124853,Why Man Creates,1968
124859,The Gambler,2014
125221,The Beast of Hollow Mountain,1956
125914,Mortdecai,2015
125916,Fifty Shades of Grey,2015
125970,Halloweentown,1998
125974,Halloweentown High,2004
126088,A Flintstones Christmas Carol,1994
126090,Hedgehog in the Fog,1975
126142,The Cave of the Golden Rose,1991
126420,American Heist,2015
126426,Solyaris,1968
126430,The Pacific,2010
126482,Strange Magic,2015
126548,The DUFF,2015
126577,"Daddy, I'm A Zombie",2012
126921,The Fox and the Hound 2,2006
127052,Operation 'Y' & Other Shurik's Adventures,1965
127096,Project Almanac,2015
127098,Louis C.K.: Live at The Comedy Store,2015
127108,Brooklyn,2015
127114,The End of the Tour,2015
127116,Experimenter,2015
127130,Mistress America,2015
127132,Zipper,2015
127134,A Walk in the Woods,2015
127136,True Story,2015
127146,Kurt Cobain: Montage of Heck,2015
127152,Going Clear: Scientology and the Prison of Belief,2015
127164,"What Happened, Miss Simone?",2015
127172,A Story of Children and Film,2013
127180,The Story of Film: An Odyssey,2011
127184,Eden,2014
127194,The D Train,2015
127198,Dope,2015
127202,Me and Earl and the Dying Girl,2015
127204,The Overnight,2015
127212,The Stanford Prison Experiment,2015
127298,A Pigeon Sat on a Branch Reflecting on Existence,2014
127319,The Loft,2014
127323,Vice,2015
127390,Family Guy Presents: Blue Harvest,2007
128087,Trinity and Sartana Are Coming,1972
128089,Kevin Hart: I'm a Grown Little Man,2009
128097,Jim Norton: American Degenerate,2013
128099,Jim Jefferies: BARE,2014
128197,Hard Promises,1991
128360,The Hateful Eight,2015
128366,Patton Oswalt: Tragedy Plus Comedy Equals Time,2014
128488,Wild Card,2015
128512,Paper Towns,2015
128520,The Wedding Ringer,2015
128542,Wyrmwood,2015
128592,The Boy Next Door,2015
128594,Boy Meets Girl,2015
128620,Victoria,2015
128695,The Dark Valley,2014
128736,I'm Here,2010
128832,The Last Five Years,2014
128838,Crimson Peak,2015
128842,Dragonheart 3: The Sorcerer's Curse,2015
128852,Chris Rock: Bigger & Blacker,1999
128900,The Natural Love,1996
128902,The Forgotten Space,2010
128908,Cloudburst,2011
128914,Tom Segura: Completely Normal,2014
128944,"Honey, We Shrunk Ourselves",1997
128968,Stitch! The Movie,2003
128975,Hot Tub Time Machine 2,2015
128991,Johnny Express,2014
129011,Eddie Izzard: Glorious,1997
129229,Northmen - A Viking Saga,2014
129250,Superfast!,2015
129313,Reality,2014
129333,Julia,2014
129354,Focus,2015
129397,Marvel One-Shot: Item 47,2012
129428,The Second Best Exotic Marigold Hotel,2015
129514,George Carlin: It's Bad for Ya!,2008
129657,Tracers,2015
129659,"McFarland, USA",2015
129737,Unfinished Business,2015
129779,Ghost in the Shell Arise - Border 1: Ghost Pain,2013
129937,Run All Night,2015
130050,Digging Up the Marrow,2014
130052,Clown,2014
130073,Cinderella,2015
130083,Kidnapping Mr. Heineken,2015
130087,The Cobbler,2015
130444,Ruby Red,2013
130450,Pan,2015
130452,While We're Young,2014
130482,Too Late for Tears,1949
130490,Insurgent,2015
130498,La vérité si je mens !,1997
130518,The Amazing Screw-On Head,2006
130520,Home,2015
130576,Midnight Special,2015
130578,The Gunman,2015
130634,Furious 7,2015
130686,The Final Girls,2015
130840,Spring,2015
130842,Power/Rangers,2015
130970,George Carlin: Life Is Worth Losing,2005
130976,Legend No. 17,2013
130978,Love and Pigeons,1985
131013,Get Hard,2015
131023,That Sugar Film,2014
131098,Saving Santa,2013
131104,The Brain,1969
131130,Tom and Jerry: A Nutcracker Tale,2007
131237,What Men Talk About,2010
131439,Kill Me Three Times,2014
131480,Poker Night,2014
131578,Reckless Kelly,1994
131610,Willy/Milly,1986
131656,Shaun the Sheep Movie,2015
131714,Last Knights,2015
131724,The Jinx: The Life and Deaths of Robert Durst,2015
131739,Batman vs. Robin,2015
131749,Libre et assoupi,2014
131796,Woman in Gold,2015
131826,Iliza Shlesinger: Freezing Hot,2015
131920,The Road Within,2014
131934,The Malibu Bikini Shop,1986
132046,Tomorrowland,2015
132084,Let It Be Me,1995
132153,Buzzard,2015
132157,Paul Blart: Mall Cop 2,2015
132333,Seve,2014
132335,Breathe,2014
132362,Patlabor 2: The Movie,1993
132422,Da Sweet Blood of Jesus,2014
132424,The Longest Ride,2015
132454,Girltrash: All Night Long,2014
132462,Sword of Vengeance,2014
132488,Lovesick,2014
132496,Danny Collins,2015
132584,The Even Stevens Movie,2003
132618,Kite,2014
132660,Man Up,2015
132796,San Andreas,2015
132800,Welcome to Me,2014
132888,Comedy Central Roast of James Franco,2013
133115,We Could Be King,2014
133195,Hitman: Agent 47,2015
133217,B/W,2015
133281,Ricki and the Flash,2015
133365,Partisan,2015
133377,Infini,2015
133419,Pitch Perfect 2,2015
133545,Just Before I Go,2014
133645,Carol,2015
133712,Office Romance,1977
133716,Bootleggers,1961
133771,The Lobster,2015
133780,Güeros,2014
133782,Maggie,2015
133798,Hot Pursuit,2015
133802,Slow West,2015
133832,The Green Inferno,2014
133867,Barely Lethal,2015
133879,Carry On Don't Lose Your Head,1966
134004,What Love Is,2007
134019,The Monkey King,1964
134021,5 to 7,2014
134041,Afonya,1975
134095,My Love,2006
134109,Radio Day,2008
134130,The Martian,2015
134158,Return to Sender,2015
134170,Kung Fury,2015
134184,Elections Day,2007
134214,Youth,2015
134246,Survivor,2015
134248,Hot Girls Wanted,2015
134252,That Munchhausen,1979
134326,The Taming of the Scoundrel,1980
134334,Phir Hera Pheri,2006
134368,Spy,2015
134393,Trainwreck,2015
134515,BMX Bandits,1983
134524,Turtle Power: The Definitive History of the Teenage Mutant Ninja Turtles,2014
134528,Aloha,2015
134775,Dragon Blade,2015
134783,Entourage,2015
134796,Bitter Lake,2015
134808,No Way Jose,2015
134847,Ghost Graduation,2012
134849,Duck Amuck,1953
134853,Inside Out,2015
134859,The Wolfpack,2015
134861,Trevor Noah: African American,2013
134881,Love & Mercy,2014
135133,The Hunger Games: Mockingjay - Part 2,2015
135137,Pixels,2015
135143,Fantastic Beasts and Where to Find Them,2016
135198,The Hairdresser,2010
135216,The Star Wars Holiday Special,1978
135288,Mr. Holmes,2015
135436,The Secret Life of Pets,2016
135456,Ghost in the Shell: Stand Alone Complex - The Laughing Man,2005
135518,Self/less,2015
135532,The Last Witch Hunter,2015
135534,Krampus,2015
135536,Suicide Squad,2016
135567,Independence Day: Resurgence,2016
135569,Star Trek Beyond,2016
135777,Golmaal,2006
135787,Bruce Lee: A Warrior's Journey,2000
135803,Five Element Ninjas,1982
135815,The Magnificent Ruffians,1979
135861,Ted 2,2015
135885,Absolutely Anything,2015
135887,Minions,2015
135937,The Silence of the Hams,1994
136012,Bloodsport III,1996
136016,The Good Dinosaur,2015
136018,Black Mass,2015
136020,Spectre,2015
136024,The Professional: Golgo 13,1983
136297,Mortal Kombat: The Journey Begins,1995
136305,Sharknado 3: Oh Hell No!,2015
136341,Scooby-Doo! and the Samurai Sword,2009
136353,Scooby-Doo! and the Loch Ness Monster,2004
136355,Big Top Scooby-Doo!,2012
136359,Scooby-Doo Goes Hollywood,1979
136443,Gabriel Iglesias: Hot and Fluffy,2007
136445,George Carlin: Back in Town,1996
136447,George Carlin: You Are All Diseased,1999
136449,Ghost in the Shell 2.0,2008
136469,Larry David: Curb Your Enthusiasm,1999
136471,Kevin Hart: Laugh at My Pain,2011
136503,Tom and Jerry: Shiver Me Whiskers,2006
136511,Jeff Dunham: All Over the Map,2014
136540,The FP,2012
136556,Kung Fu Panda: Secrets of the Masters,2011
136562,Steve Jobs,2015
136564,Macbeth,2015
136598,Vacation,2015
136602,Creep,2014
136654,The Face of an Angel,2015
136664,Wild Horses,2015
136666,Search Party,2014
136778,The Squeeze,2015
136786,Careful What You Wish For,2015
136800,Robot Overlords,2014
136816,Bad Asses on the Bayou,2015
136834,The Eye: Infinity,2005
136838,Kiss me Kismet,2006
136840,Da geht noch was!,2013
136850,Villain,1971
136859,The Lovers,2015
136864,Batman v Superman: Dawn of Justice,2016
136912,God Loves Caviar,2012
136958,Mortuary,1983
137218,April Morning,1988
137337,Amy,2015
137345,That Demon Within,2014
137517,Carnival Magic,1981
137595,Magic Mike XXL,2015
137857,The Jungle Book,2016
137859,Dragon Ball Z Gaiden: The Plot to Destroy the Saiyans,1993
137863,Dragon Ball Z: Resurrection of F,2015
138036,The Man from U.N.C.L.E.,2015
138186,Sorrow,2015
138204,7 Days in Hell,2015
138208,The Walk,2015
138210,13 Hours,2016
138396,There Will Come a Day,2013
138546,The Opposite Sex,2014
138610,The Gallows,2015
138632,Tokyo Tribe,2014
138702,Feast,2014
138798,Joe Dirt 2: Beautiful Loser,2015
138835,Return to Treasure Island,1988
138966,Nasu: Summer in Andalusia,2003
139052,Dark Places,2015
139130,Afro Samurai,2007
139157,Massu Engira Maasilamani,2015
139385,The Revenant,2015
139415,Irrational Man,2015
139511,Exte: Hair Extensions,2007
139640,Ooops! Noah is Gone...,2015
139642,Southpaw,2015
139644,Sicario,2015
139655,Goodnight Mommy (Ich seh ich seh),2014
139717,10 Cent Pistol,2015
139747,Before We Go,2014
139855,Anomalisa,2015
139857,Colonia,2016
139859,Ghost in the Shell Arise - Border 2: Ghost Whispers,2013
139915,How to Make Love Like an Englishman,2014
139994,Fracchia contro Dracula,1985
140016,Always Watching: A Marble Hornets Story,2015
140038,Madly in Love,1981
140110,The Intern,2015
140133,Hollywood Chainsaw Hookers,1988
140162,Love,2015
140174,Room,2015
140237,The Runner,2015
140247,The Gift,2015
140265,George Carlin: Jammin' in New York,1992
140267,The Witch,2015
140289,Men & Chicken,2015
140301,The Escort,2015
140359,Doctor Who: The Waters of Mars,2009
140481,"Family Guy Presents: Something, Something, Something, Dark Side",2009
140523,The Visit,2015
140525,Secret in Their Eyes,2015
140541,The Electric Hotel,1908
140561,Jeff Ross Roasts Criminals: Live at Brazos County Jail,2015
140627,Battle For Sevastopol,2015
140711,American Ultra,2015
140715,Straight Outta Compton,2015
140725,Cop Car,2015
140737,The Lost Room,2006
140816,Tangerine,2015
140850,Every Secret Thing,2014
140852,964 Pinocchio,1991
140928,Joy,2015
140956,Ready Player One,Unknown
141004,Victor Frankenstein,2015
141131,Guardians,2016
141400,Invincible Shaolin,1978
141408,Scouts Guide to the Zombie Apocalypse,2015
141422,Suffragette,2015
141513,Fort Tilden,2014
141544,Turbo Kid,2015
141646,The Unauthorized Saved by the Bell Story,2014
141668,War Room,2015
141688,Legend,2015
141718,Deathgasm,2015
141749,The Danish Girl,2015
141799,Cooties,2015
141810,Autumn Marathon,1979
141816,12 Chairs,1976
141818,Ordinary Miracle,1978
141820,Old Men: Robbers,1971
141830,Unbelievable Adventures of Italians in Russia,1974
141836,It Can't Be!,1975
141844,12 Chairs,1971
141846,Steve Jobs: The Man in the Machine,2015
141866,Green Room,2015
141890,Beasts of No Nation,2015
141928,Bloodsucking Bastards,2015
141994,Saving Christmas,2014
142020,Oscar,1967
142056,Iron Man & Hulk: Heroes United,2013
142074,Knock Knock,2015
142115,The Blue Planet,2001
142196,Cornered!,2009
142222,Demolition,2016
142366,Cigarette Burns,2005
142372,Our Brand Is Crisis,2015
142420,High Rise,2015
142422,The Night Before,2015
142424,Into the Forest,2015
142444,The Editor,2015
142448,Everest,2015
142456,The Brand New Testament,2015
142488,Spotlight,2015
142507,Pawn Sacrifice,2015
142509,Hardcore Henry,2015
142536,Burnt,2015
142550,Ryuzo and the Seven Henchmen,2015
142558,If I Were a Rich Man,2002
142598,Last Shift,2014
142602,"F*ck You, Goethe 2",2015
142831,Garam Masala,2005
142961,Life Eternal,2015
142997,Hotel Transylvania 2,2015
143001,Anti-Social,2015
143031,Jump In!,2007
143245,The Little Prince,2015
143255,Narcopolis,2014
143257,Ashby,2015
143355,Wonder Woman,2017
143365,The Circle,2016
143367,Silence,2016
143385,Bridge of Spies,2015
143410,Hyena Road,Unknown
143458,The Great Hypnotist,2014
143472,Into the Grizzly Maze,2015
143511,Human,2015
143525,Chasuke's Journey,2015
143559,L.A. Slasher,2015
143859,"Hail, Caesar!",2016
143896,How To Change The World,2015
143969,Er ist wieder da,2015
144210,Just Eat It: A Food Waste Story,2014
144222,Bros Before Hos,2013
144262,Slow Learners,2015
144352,Unforgiven,2013
144478,"Sex, Drugs & Taxation",2013
144522,Sky High,2003
144606,Confessions of a Dangerous Mind,2002
144620,Goosebumps,2015
144714,The Perfect Guy,2015
144716,Rock the Kasbah,2015
144734,Freaks of Nature,2015
144976,Bone Tomahawk,2015
145080,Extraordinary Tales,2015
145150,The Dressmaker,2015
145283,Nowitzki: The Perfect Shot,2014
145418,Trumbo,2015
145491,Our Lips Are Sealed,2000
145724,Idaho Transfer,1973
145745,Witch Hunt,1999
145839,Concussion,2015
145935,The Peanuts Movie,2015
145951,Bloodsport: The Dark Kumite,1999
145994,Formula of Love,1984
146024,A Man from Boulevard des Capucines,1987
146028,The Adventures of Sherlock Holmes and Dr. Watson: The Hound of the Baskervilles,1981
146210,Blue Mountain State: The Rise of Thadland,2015
146244,Dil To Pagal Hai,1997
146309,The Boy and the Beast,2015
146656,Creed,2015
146662,Dragons: Gift of the Night Fury,2011
146682,Twinsters,2015
146684,Cosmic Scrat-tastrophe,2015
146688,Solace,2015
146730,Lost in the Sun,2015
146986,Le Maître d'école,1981
147002,Eros,2004
147142,Those Happy Days,2006
147196,The Girls,1961
147250,The Adventures of Sherlock Holmes and Doctor Watson,Unknown
147282,What Men Still Talk About,2011
147286,The Adventures of Sherlock Holmes and Doctor Watson: The Treasures of Agra,1983
147300,Adventures Of Sherlock Holmes And Dr. Watson: The Twentieth Century Approaches,1986
147326,The Adventures of Sherlock Holmes and Doctor Watson: King of Blackmailers,1980
147328,The Adventures of Sherlock Holmes and Dr. Watson: Bloody Signature,1979
147330,Sherlock Holmes and Dr. Watson: Acquaintance,1979
147372,Doctor Who: Last Christmas,2014
147374,"Doctor Who: The Doctor, the Widow and the Wardrobe",2011
147376,Doctor Who: A Christmas Carol,2010
147378,Doctor Who: Planet of the Dead,2009
147380,Doctor Who: The Next Doctor,2008
147382,Doctor Who: Voyage Of The Damned,2007
147384,Doctor Who: The Runaway Bride,2007
147410,A Perfect Day,2015
147657,Masked Avengers,1981
147662,Return of the One-Armed Swordsman,1969
147936,The Lord's Lantern in Budapest,1999
148166,Hitchcock/Truffaut,2015
148172,The 5th Wave,2016
148238,A Very Murray Christmas,2015
148424,Chi-Raq,2015
148482,Truth,2015
148592,Just Jim,2015
148626,The Big Short,2015
148632,Applesauce,2015
148652,The Ridiculous 6,2015
148667,John Mulaney: The Comeback Kid,2015
148671,Saw,2003
148675,North Pole: Open For Christmas,2015
148709,Mojave,2015
148775,Wizards of Waverly Place: The Movie,2009
148881,World of Tomorrow,2015
148888,Zoolander 2,2016
148956,How to Be Single,2016
148978,Blue Exorcist: The Movie,2012
148982,Devil Dog: The Hound of Hell,1978
149011,He Never Died,2015
149144,Parasyte: Part 1,2014
149146,Parasyte: Part 2,2015
149330,A Cosmic Christmas,1977
149334,Nocturnal Animals,Unknown
149350,Lumberjack Man,2015
149352,Daddy's Home,2015
149354,Sisters,2015
149380,'Tis the Season for Love,2015
149406,Kung Fu Panda 3,2016
149508,Spellbound,2011
149566,Unicorn City,2012
149590,Standoff,2016
149612,Swelter,2014
149830,Pride and Prejudice and Zombies,2016
149902,Garm Wars: The Last Druid,2014
150254,The Devil's Candy,2015
150401,Close Range,2015
150548,Sherlock: The Abominable Bride,2016
150554,The Love Bug,1997
150596,Doctor Who: The Husbands of River Song,2015
150604,Moonwalkers,2015
150696,Tomorrow,2015
150993,Anacleto: Agente secreto,2015
151311,Wiener-Dog,2016
151315,Ride Along 2,2016
151317,Maggie's Plan,2015
151455,Eddie the Eagle,2016
151479,The Flash 2 - Revenge of the Trickster,1991
151501,Exposed,2016
151557,Stonewall,2015
151559,Frankenstein,2015
151653,Welcome to Happiness,2015
151687,Risen,2016
151695,The Survivalist,2015
151739,Dirty Grandpa,2016
151745,Reptilicus,1961
151759,Requiem for the American Dream,2015
151763,Death Note Rewrite: Genshisuru Kami,2007
151769,Three from Prostokvashino,1978
151777,The Finest Hours,2016
151781,Ghost in the Shell: Solid State Society,2006
152037,Grease Live,2016
152063,Gods of Egypt,2016
152065,Embrace of the Serpent,2016
152071,Race,2016
152077,10 Cloverfield Lane,2016
152079,London Has Fallen,2016
152081,Zootopia,2016
152083,Whiskey Tango Foxtrot,2016
152085,Desierto,2016
152091,The Brothers Grimsby,2016
152105,Dad's Army,1971
152173,Michael Jackson's Thriller,1983
152270,The Wait,2015
152284,War and Peace,2016
152372,Southbound,2016
152591,Ip Man 3,2015
152658,Santa's Little Helper,2015
152711,Who Killed Chea Vichea?,2010
152970,Hunt for the Wilderpeople,2016
153070,Rabbits,2002
153236,Genius Party,2007
153386,Long Live Ghosts!,1977
153408,Tears for Sale,2008
154065,Dad's Army,2016
154358,The Barkley Marathons: The Race That Eats Its Young,2015
154975,Merci Patron !,2016
155064,The Neon Demon,2016
155168,Fraktus,2012
155288,Eye in the Sky,2016
155358,Camino,2016
155509,Mr. Right,2016
155589,Noin 7 veljestä,1968
155659,Florence Foster Jenkins,2016
155743,My Big Fat Greek Wedding 2,2016
155774,Neon Bull,2015
155812,Get a Job,2016
155820,Keanu,2016
155892,Me Him Her,2015
156025,Ice Age: The Great Egg-Scapade,2016
156371,Everybody Wants Some,2016
156387,Sing Street,2016
156553,Zoom,2015
156605,Paterson,Unknown
156607,The Huntsman Winter's War,2016
156609,Neighbors 2: Sorority Rising,2016
156675,Project X,1968
156706,The Trust,2016
156726,Hush,2016
156781,Jimmy Carr: Telling Jokes,2009
156783,Jimmy Carr: Making People Laugh,2010
157108,Texas - Doc Snyder hält die Welt in Atem,1993
157110,00 Schneider - Jagd auf Nihil Baxter,1994
157122,The Man Who Knew Infinity,2016
157130,Despite the Falling Snow,2016
157172,Wizards of the Lost Kingdom II,1989
157200,Money Monster,2016
157270,Barbershop: The Next Cut,2016
157296,Finding Dory,2016
157312,The Boss,2016
157340,The Angry Birds Movie,2016
157369,Bakuman,2015
157407,I Am Wrath,2016
157432,Precious Cargo,2016
157699,Snowden,2016
157775,Tenchi Muyô! In Love,1996
157865,Ratchet & Clank,2016
158022,Kicking Off,2016
158027,SORI: Voice from the Heart,2016
158035,Gintama: The Final Chapter - Be Forever Yorozuya,2013
158238,The Nice Guys,2016
158254,Kindergarten Cop 2,2016
158388,Buck Rogers in the 25th Century,1979
158398,World of Glory,1991
158402,The Crew,2016
158528,The Shallows,2016
158721,Gen-X Cops,1999
158783,The Handmaiden,2016
158813,Alice Through the Looking Glass,2016
158830,The BFG,2016
158842,My Scientology Movie,2016
158872,Sausage Party,2016
158874,Karate Bullfighter,1975
158882,All Yours,2016
158956,Kill Command,2016
158966,Captain Fantastic,2016
158972,Toni Erdmann,2016
159061,The Wailing,2016
159069,Comedy of the Strict Regime,1993
159077,The Meddler,2016
159093,Now You See Me 2,2016
159161,Ali Wong: Baby Cobra,2016
159193,Café Society,2016
159403,Neo Tokyo,1987
159415,Swiss Army Man,2016
159441,The Do-Over,2016
159510,Death Smiles on a Murderer,1973
159690,Teenage Mutant Ninja Turtles: Out of the Shadows,2016
159717,The Fundamentals of Caring,2016
159755,Popstar: Never Stop Never Stopping,2016
159779,A Midsummer Night's Dream,2016
159811,The Bremen Town Musicians,1969
159817,Planet Earth,2006
159849,Bo Burnham: Make Happy,2016
159858,The Conjuring 2,2016
159976,Pelé: Birth of a Legend,2016
160080,Ghostbusters,2016
160271,Central Intelligence,2016
160289,O.J.: Made in America,2016
160341,Bloodmoon,1997
160400,Genius,2016
160422,The Wooden Horse,1950
160438,Jason Bourne,2016
160440,The Maid's Room,2014
160527,Sympathy for the Underdog,1971
160563,The Legend of Tarzan,2016
160565,The Purge: Election Year,2016
160567,Mike & Dave Need Wedding Dates,2016
160569,Ice Age: Collision Course,2016
160571,Lights Out,2016
160573,Pete's Dragon,2016
160644,Indignation,2016
160646,Goat,2016
160684,Marauders,2016
160718,Piper,2016
160730,The Adderall Diaries,2015
160836,Hazard,2005
160848,The Red Turtle,2016
160872,Satanic,2016
160954,Nerve,2016
160978,Hellevator,2004
160980,Sully,2016
161008,The Forbidden Dance,1990
161024,Jim Jefferies: Freedumb,2016
161032,The Grandmother,1970
161044,Webmaster,1998
161127,The Infiltrator,2016
161131,War Dogs,2016
161290,Vigilante Diaries,2016
161354,Batman: The Killing Joke,2016
161580,Bad Moms,2016
161582,Hell or High Water,2016
161594,Kingsglaive: Final Fantasy XV,2016
161634,Don't Breathe,2016
161830,Body,2015
161918,Sharknado 4: The 4th Awakens,2016
161922,The Edge of Seventeen,2016
161966,Elle,2016
162082,Train to Busan,2016
162344,Tom Segura: Mostly Stories,2016
162350,The Magnificent Seven,2016
162414,Moonlight,Unknown
162478,Masterminds,2016
162578,Kubo and the Two Strings,2016
162590,Bridget Jones's Baby,2016
162598,Deepwater Horizon,2016
162600,Miss Peregrine's Home for Peculiar Children,2016
162602,The Girl on the Train,2016
162606,The Accountant,2016
162828,Imperium,2016
162968,Kizumonogatari Part 1: Tekketsu,2016
162982,Steins;Gate the Movie: The Burden of Déjà vu,2013
163056,Shin Godzilla,2016
163072,Winnie Pooh,1969
163112,Winnie the Pooh Goes Visiting,1971
163134,Your Name.,2016
163386,Winnie the Pooh and the Day of Concern,1972
163527,Comedy Central Roast of David Hasselhoff,2010
163639,DC Super Hero Girls: Hero of the Year,2016
163645,Hacksaw Ridge,2016
163653,David Cross: Making America Great Again,2016
163809,Over the Garden Wall,2013
163925,"Wings, Legs and Tails",1986
163937,Blair Witch,2016
163981,31,2016
163985,ARQ,2016
164179,Arrival,2016
164200,Storks,2016
164226,Maximum Ride,2016
164280,Endless Poetry,2016
164367,The Girl with All the Gifts,2016
164375,All Roads Lead to Rome,2016
164540,Amanda Knox,2016
164647,Dirty 30,2016
164655,Gimme Danger,2016
164707,Go Figure,2005
164753,Anything for Love,2016
164881,Night Guards,2016
164909,La La Land,2016
164917,13th,2016
165075,London Town,2016
165101,Inferno,2016
165103,Keeping Up with the Joneses,2016
165139,Wild Oats,2016
165343,The Rocky Horror Picture Show: Let's Do the Time Warp Again,2016
165347,Jack Reacher: Never Go Back,2016
165483,Joe Rogan: Triggered,2016
165489,Ethel & Ernest,2016
165529,Flowers for Algernon,2000
165549,Manchester by the Sea,2016
165551,Lion,2016
165635,The Thinning,2016
165639,While You Were Fighting: A Thor Mockumentary,2016
165645,Bad Santa 2,2016
165671,Ice Guardians,2016
165843,Risk,2016
165947,The True Memoirs of an International Assassin,2016
165959,Alesha Popovich and Tugarin the Dragon,2004
165969,HyperNormalisation,2016
166015,The African Doctor,2016
166024,Whiplash,2013
166183,Junior and Karlson,1968
166203,Sapphire Blue,2014
166291,A Silent Voice,2016
166461,Moana,2016
166492,Office Christmas Party,2016
166526,The Space Between Us,2016
166528,Rogue One: A Star Wars Story,2016
166534,Split,2017
166558,Underworld: Blood Wars,2016
166568,Miss Sloane,2016
166635,Passengers,2016
166643,Hidden Figures,2016
166705,Fences,2016
166946,The Founder,2016
167018,Why Him?,2016
167036,Sing,2016
167064,I Am Not Your Negro,2017
167296,Iron Man,1931
167370,Assassin's Creed,2016
167380,A Dog's Purpose,2017
167538,Microwave Massacre,1983
167570,The OA,Unknown
167634,Fist Fight,2017
167706,Shakespeare Behind Bars,2005
167732,A Street Cat Named Bob,2016
167746,The Lego Batman Movie,2017
167772,The Spirit of Christmas,1995
167790,The Good Boy,2016
167854,"Dana Carvey: Straight White Male, 60",2016
168026,Marvel One-Shot: Agent Carter,2013
168090,Kizumonogatari II: Passionate Blood,2016
168144,Joe Rogan: Live,2006
168174,Jim Gaffigan: Cinco,2017
168218,Kizumonogatari III: Cold Blood,2017
168248,John Wick: Chapter Two,2017
168250,Get Out,2017
168252,Logan,2017
168254,Kong: Skull Island,2017
168266,T2: Trainspotting,2017
168326,The Big Sick,2017
168350,100 Streets,2016
168358,Saturn 3,1980
168366,Beauty and the Beast,2017
168418,The Boss Baby,2017
168456,Mercury Plains,2016
168492,Call Me by Your Name,2017
168608,Mudbound,2017
168612,Ghost in the Shell,2017
168632,Bill Burr: Walk Your Way Out,2017
168712,Fifty Shades Darker,2017
168846,Neal Brennan: 3 Mics,2017
169034,Lemonade,2016
169180,American Fable,2017
169670,The Void,2016
169904,Guyver: Dark Hero,1994
169912,Denis Leary: No Cure for Cancer,1993
169958,Buster's Mal Heart,2017
169982,Power Rangers,2017
169984,Alien: Covenant,2017
169992,Free Fire,2017
170289,Species III,2004
170297,Ultimate Avengers 2,2006
170355,Mulholland Dr.,1999
170357,Dave Chappelle: The Age of Spin,2017
170399,CHiPS,2017
170401,Table 19,2017
170411,Dave Chappelle: Deep in the Heart of Texas,2017
170551,The Quiet Family,1998
170597,A Plasticine Crow,1981
170697,Gifted,2017
170705,Band of Brothers,2001
170777,There Once Was a Dog,1982
170813,Baywatch,2017
170817,Snatched,2017
170827,The Mummy,2017
170837,Life-Size,2000
170875,The Fate of the Furious,2017
170897,Sandy Wexler,2017
170907,Betting on Zero,2016
170937,Win It All,2017
170939,Captain Underpants: The First Epic Movie,2017
170945,It Comes at Night,2017
170957,Cars 3,2017
170993,Mini's First Time,2006
171011,Planet Earth II,2016
171023,The Hero,2017
171251,"Nobody Speak: Hulk Hogan, Gawker and Trials of a Free Press",2017
171495,Cosmos,Unknown
171631,Maria Bamford: Old Baby,Unknown
171695,Robin Williams: Live on Broadway,2002
171701,The Death of Louis XIV,2016
171749,Death Note: Desu nôto (2006–2007),Unknown
171751,Munna bhai M.B.B.S.,2003
171759,The Beguiled,2017
171763,Baby Driver,2017
171765,Okja,2017
171811,Embassy,2013
171867,Rough Night,2017
171891,Generation Iron 2,Unknown
171917,Mystère à la Tour Eiffel,2015
172013,Stefan Zweig: Farewell to Europe,2016
172215,Saved by the Bell: Hawaiian Style,1992
172229,Plain Clothes,1988
172233,The Prime Gig,2000
172253,The Night Before,1988
172321,Late Night with Conan O'Brien: The Best of Triumph the Insult Comic Dog,2004
172461,Get Me Roger Stone,2017
172497,T2 3-D: Battle Across Time,1996
172547,Despicable Me 3,2017
172577,Last Year's Snow Was Falling,1983
172583,Investigation Held by Kolobki,1986
172585,Karlson Returns,1970
172587,Vacations in Prostokvashino,1980
172589,Winter in Prostokvashino,1984
172591,The Godfather Trilogy: 1972-1990,1992
172637,Priklyucheniya Kapitana Vrungelya,1979
172705,Tickling Giants,2017
172793,Vovka in the Kingdom of Far Far Away,1965
172825,Adventures of Mowgli: The Kidnapping,1968
172875,A Detective Story,2003
172881,Final Flight of the Osiris,2003
172887,Kid's Story,2003
172909,Cheburashka,1971
173145,War for the Planet of the Apes,2017
173197,The Square,2017
173205,The Meyerowitz Stories,2017
173209,War Machine,2017
173235,Tokyo Idols,2017
173253,Vir Das: Abroad Understanding,2017
173255,"Norm Macdonald: Hitler's Dog, Gossip & Trickery",2017
173291,Valerian and the City of a Thousand Planets,2017
173307,The Gracefield Incident,2015
173317,Shadow World,2016
173351,Wow! A Talking Fish!,1983
173355,Travels of an Ant,1983
173535,The Adventures of Sherlock Holmes and Doctor Watson: The Hunt for the Tiger,1980
173619,Fugitives,1986
173751,Tiger Raid,2016
173873,Gulliver's Travels,1996
173925,Seven Sisters,2017
173941,Atomic Blonde,2017
173963,Empties,2007
174045,Goon: Last of the Enforcers,2017
174053,Black Mirror: White Christmas,2014
174055,Dunkirk,2017
174141,Belladonna of Sadness,1973
174403,The Putin Interviews,2017
174479,Unedited Footage of a Bear,2014
174551,Obsession,1965
174681,"Oh, Hello: On Broadway",2017
174727,Good Time,2017
174737,Don Camillo in Moscow,1965
174815,The House,2017
174909,Logan Lucky,2017
175197,The Dark Tower,2017
175199,Annabelle: Creation,2017
175293,Gena the Crocodile,1969
175303,It,2017
175387,On the Trail of the Bremen Town Musicians,1973
175397,"In the blue sea, in the white foam.",1984
175401,Wolf and Calf,1984
175431,Bobik Visiting Barbos,1977
175435,The Magic Ring,1982
175475,The Emoji Movie,2017
175485,Death Note,2017
175569,Wind River,2017
175577,Rory Scovel Tries Stand-Up for the First Time,2017
175585,Shot Caller,2017
175661,The Hitman's Bodyguard,2017
175693,Rick and Morty: State of Georgia Vs. Denver Fenton Allen,2016
175705,Themroc,1973
175707,A German Life,2016
175743,Self-criticism of a Bourgeois Dog,2017
175781,Der Herr Karl,1961
176051,LEGO DC Super Hero Girls: Brain Drain,2017
176101,Kingsman: The Golden Circle,2017
176329,Ari Shaffir: Double Negative,2017
176371,Blade Runner 2049,2017
176389,The Nut Job 2: Nutty by Nature,2017
176413,Bliss,2012
176415,Alles Inklusive,2014
176419,Mother!,2017
176423,Icarus,2017
176579,Cage Dive,2017
176601,Black Mirror,Unknown
176621,Boniface's Holiday,1965
176751,American Made,2017
176805,Little Boxes,2017
176935,Geostorm,2017
177185,Maz Jobrani: Immigrant,2017
177285,Sword Art Online The Movie: Ordinal Scale,2017
177593,"Three Billboards Outside Ebbing, Missouri",2017
177615,Lady Bird,2017
177763,Murder on the Orient Express,2017
177765,Coco,2017
177939,"The Night Is Short, Walk on Girl",2017
178061,"I, Tonya",2017
178111,"Fireworks, Should We See It from the Side or the Bottom?",2017
178129,Adventures in Plymptoons!,2011
178323,Gaga: Five Foot Two,2017
178613,Dave Chappelle: Killin' Them Softly,2000
178615,Front Cover,2016
178827,Paddington 2,2017
179053,2048: Nowhere to Run,2017
179073,Male Hunt,1964
179119,The Death of Stalin,2017
179133,Loving Vincent,2017
179135,Blue Planet II,2017
179211,Christina P: Mother Inferior,2017
179401,Jumanji: Welcome to the Jungle,2017
179427,Dane Cook: Troublemaker,2014
179491,Mayhem,2017
179511,Emerald Green,2016
179709,Wonder Wheel,2017
179749,Creep 2,2017
179813,LBJ,2017
179815,"Roman J. Israel, Esq.",2017
179817,Darkest Hour,2017
179819,Star Wars: The Last Jedi,2017
179953,A Bad Moms Christmas,2017
180031,The Shape of Water,2017
180045,Molly's Game,2017
180095,Wonder,2017
180231,Daddy's Home 2,2017
180263,The Shining,1997
180265,Jim & Andy: The Great Beyond,2017
180297,The Disaster Artist,2017
180497,The Post,2017
180777,Die Frauen von Ravensbrück,2005
180985,The Greatest Showman,2017
180987,Ferdinand,2017
181065,Jack Whitehall: At Large,2017
181139,Lynne Koplitz: Hormonal Beast,2017
181315,Phantom Thread,2017
181413,Too Funny to Fail: The Life and Death of The Dana Carvey Show,2017
181659,Craig Ferguson: Tickle Fight,2017
181719,Serving in Silence: The Margarethe Cammermeyer Story,1995
182293,Hare-um Scare-um,1939
182297,Porky in Wackyland,1938
182299,Porky's Hare Hunt,1938
182639,The Second Renaissance Part II,2003
182715,Annihilation,2018
182727,A Christmas Story Live!,2017
182731,Pixel Perfect,2004
182749,Judd Apatow: The Return,2017
182793,The Purple Sea,2009
182823,Bright,2017
183011,The Commuter,2018
183197,Dave Chappelle: Equanimity,2017
183199,Quest,2017
183227,Dave Chappelle: The Bird Revelation,2017
183295,Insidious: The Last Key,2018
183301,The Tale of the Bunny Picnic,1986
183317,Patti Rocks,1988
183611,Game Night,2018
183635,Maze Runner: The Death Cure,2018
183897,Isle of Dogs,2018
183911,The Clapper,2018
183959,Tom Segura: Disgraceful,2018
184015,When We First Met,2018
184053,Battle Planet,2008
184245,De platte jungle,1978
184253,The Cloverfield Paradox,2018
184257,Making a Murderer,2015
184349,Elsa & Fred,2005
184471,Tomb Raider,2018
184641,Fullmetal Alchemist 2018,2017
184721,First Reformed,2017
184791,Fred Armisen: Standup for Drummers,2018
184931,Death Wish,2018
184987,A Wrinkle in Time,2018
184997,"Love, Simon",2018
185029,A Quiet Place,2018
185031,Alpha,2018
185033,I Kill Giants,2018
185135,Sherlock - A Study in Pink,2010
185435,"Game Over, Man!",2018
185473,Blockers,2018
185585,Pacific Rim: Uprising,2018
186587,Rampage,2018
187031,Jurassic World: Fallen Kingdom,2018
187541,Incredibles 2,2018
187593,Deadpool 2,2018
187595,Solo: A Star Wars Story,2018
187717,Won't You Be My Neighbor?,2018
188189,Sorry to Bother You,2018
188301,Ant-Man and the Wasp,2018
188675,Dogman,2018
188751,Mamma Mia: Here We Go Again!,2018
188797,Tag,2018
188833,The Man Who Killed Don Quixote,2018
189043,Boundaries,2018
189111,Spiral,2018
189333,Mission: Impossible - Fallout,2018
189381,SuperFly,2018
189547,Iron Soldier,2010
189713,BlacKkKlansman,2018
190183,The Darkest Minds,2018
190207,Tilt,2011
190209,Jeff Ross Roasts the Border,2017
190213,John From,2015
190215,Liquid Truth,2017
190219,Bunny,1998
190221,Hommage à Zgougou (et salut à Sabine Mamou),2002
191005,Gintama,2017
193565,Gintama: The Movie,2010
193567,anohana: The Flower We Saw That Day - The Movie,2013
193571,Silver Spoon,2014
193573,Love Live! The School Idol Movie,2015
193579,Jon Stewart Has Left the Building,2015
193581,Black Butler: Book of the Atlantic,2017
193583,No Game No Life: Zero,2017
193585,Flint,2017
193587,Bungo Stray Dogs: Dead Apple,2018
193609,Andrew Dice Clay: Dice Rules,1991
