,movieId,count,mean,bayesian_avg,title
0,1,215,3.9209302325581397,3.89,Toy Story (1995)
1,2,110,3.4318181818181817,3.42,Jumanji (1995)
2,3,52,3.2596153846153846,3.26,Grumpier Old Men (1995)
3,4,7,2.357142857142857,2.9,Waiting to Exhale (1995)
4,5,49,3.0714285714285716,3.1,Father of the Bride Part II (1995)
5,6,102,3.946078431372549,3.88,Heat (1995)
6,7,54,3.185185185185185,3.2,Sabrina (1995)
7,8,8,2.875,3.09,Tom and Huck (1995)
8,9,16,3.125,3.18,Sudden Death (1995)
9,10,132,3.496212121212121,3.48,GoldenEye (1995)
10,11,70,3.6714285714285713,3.62,"American President, The (1995)"
11,12,19,2.4210526315789473,2.72,Dracula: Dead and Loving It (1995)
12,13,8,3.125,3.2,Balto (1995)
13,14,18,3.8333333333333335,3.62,Nixon (1995)
14,15,13,3.0,3.12,Cutthroat Island (1995)
15,16,82,3.926829268292683,3.85,Casino (1995)
16,17,67,3.7761194029850746,3.71,Sense and Sensibility (1995)
17,18,20,3.7,3.55,Four Rooms (1995)
18,19,88,2.727272727272727,2.78,Ace Ventura: When Nature Calls (1995)
19,20,15,2.5,2.81,Money Train (1995)
20,21,89,3.49438202247191,3.47,Get Shorty (1995)
21,22,36,3.2222222222222223,3.23,Copycat (1995)
22,23,16,3.125,3.18,Assassins (1995)
23,24,28,3.125,3.16,Powder (1995)
24,25,76,3.625,3.58,Leaving Las Vegas (1995)
25,26,13,3.5,3.39,Othello (1995)
26,27,9,3.3333333333333335,3.3,Now and Then (1995)
27,28,11,4.2272727272727275,3.76,Persuasion (1995)
28,29,38,4.0131578947368425,3.85,"City of Lost Children, The (Cité des enfants perdus, La) (1995)"
29,30,3,3.0,3.2,Shanghai Triad (Yao a yao yao dao waipo qiao) (1995)
30,31,38,3.1842105263157894,3.2,Dangerous Minds (1995)
31,32,177,3.983050847457627,3.94,Twelve Monkeys (a.k.a. 12 Monkeys) (1995)
32,34,128,3.65234375,3.62,Babe (1995)
33,36,67,3.8358208955223883,3.76,Dead Man Walking (1995)
34,38,4,2.125,2.95,It Takes Two (1995)
35,39,104,3.293269230769231,3.29,Clueless (1995)
36,40,2,4.25,3.42,"Cry, the Beloved Country (1995)"
37,41,15,3.7,3.52,Richard III (1995)
38,42,7,3.0,3.16,Dead Presidents (1995)
39,43,8,3.1875,3.23,Restoration (1995)
40,44,46,2.5434782608695654,2.68,Mortal Kombat (1995)
41,45,32,3.3125,3.3,To Die For (1995)
42,46,15,3.066666666666667,3.15,How to Make an American Quilt (1995)
43,47,203,3.9753694581280787,3.94,Seven (a.k.a. Se7en) (1995)
44,48,68,3.1470588235294117,3.16,Pocahontas (1995)
45,49,1,3.0,3.24,When Night Is Falling (1995)
46,50,204,4.237745098039215,4.19,"Usual Suspects, The (1995)"
47,52,28,3.4642857142857144,3.41,Mighty Aphrodite (1995)
48,53,2,5.0,3.54,Lamerica (1994)
49,54,3,2.3333333333333335,3.05,"Big Green, The (1995)"
50,55,1,4.0,3.33,Georgia (1995)
51,57,8,3.0625,3.18,Home for the Holidays (1995)
52,58,37,4.027027027027027,3.86,"Postman, The (Postino, Il) (1994)"
53,60,34,3.235294117647059,3.24,"Indian in the Cupboard, The (1995)"
54,61,6,3.75,3.44,Eye for an Eye (1996)
55,62,80,3.70625,3.66,Mr. Holland's Opus (1995)
56,63,7,2.7142857142857144,3.04,Don't Be a Menace to South Central While Drinking Your Juice in the Hood (1996)
57,64,5,2.2,2.92,Two if by Sea (1996)
58,65,31,2.532258064516129,2.72,Bio-Dome (1996)
59,66,9,2.5,2.91,Lawnmower Man 2: Beyond Cyberspace (1996)
60,68,5,3.4,3.31,French Twist (Gazon maudit) (1995)
61,69,20,3.775,3.6,Friday (1995)
62,70,55,3.5090909090909093,3.47,From Dusk Till Dawn (1996)
63,71,5,1.7,2.75,Fair Game (1995)
64,72,7,3.2142857142857144,3.24,Kicking and Screaming (1995)
65,73,13,3.4615384615384617,3.37,"Misérables, Les (1995)"
66,74,8,4.0,3.58,Bed of Roses (1996)
67,75,5,2.2,2.92,Big Bully (1996)
68,76,15,3.4,3.34,Screamers (1995)
69,77,1,4.0,3.33,Nico Icon (1995)
70,78,3,3.3333333333333335,3.28,"Crossing Guard, The (1995)"
71,79,17,2.764705882352941,2.95,"Juror, The (1996)"
72,80,2,4.0,3.38,"White Balloon, The (Badkonake sefid) (1995)"
73,81,14,3.107142857142857,3.17,Things to Do in Denver When You're Dead (1995)
74,82,8,3.875,3.53,Antonia's Line (Antonia) (1995)
75,83,1,3.0,3.24,Once Upon a Time... When We Were Colored (1995)
76,85,7,3.857142857142857,3.5,Angels and Insects (1995)
77,86,15,3.966666666666667,3.68,White Squall (1996)
78,87,7,2.5,2.96,Dunston Checks In (1996)
79,88,16,3.15625,3.2,Black Sheep (1996)
80,89,10,3.25,3.26,Nick of Time (1995)
81,92,8,2.625,2.98,Mary Reilly (1996)
82,93,9,2.8333333333333335,3.06,Vampire in Brooklyn (1995)
83,94,10,3.95,3.6,Beautiful Girls (1996)
84,95,84,3.0238095238095237,3.05,Broken Arrow (1996)
85,96,1,3.5,3.28,In the Bleak Midwinter (1995)
86,97,10,3.9,3.58,"Hate (Haine, La) (1995)"
87,99,2,5.0,3.54,Heidi Fleiss: Hollywood Madam (1995)
88,100,14,2.7857142857142856,2.99,City Hall (1996)
89,101,23,3.782608695652174,3.62,Bottle Rocket (1996)
90,102,5,2.4,2.98,Mr. Wrong (1996)
91,103,3,3.0,3.2,Unforgettable (1996)
92,104,99,3.4393939393939394,3.42,Happy Gilmore (1996)
93,105,23,3.282608695652174,3.28,"Bridges of Madison County, The (1995)"
94,106,1,4.0,3.33,Nobody Loves Me (Keiner liebt mich) (1994)
95,107,26,3.326923076923077,3.31,Muppet Treasure Island (1996)
96,108,1,4.0,3.33,Catwalk (1996)
97,110,237,4.031645569620253,4.0,Braveheart (1995)
98,111,104,4.105769230769231,4.03,Taxi Driver (1976)
99,112,46,3.5434782608695654,3.49,Rumble in the Bronx (Hont faan kui) (1995)
100,113,3,3.3333333333333335,3.28,Before and After (1996)
101,116,5,3.9,3.47,Anne Frank Remembered (1995)
102,117,1,3.0,3.24,"Young Poisoner's Handbook, The (1995)"
103,118,2,2.5,3.14,If Lucy Fell (1996)
104,119,2,3.0,3.22,"Steal Big, Steal Little (1995)"
105,121,2,4.0,3.38,"Boys of St. Vincent, The (1992)"
106,122,16,2.65625,2.89,Boomerang (1992)
107,123,4,4.375,3.57,Chungking Express (Chung Hing sam lam) (1994)
108,125,12,3.5833333333333335,3.43,Flirting With Disaster (1996)
109,126,7,2.0,2.75,"NeverEnding Story III, The (1994)"
110,128,1,3.0,3.24,Jupiter's Wife (1994)
111,129,1,2.0,3.15,Pie in the Sky (1996)
112,132,6,2.8333333333333335,3.11,Jade (1995)
113,135,31,2.9516129032258065,3.03,Down Periscope (1996)
114,137,1,3.0,3.24,Man of the Year (1995)
115,140,16,3.5,3.41,Up Close and Personal (1996)
116,141,86,3.494186046511628,3.47,"Birdcage, The (1996)"
117,144,12,3.3333333333333335,3.3,"Brothers McMullen, The (1995)"
118,145,51,3.2450980392156863,3.25,Bad Boys (1995)
119,146,3,3.3333333333333335,3.28,"Amazing Panda Adventure, The (1995)"
120,147,15,3.466666666666667,3.38,"Basketball Diaries, The (1995)"
121,148,1,5.0,3.42,"Awfully Big Adventure, An (1995)"
122,149,1,2.0,3.15,Amateur (1994)
123,150,201,3.845771144278607,3.82,Apollo 13 (1995)
124,151,44,3.5454545454545454,3.49,Rob Roy (1995)
125,152,2,1.5,2.98,"Addiction, The (1995)"
126,153,137,2.9160583941605838,2.94,Batman Forever (1995)
127,154,12,3.875,3.59,Beauty of the Day (Belle de jour) (1967)
128,155,6,2.4166666666666665,2.95,Beyond Rangoon (1995)
129,156,3,3.3333333333333335,3.28,Blue in the Face (1995)
130,157,11,2.8636363636363638,3.06,Canadian Bacon (1995)
131,158,62,2.806451612903226,2.87,Casper (1995)
132,159,14,2.892857142857143,3.05,Clockers (1995)
133,160,57,2.8771929824561404,2.94,Congo (1995)
134,161,103,3.6359223300970873,3.6,Crimson Tide (1995)
135,162,17,4.205882352941177,3.85,Crumb (1994)
136,163,66,3.5606060606060606,3.52,Desperado (1995)
137,164,14,3.3214285714285716,3.3,Devil in a Blue Dress (1995)
138,165,144,3.5555555555555554,3.54,Die Hard: With a Vengeance (1995)
139,166,3,2.8333333333333335,3.17,"Doom Generation, The (1995)"
140,168,54,3.0833333333333335,3.11,First Knight (1995)
141,169,10,2.4,2.84,Free Willy 2: The Adventure Home (1995)
142,170,35,3.2285714285714286,3.24,Hackers (1995)
143,171,6,3.8333333333333335,3.47,Jeffrey (1995)
144,172,53,2.6792452830188678,2.77,Johnny Mnemonic (1995)
145,173,62,2.6693548387096775,2.75,Judge Dredd (1995)
146,174,10,2.7,2.99,Jury Duty (1995)
147,175,20,3.975,3.73,Kids (1995)
148,176,13,4.3076923076923075,3.84,Living in Oblivion (1995)
149,177,8,2.75,3.04,Lord of Illusions (1995)
150,178,1,1.0,3.06,Love & Human Remains (1993)
151,179,2,1.5,2.98,Mad Love (1995)
152,180,36,3.4027777777777777,3.37,Mallrats (1995)
153,181,17,2.264705882352941,2.64,Mighty Morphin Power Rangers: The Movie (1995)
154,183,2,3.5,3.3,Mute Witness (1994)
155,184,2,3.5,3.3,Nadja (1994)
156,185,112,3.0401785714285716,3.06,"Net, The (1995)"
157,186,48,2.8229166666666665,2.9,Nine Months (1995)
158,187,4,4.125,3.5,Party Girl (1995)
159,188,12,3.4583333333333335,3.37,"Prophecy, The (1995)"
160,189,1,3.0,3.24,Reckless (1995)
161,190,5,2.8,3.11,Safe (1995)
162,191,6,2.4166666666666665,2.95,"Scarlet Letter, The (1995)"
163,193,35,2.4714285714285715,2.65,Showgirls (1995)
164,194,18,3.6666666666666665,3.52,Smoke (1995)
165,195,10,3.1,3.18,Something to Talk About (1995)
166,196,45,2.6666666666666665,2.78,Species (1995)
167,198,28,3.25,3.25,Strange Days (1995)
168,199,4,4.125,3.5,"Umbrellas of Cherbourg, The (Parapluies de Cherbourg, Les) (1964)"
169,201,1,3.0,3.24,Three Wishes (1995)
170,202,1,3.0,3.24,Total Eclipse (1995)
171,203,22,3.4318181818181817,3.38,"To Wong Foo, Thanks for Everything! Julie Newmar (1995)"
172,204,30,2.716666666666667,2.86,Under Siege 2: Dark Territory (1995)
173,205,9,3.1666666666666665,3.22,Unstrung Heroes (1995)
174,206,2,3.0,3.22,Unzipped (1995)
175,207,21,3.4285714285714284,3.37,"Walk in the Clouds, A (1995)"
176,208,115,2.9130434782608696,2.94,Waterworld (1995)
177,209,3,3.1666666666666665,3.24,White Man's Burden (1995)
178,210,4,3.0,3.19,Wild Bill (1995)
179,211,2,3.5,3.3,"Browning Version, The (1994)"
180,212,3,3.0,3.2,Bushwhacked (1995)
181,213,6,3.8333333333333335,3.47,Burnt by the Sun (Utomlyonnye solntsem) (1994)
182,214,2,4.0,3.38,Before the Rain (Pred dozhdot) (1994)
183,215,24,4.041666666666667,3.81,Before Sunrise (1995)
184,216,49,3.326530612244898,3.32,Billy Madison (1995)
185,217,6,2.3333333333333335,2.92,"Babysitter, The (1995)"
186,218,14,3.4285714285714284,3.36,Boys on the Side (1995)
187,219,1,3.0,3.24,"Cure, The (1995)"
188,220,1,3.0,3.24,Castle Freak (1995)
189,222,16,3.75,3.56,Circle of Friends (1995)
190,223,104,3.855769230769231,3.8,Clerks (1994)
191,224,40,3.6125,3.54,Don Juan DeMarco (1995)
192,225,52,3.5384615384615383,3.49,Disclosure (1994)
193,227,22,2.8636363636363638,2.99,Drop Zone (1994)
194,228,3,2.3333333333333335,3.05,Destiny Turns on the Radio (1995)
195,229,7,3.4285714285714284,3.33,Death and the Maiden (1994)
196,230,24,3.3958333333333335,3.36,Dolores Claiborne (1995)
197,231,133,3.0601503759398496,3.07,Dumb & Dumber (Dumb and Dumber) (1994)
198,232,14,3.892857142857143,3.62,Eat Drink Man Woman (Yin shi nan nu) (1994)
199,233,12,3.5,3.39,Exotica (1994)
200,234,17,2.588235294117647,2.84,Exit to Eden (1994)
201,235,70,3.6785714285714284,3.62,Ed Wood (1994)
202,236,45,3.477777777777778,3.44,French Kiss (1995)
203,237,22,3.340909090909091,3.32,Forget Paris (1995)
204,238,2,4.0,3.38,Far From Home: The Adventures of Yellow Dog (1995)
205,239,17,3.0,3.1,"Goofy Movie, A (1995)"
206,240,4,2.375,3.02,Hideaway (1995)
207,241,1,4.0,3.33,Fluke (1995)
208,242,5,3.6,3.37,Farinelli: il castrato (1994)
209,243,1,3.0,3.24,Gordy (1995)
210,246,29,4.293103448275862,4.02,Hoop Dreams (1994)
211,247,21,3.9285714285714284,3.71,Heavenly Creatures (1994)
212,248,17,3.176470588235294,3.21,Houseguest (1994)
213,249,18,3.7222222222222223,3.55,Immortal Beloved (1994)
214,250,6,2.5,2.98,Heavyweights (Heavy Weights) (1995)
215,251,3,3.0,3.2,"Hunted, The (1995)"
216,252,43,3.453488372093023,3.42,I.Q. (1994)
217,253,109,3.458715596330275,3.44,Interview with the Vampire: The Vampire Chronicles (1994)
218,254,1,3.0,3.24,Jefferson in Paris (1995)
219,255,7,2.0714285714285716,2.78,"Jerky Boys, The (1995)"
220,256,35,2.8285714285714287,2.93,Junior (1994)
221,257,14,3.5,3.4,Just Cause (1995)
222,258,10,2.6,2.94,"Kid in King Arthur's Court, A (1995)"
223,259,5,3.2,3.24,Kiss of Death (1995)
224,260,251,4.231075697211155,4.19,Star Wars: Episode IV - A New Hope (1977)
225,261,42,3.880952380952381,3.76,Little Women (1994)
226,262,21,3.9047619047619047,3.69,"Little Princess, A (1995)"
227,263,1,4.0,3.33,Ladybird Ladybird (1994)
228,265,33,3.9393939393939394,3.78,Like Water for Chocolate (Como agua para chocolate) (1992)
229,266,68,3.3970588235294117,3.38,Legends of the Fall (1994)
230,267,17,2.9411764705882355,3.06,Major Payne (1995)
231,269,2,3.0,3.22,My Crazy Life (Mi vida loca) (1993)
232,270,5,3.4,3.31,Love Affair (1994)
233,271,4,3.5,3.33,Losing Isaiah (1995)
234,272,31,3.7580645161290325,3.63,"Madness of King George, The (1994)"
235,273,28,2.9464285714285716,3.03,Mary Shelley's Frankenstein (Frankenstein) (1994)
236,274,7,2.9285714285714284,3.13,Man of the House (1995)
237,275,6,2.0,2.8,Mixed Nuts (1994)
238,276,22,3.25,3.25,Milk Money (1994)
239,277,38,3.223684210526316,3.23,Miracle on 34th Street (1994)
240,278,2,1.5,2.98,Miami Rhapsody (1995)
241,279,2,3.0,3.22,My Family (1995)
242,280,13,4.076923076923077,3.72,Murder in the First (1995)
243,281,14,3.7857142857142856,3.56,Nobody's Fool (1994)
244,282,40,3.3375,3.32,Nell (1994)
245,283,3,3.6666666666666665,3.35,New Jersey Drive (1995)
246,284,1,4.5,3.37,New York Cop (Nyû Yôku no koppu) (1993)
247,285,1,4.0,3.33,Beyond Bedlam (1993)
248,287,1,3.0,3.24,Nina Takes a Lover (1994)
249,288,92,3.233695652173913,3.24,Natural Born Killers (1994)
250,289,8,3.5625,3.39,Only You (1994)
251,290,14,4.035714285714286,3.71,Once Were Warriors (1994)
252,291,3,2.3333333333333335,3.05,Poison Ivy II (1996)
253,292,101,3.4257425742574257,3.41,Outbreak (1995)
254,293,133,4.018796992481203,3.96,Léon: The Professional (a.k.a. The Professional) (Léon) (1994)
255,294,2,3.0,3.22,"Perez Family, The (1995)"
256,295,1,3.0,3.24,"Pyromaniac's Love Story, A (1995)"
257,296,307,4.197068403908795,4.17,Pulp Fiction (1994)
258,298,1,2.0,3.15,Pushing Hands (Tui shou) (1992)
259,299,4,4.0,3.47,Priest (1994)
260,300,81,3.5185185185185186,3.49,Quiz Show (1994)
261,301,1,4.0,3.33,Picture Bride (Bijo photo) (1994)
262,302,5,3.2,3.24,"Queen Margot (Reine Margot, La) (1994)"
263,303,32,2.953125,3.03,"Quick and the Dead, The (1995)"
264,304,3,3.6666666666666665,3.35,Roommates (1995)
265,305,9,2.8333333333333335,3.06,Ready to Wear (Pret-A-Porter) (1994)
266,306,16,4.21875,3.84,Three Colors: Red (Trois couleurs: Rouge) (1994)
267,307,24,3.8958333333333335,3.7,Three Colors: Blue (Trois couleurs: Bleu) (1993)
268,308,20,4.025,3.76,Three Colors: White (Trzy kolory: Bialy) (1994)
269,310,1,3.0,3.24,Rent-a-Kid (1995)
270,311,1,3.0,3.24,Relative Fear (1994)
271,312,9,1.4444444444444444,2.42,Stuart Saves His Family (1995)
272,313,3,3.3333333333333335,3.28,"Swan Princess, The (1994)"
273,314,16,3.75,3.56,"Secret of Roan Inish, The (1994)"
274,315,38,3.0789473684210527,3.12,"Specialist, The (1994)"
275,316,140,3.375,3.37,Stargate (1994)
276,317,81,3.2037037037037037,3.21,"Santa Clause, The (1994)"
277,318,317,4.429022082018927,4.39,"Shawshank Redemption, The (1994)"
278,319,20,3.6,3.48,Shallow Grave (1994)
279,320,1,3.0,3.24,Suture (1993)
280,321,2,4.0,3.38,Strawberry and Chocolate (Fresa y chocolate) (1993)
281,322,10,3.55,3.4,Swimming with Sharks (1995)
282,324,1,4.0,3.33,"Sum of Us, The (1994)"
283,325,7,2.5,2.96,National Lampoon's Senior Trip (1995)
284,326,3,4.0,3.43,To Live (Huozhe) (1994)
285,327,34,2.823529411764706,2.93,Tank Girl (1995)
286,328,10,3.15,3.21,Tales from the Crypt Presents: Demon Knight (1995)
287,329,108,3.3935185185185186,3.38,Star Trek: Generations (1994)
288,330,6,3.0,3.17,Tales from the Hood (1995)
289,331,2,3.0,3.22,Tom & Viv (1994)
290,332,12,2.8333333333333335,3.03,Village of the Damned (1995)
291,333,50,3.78,3.69,Tommy Boy (1995)
292,334,5,4.2,3.57,Vanya on 42nd Street (1994)
293,335,2,3.5,3.3,Underneath (1995)
294,336,1,3.0,3.24,"Walking Dead, The (1995)"
295,337,77,3.7662337662337664,3.71,What's Eating Gilbert Grape (1993)
296,338,19,2.8421052631578947,2.99,Virtuosity (1995)
297,339,98,3.4693877551020407,3.45,While You Were Sleeping (1995)
298,340,5,3.4,3.31,"War, The (1994)"
299,341,2,4.0,3.38,Double Happiness (1994)
300,342,33,3.272727272727273,3.27,Muriel's Wedding (1994)
301,343,5,2.9,3.14,"Baby-Sitters Club, The (1995)"
302,344,161,3.040372670807453,3.05,Ace Ventura: Pet Detective (1994)
303,345,36,3.5972222222222223,3.52,"Adventures of Priscilla, Queen of the Desert, The (1994)"
304,346,6,3.5,3.35,Backbeat (1993)
305,347,6,3.5,3.35,Bitter Moon (1992)
306,348,30,3.5833333333333335,3.5,Bullets Over Broadway (1994)
307,349,110,3.6045454545454545,3.58,Clear and Present Danger (1994)
308,350,57,3.3859649122807016,3.37,"Client, The (1994)"
309,351,17,3.176470588235294,3.21,"Corrina, Corrina (1994)"
310,352,2,2.5,3.14,Crooklyn (1994)
311,353,64,3.609375,3.56,"Crow, The (1994)"
312,354,6,3.3333333333333335,3.29,Cobb (1994)
313,355,42,2.357142857142857,2.54,"Flintstones, The (1994)"
314,356,329,4.164133738601824,4.14,Forrest Gump (1994)
315,357,103,3.5194174757281553,3.5,Four Weddings and a Funeral (1994)
316,358,9,2.6666666666666665,2.99,Higher Learning (1995)
317,359,1,3.0,3.24,I Like It Like That (1994)
318,360,8,2.6875,3.01,I Love Trouble (1994)
319,361,17,3.0588235294117645,3.14,It Could Happen to You (1994)
320,362,34,3.5294117647058822,3.47,"Jungle Book, The (1994)"
321,363,2,4.0,3.38,"Wonderful, Horrible Life of Leni Riefenstahl, The (Macht der Bilder: Leni Riefenstahl, Die) (1993)"
322,364,172,3.941860465116279,3.9,"Lion King, The (1994)"
323,365,4,3.25,3.26,Little Buddha (1993)
324,366,12,2.9166666666666665,3.08,"Wes Craven's New Nightmare (Nightmare on Elm Street Part 7: Freddy's Finale, A) (1994)"
325,367,157,3.1847133757961785,3.19,"Mask, The (1994)"
326,368,74,3.5,3.47,Maverick (1994)
327,369,2,4.0,3.38,Mrs. Parker and the Vicious Circle (1994)
328,370,58,3.060344827586207,3.09,Naked Gun 33 1/3: The Final Insult (1994)
329,371,21,3.3095238095238093,3.29,"Paper, The (1994)"
330,372,21,2.761904761904762,2.93,Reality Bites (1994)
331,373,11,3.6363636363636362,3.45,Red Rock West (1992)
332,374,25,2.2,2.51,Richie Rich (1994)
333,376,40,3.25,3.25,"River Wild, The (1994)"
334,377,171,3.5292397660818713,3.51,Speed (1994)
335,378,7,2.7857142857142856,3.07,Speechless (1994)
336,379,21,2.5,2.75,Timecop (1994)
337,380,178,3.497191011235955,3.48,True Lies (1994)
338,381,11,3.8181818181818183,3.55,When a Man Loves a Woman (1994)
339,382,16,3.15625,3.2,Wolf (1994)
340,383,21,3.0952380952380953,3.15,Wyatt Earp (1994)
341,384,2,3.25,3.26,Bad Company (1995)
342,385,1,4.0,3.33,"Man of No Importance, A (1994)"
343,386,1,3.0,3.24,S.F.W. (1994)
344,387,4,2.375,3.02,"Low Down Dirty Shame, A (1994)"
345,388,2,3.0,3.22,Boys Life (1995)
346,389,2,4.5,3.46,"Colonel Chabert, Le (1994)"
347,390,5,3.7,3.4,Faster Pussycat! Kill! Kill! (1965)
348,391,1,4.5,3.37,Jason's Lyric (1994)
349,393,10,2.5,2.89,Street Fighter (1994)
350,405,12,2.4166666666666665,2.81,Highlander III: The Sorcerer (a.k.a. Highlander: The Final Dimension) (1994)
351,406,1,3.0,3.24,Federal Hill (1994)
352,407,8,3.4375,3.34,In the Mouth of Madness (1995)
353,408,2,3.0,3.22,8 Seconds (1994)
354,409,1,2.0,3.15,Above the Rim (1994)
355,410,84,3.1011904761904763,3.12,Addams Family Values (1993)
356,412,15,3.5,3.4,"Age of Innocence, The (1993)"
357,413,26,2.7884615384615383,2.92,Airheads (1994)
358,414,6,2.3333333333333335,2.92,"Air Up There, The (1994)"
359,415,16,2.53125,2.82,Another Stakeout (1993)
360,416,8,2.5,2.93,Bad Girls (1994)
361,417,13,3.6923076923076925,3.5,Barcelona (1994)
362,418,2,3.0,3.22,Being Human (1993)
363,419,20,2.675,2.88,"Beverly Hillbillies, The (1993)"
364,420,59,2.7203389830508473,2.8,Beverly Hills Cop III (1994)
365,421,12,3.2083333333333335,3.23,Black Beauty (1994)
366,422,5,3.2,3.24,Blink (1994)
367,423,10,2.85,3.06,Blown Away (1994)
368,424,3,1.8333333333333333,2.94,Blue Chips (1994)
369,425,2,3.75,3.34,Blue Sky (1994)
370,426,7,3.142857142857143,3.21,Body Snatchers (1993)
371,427,12,2.5416666666666665,2.88,Boxing Helena (1993)
372,428,18,3.7222222222222223,3.55,"Bronx Tale, A (1993)"
373,429,6,2.0,2.8,Cabin Boy (1994)
374,430,2,3.75,3.34,Calendar Girl (1993)
375,431,42,3.738095238095238,3.64,Carlito's Way (1993)
376,432,55,2.6454545454545455,2.74,City Slickers II: The Legend of Curly's Gold (1994)
377,433,8,2.75,3.04,Clean Slate (1994)
378,434,101,3.0346534653465347,3.06,Cliffhanger (1993)
379,435,63,2.4206349206349205,2.54,Coneheads (1993)
380,436,7,2.5714285714285716,2.98,Color of Night (1994)
381,437,9,2.1666666666666665,2.75,Cops and Robbersons (1994)
382,438,7,2.7142857142857144,3.04,"Cowboy Way, The (1994)"
383,440,76,3.5460526315789473,3.51,Dave (1993)
384,441,42,3.9285714285714284,3.8,Dazed and Confused (1993)
385,442,81,3.0925925925925926,3.11,Demolition Man (1993)
386,444,6,2.3333333333333335,2.92,Even Cowgirls Get the Blues (1993)
387,445,12,3.0,3.12,Fatal Instinct (1993)
388,446,9,3.8333333333333335,3.53,Farewell My Concubine (Ba wang bie ji) (1993)
389,448,8,3.625,3.42,Fearless (1993)
390,449,1,1.0,3.06,Fear of a Black Hat (1994)
391,450,7,3.0,3.16,With Honors (1994)
392,451,1,4.0,3.33,Flesh and Bone (1993)
393,452,3,3.0,3.2,Widows' Peak (1994)
394,453,5,2.8,3.11,For Love or Money (1993)
395,454,101,3.5346534653465347,3.51,"Firm, The (1993)"
396,455,37,2.391891891891892,2.58,Free Willy (1993)
397,456,4,3.75,3.4,Fresh (1994)
398,457,190,3.9921052631578946,3.95,"Fugitive, The (1993)"
399,458,5,2.8,3.11,Geronimo: An American Legend (1993)
400,459,6,2.25,2.89,"Getaway, The (1994)"
401,460,3,2.6666666666666665,3.13,Getting Even with Dad (1994)
402,461,4,2.75,3.12,Go Fish (1994)
403,464,10,2.9,3.08,Hard Target (1993)
404,466,60,2.8666666666666667,2.92,Hot Shots! Part Deux (1993)
405,467,1,5.0,3.42,Live Nude Girls (1995)
406,468,22,3.2045454545454546,3.22,"Englishman Who Went Up a Hill But Came Down a Mountain, The (1995)"
407,469,5,3.4,3.31,"House of the Spirits, The (1993)"
408,470,1,1.0,3.06,House Party 3 (1994)
409,471,40,3.55,3.49,"Hudsucker Proxy, The (1994)"
410,472,6,2.5833333333333335,3.01,I'll Do Anything (1994)
411,473,7,1.8571428571428572,2.7,In the Army Now (1994)
412,474,70,3.692857142857143,3.64,In the Line of Fire (1993)
413,475,25,4.3,4.0,In the Name of the Father (1993)
414,476,1,1.0,3.06,"Inkwell, The (1994)"
415,477,17,3.3823529411764706,3.34,What's Love Got to Do with It? (1993)
416,478,1,2.5,3.2,Jimmy Hollywood (1994)
417,479,4,2.25,2.98,Judgment Night (1993)
418,480,238,3.75,3.73,Jurassic Park (1993)
419,481,19,3.1578947368421053,3.19,Kalifornia (1993)
420,482,8,3.625,3.42,Killing Zoe (1994)
421,484,2,3.0,3.22,Lassie (1994)
422,485,53,2.9339622641509435,2.99,Last Action Hero (1993)
423,486,3,3.0,3.2,Life with Mikey (1993)
424,487,4,2.5,3.05,Lightning Jack (1994)
425,488,1,3.0,3.24,M. Butterfly (1993)
426,489,11,2.8636363636363638,3.06,Made in America (1993)
427,490,12,3.0,3.12,Malice (1993)
428,491,17,3.2941176470588234,3.28,"Man Without a Face, The (1993)"
429,492,14,3.75,3.54,Manhattan Murder Mystery (1993)
430,493,12,3.6666666666666665,3.48,Menace II Society (1993)
431,494,41,3.3780487804878048,3.35,Executive Decision (1996)
432,495,1,5.0,3.42,In the Realm of the Senses (Ai no corrida) (1976)
433,496,1,5.0,3.42,What Happened Was... (1994)
434,497,43,3.813953488372093,3.71,Much Ado About Nothing (1993)
435,499,2,2.5,3.14,Mr. Wonderful (1993)
436,500,144,3.388888888888889,3.38,Mrs. Doubtfire (1993)
437,501,6,3.6666666666666665,3.41,Naked (1993)
438,502,15,2.3666666666666667,2.73,"Next Karate Kid, The (1994)"
439,504,2,3.0,3.22,No Escape (1994)
440,505,7,2.2142857142857144,2.84,North (1994)
441,506,2,4.5,3.46,Orlando (1992)
442,507,13,3.3846153846153846,3.33,"Perfect World, A (1993)"
443,508,66,3.6136363636363638,3.57,Philadelphia (1993)
444,509,61,3.540983606557377,3.5,"Piano, The (1993)"
445,510,1,3.0,3.24,Poetic Justice (1993)
446,511,2,3.0,3.22,"Program, The (1993)"
447,512,4,3.0,3.19,"Puppet Masters, The (1994)"
448,513,4,3.375,3.29,Radioland Murders (1994)
449,514,18,3.4166666666666665,3.36,"Ref, The (1994)"
450,515,24,3.6041666666666665,3.5,"Remains of the Day, The (1993)"
451,516,18,3.0555555555555554,3.13,Renaissance Man (1994)
452,517,9,3.2777777777777777,3.27,Rising Sun (1993)
453,518,4,2.375,3.02,"Road to Wellville, The (1994)"
454,519,21,2.4047619047619047,2.69,RoboCop 3 (1993)
455,520,69,3.130434782608696,3.15,Robin Hood: Men in Tights (1993)
456,521,3,3.1666666666666665,3.24,Romeo Is Bleeding (1993)
457,522,7,3.2857142857142856,3.27,Romper Stomper (1992)
458,523,4,3.5,3.33,Ruby in Paradise (1993)
459,524,34,3.485294117647059,3.43,Rudy (1993)
460,526,1,4.0,3.33,"Savage Nights (Nuits fauves, Les) (1992)"
461,527,220,4.225,4.18,Schindler's List (1993)
462,528,3,2.3333333333333335,3.05,"Scout, The (1994)"
463,529,40,3.875,3.75,Searching for Bobby Fischer (1993)
464,531,24,3.25,3.25,"Secret Garden, The (1993)"
465,532,16,3.0,3.1,Serial Mom (1994)
466,533,18,2.888888888888889,3.03,"Shadow, The (1994)"
467,534,14,3.607142857142857,3.46,Shadowlands (1993)
468,535,15,3.2666666666666666,3.26,Short Cuts (1993)
469,536,3,3.3333333333333335,3.28,"Simple Twist of Fate, A (1994)"
470,537,12,3.1666666666666665,3.21,Sirens (1994)
471,538,12,3.5833333333333335,3.43,Six Degrees of Separation (1993)
472,539,106,3.4716981132075473,3.45,Sleepless in Seattle (1993)
473,540,18,2.6666666666666665,2.88,Sliver (1993)
474,541,124,4.100806451612903,4.04,Blade Runner (1982)
475,542,14,2.7857142857142856,2.99,Son in Law (1993)
476,543,41,3.317073170731707,3.31,So I Married an Axe Murderer (1993)
477,544,8,2.4375,2.9,Striking Distance (1993)
478,546,21,2.0,2.42,Super Mario Bros. (1993)
479,547,2,3.25,3.26,Surviving the Game (1994)
480,548,6,2.75,3.07,Terminal Velocity (1994)
481,549,2,4.5,3.46,Thirty-Two Short Films About Glenn Gould (1993)
482,550,5,3.4,3.31,Threesome (1994)
483,551,93,3.553763440860215,3.52,"Nightmare Before Christmas, The (1993)"
484,552,61,3.262295081967213,3.26,"Three Musketeers, The (1993)"
485,553,65,3.8153846153846156,3.74,Tombstone (1993)
486,555,65,3.8,3.73,True Romance (1993)
487,556,6,3.3333333333333335,3.29,"War Room, The (1993)"
488,558,8,2.9375,3.12,"Pagemaster, The (1994)"
489,562,23,3.5434782608695654,3.46,Welcome to the Dollhouse (1995)
490,563,1,4.0,3.33,Germinal (1993)
491,564,2,1.5,2.98,Chasers (1994)
492,567,3,2.0,2.98,Kika (1993)
493,568,2,3.5,3.3,Bhaji on the Beach (1993)
494,569,6,2.6666666666666665,3.04,Little Big League (1994)
495,573,1,3.5,3.28,"Ciao, Professore! (Io speriamo che me la cavo) (1992)"
496,574,4,3.25,3.26,Spanking the Monkey (1994)
497,575,16,2.65625,2.89,"Little Rascals, The (1994)"
498,577,4,2.125,2.95,Andre (1994)
499,579,1,3.0,3.24,"Escort, The (Scorta, La) (1993)"
500,580,5,2.8,3.11,Princess Caraboo (1994)
501,581,4,4.0,3.47,"Celluloid Closet, The (1995)"
502,583,1,4.0,3.33,Dear Diary (Caro Diario) (1994)
503,585,36,2.736111111111111,2.85,"Brady Bunch Movie, The (1995)"
504,586,116,2.9956896551724137,3.02,Home Alone (1990)
505,587,115,3.4347826086956523,3.42,Ghost (1990)
506,588,183,3.7923497267759565,3.76,Aladdin (1992)
507,589,224,3.970982142857143,3.94,Terminator 2: Judgment Day (1991)
508,590,164,3.8353658536585367,3.8,Dances with Wolves (1990)
509,592,189,3.4285714285714284,3.42,Batman (1989)
510,593,279,4.161290322580645,4.13,"Silence of the Lambs, The (1991)"
511,594,77,3.616883116883117,3.57,Snow White and the Seven Dwarfs (1937)
512,595,146,3.7705479452054793,3.74,Beauty and the Beast (1991)
513,596,60,3.45,3.42,Pinocchio (1940)
514,597,135,3.4851851851851854,3.47,Pretty Woman (1990)
515,599,11,3.8181818181818183,3.55,"Wild Bunch, The (1969)"
516,600,1,4.0,3.33,Love and a .45 (1994)
517,602,1,4.0,3.33,"Great Day in Harlem, A (1994)"
518,605,10,3.0,3.13,One Fine Day (1996)
519,606,4,3.0,3.19,Candyman: Farewell to the Flesh (1995)
520,608,181,4.116022099447513,4.07,Fargo (1996)
521,609,14,3.5714285714285716,3.44,Homeward Bound II: Lost in San Francisco (1996)
522,610,33,3.5454545454545454,3.48,Heavy Metal (1981)
523,611,6,2.4166666666666665,2.95,Hellraiser: Bloodline (1996)
524,612,6,2.5,2.98,"Pallbearer, The (1996)"
525,613,8,3.1875,3.23,Jane Eyre (1996)
526,615,1,3.0,3.24,Bread and Chocolate (Pane e cioccolata) (1973)
527,616,45,3.411111111111111,3.38,"Aristocats, The (1970)"
528,617,3,2.8333333333333335,3.17,"Flower of My Secret, The (La flor de mi secreto) (1995)"
529,618,1,3.0,3.24,Two Much (1995)
530,619,5,2.6,3.05,Ed (1996)
531,626,1,5.0,3.42,"Thin Line Between Love and Hate, A (1996)"
532,627,6,3.3333333333333335,3.29,"Last Supper, The (1995)"
533,628,35,3.642857142857143,3.56,Primal Fear (1996)
534,631,11,3.1818181818181817,3.22,All Dogs Go to Heaven 2 (1996)
535,632,1,4.0,3.33,Land and Freedom (Tierra y libertad) (1995)
536,633,1,5.0,3.42,Denise Calls Up (1995)
537,634,4,2.25,2.98,Theodore Rex (1995)
538,635,2,3.0,3.22,"Family Thing, A (1996)"
539,636,1,3.0,3.24,Frisk (1995)
540,637,33,3.0454545454545454,3.1,Sgt. Bilko (1996)
541,638,1,3.0,3.24,Jack and Sarah (1995)
542,639,4,3.0,3.19,Girl 6 (1996)
543,640,11,2.6818181818181817,2.96,Diabolique (1996)
544,645,2,3.5,3.3,Nelly & Monsieur Arnaud (1995)
545,647,29,3.3275862068965516,3.31,Courage Under Fire (1996)
546,648,162,3.537037037037037,3.52,Mission: Impossible (1996)
547,649,1,3.0,3.24,Cold Fever (Á köldum klaka) (1995)
548,650,4,3.0,3.19,Moll Flanders (1996)
549,653,65,3.0923076923076924,3.12,Dragonheart (1996)
550,656,5,3.0,3.18,Eddie (1996)
551,661,49,3.4489795918367347,3.42,James and the Giant Peach (1996)
552,662,7,3.2857142857142856,3.27,Fear (1996)
553,663,12,3.2916666666666665,3.28,Kids in the Hall: Brain Candy (1996)
554,665,3,4.333333333333333,3.5,Underground (1995)
555,667,8,2.8125,3.07,Bloodsport 2 (a.k.a. Bloodsport II: The Next Kumite) (1996)
556,668,2,4.25,3.42,Song of the Little Road (Pather Panchali) (1955)
557,670,2,4.75,3.5,"World of Apu, The (Apur Sansar) (1959)"
558,671,36,3.486111111111111,3.44,Mystery Science Theater 3000: The Movie (1996)
559,673,53,2.707547169811321,2.8,Space Jam (1996)
560,674,9,3.1666666666666665,3.22,Barbarella (1968)
561,678,9,3.8333333333333335,3.53,Some Folks Call It a Sling Blade (1993)
562,679,1,4.0,3.33,"Run of the Country, The (1995)"
563,680,4,4.125,3.5,"Alphaville (Alphaville, une étrange aventure de Lemmy Caution) (1965)"
564,685,2,4.0,3.38,It's My Party (1996)
565,688,9,2.3333333333333335,2.83,Operation Dumbo Drop (1995)
566,691,3,3.3333333333333335,3.28,Mrs. Winterbourne (1996)
567,692,4,2.0,2.91,Solo (1996)
568,694,11,2.9545454545454546,3.1,"Substitute, The (1996)"
569,695,2,4.0,3.38,True Crime (1996)
570,697,5,2.7,3.08,Feeling Minnesota (1996)
571,698,1,1.0,3.06,Delta of Venus (1995)
572,700,7,3.2142857142857144,3.24,Angus (1995)
573,703,2,2.0,3.06,Boys (1996)
574,704,7,2.5714285714285716,2.98,"Quest, The (1996)"
575,706,1,3.0,3.24,Sunset Park (1996)
576,707,21,2.880952380952381,3.01,Mulholland Falls (1996)
577,708,58,3.3879310344827585,3.37,"Truth About Cats & Dogs, The (1996)"
578,709,11,3.090909090909091,3.17,Oliver & Company (1988)
579,710,8,2.5625,2.96,Celtic Pride (1996)
580,711,10,3.05,3.16,Flipper (1996)
581,714,15,3.966666666666667,3.68,Dead Man (1995)
582,715,3,3.6666666666666665,3.35,"Horseman on the Roof, The (Hussard sur le toit, Le) (1995)"
583,718,4,4.125,3.5,"Visitors, The (Visiteurs, Les) (1993)"
584,719,35,2.842857142857143,2.94,Multiplicity (1996)
585,720,27,4.092592592592593,3.86,Wallace & Gromit: The Best of Aardman Animation (1996)
586,722,1,4.0,3.33,"Haunted World of Edward D. Wood Jr., The (1996)"
587,724,31,3.032258064516129,3.09,"Craft, The (1996)"
588,725,5,2.5,3.01,"Great White Hype, The (1996)"
589,726,1,3.0,3.24,Last Dance (1996)
590,728,10,3.5,3.38,Cold Comfort Farm (1995)
591,731,3,3.3333333333333335,3.28,Heaven's Prisoners (1996)
592,733,121,3.6404958677685952,3.61,"Rock, The (1996)"
593,735,7,3.9285714285714284,3.53,Cemetery Man (Dellamorte Dellamore) (1994)
594,736,123,3.321138211382114,3.32,Twister (1996)
595,737,20,2.65,2.86,Barb Wire (1996)
596,741,27,4.148148148148148,3.9,Ghost in the Shell (Kôkaku kidôtai) (1995)
597,742,11,2.8181818181818183,3.03,Thinner (1996)
598,743,29,2.5172413793103448,2.71,Spy Hard (1996)
599,745,48,3.8958333333333335,3.78,Wallace & Gromit: A Close Shave (1995)
600,747,3,3.3333333333333335,3.28,"Stupids, The (1996)"
601,748,22,3.1136363636363638,3.16,"Arrival, The (1996)"
602,750,97,4.268041237113402,4.17,Dr. Strangelove or: How I Learned to Stop Worrying and Love the Bomb (1964)
603,757,1,4.0,3.33,Ashes of Time (Dung che sai duk) (1994)
604,759,2,3.5,3.3,Maya Lin: A Strong Clear Vision (1994)
605,760,2,4.25,3.42,Stalingrad (1993)
606,761,19,2.789473684210526,2.96,"Phantom, The (1996)"
607,762,41,2.4146341463414633,2.59,Striptease (1996)
608,764,2,3.5,3.3,Heavy (1995)
609,765,19,3.1578947368421053,3.19,Jack (1996)
610,766,4,3.5,3.33,I Shot Andy Warhol (1996)
611,773,1,3.5,3.28,Touki Bouki (1973)
612,775,1,3.0,3.24,Spirits of the Dead (1968)
613,778,102,4.03921568627451,3.97,Trainspotting (1996)
614,779,2,4.0,3.38,'Til There Was You (1997)
615,780,202,3.4455445544554455,3.44,Independence Day (a.k.a. ID4) (1996)
616,781,7,3.5,3.36,Stealing Beauty (1996)
617,782,8,3.0,3.15,"Fan, The (1996)"
618,783,47,3.3297872340425534,3.32,"Hunchback of Notre Dame, The (1996)"
619,784,54,2.8055555555555554,2.88,"Cable Guy, The (1996)"
620,785,42,3.369047619047619,3.35,Kingpin (1996)
621,786,64,3.109375,3.13,Eraser (1996)
622,788,82,2.731707317073171,2.79,"Nutty Professor, The (1996)"
623,790,1,2.0,3.15,"Unforgettable Summer, An (Un été inoubliable) (1994)"
624,791,1,4.0,3.33,"Last Klezmer: Leopold Kozlowski, His Life and Music, The (1994)"
625,795,2,3.5,3.3,Somebody to Love (1994)
626,798,12,2.7083333333333335,2.97,Daylight (1996)
627,799,23,3.4565217391304346,3.4,"Frighteners, The (1996)"
628,800,19,4.157894736842105,3.84,Lone Star (1996)
629,801,11,3.1363636363636362,3.2,Harriet the Spy (1996)
630,802,46,3.3369565217391304,3.32,Phenomenon (1996)
631,803,1,4.0,3.33,Walking and Talking (1996)
632,804,8,3.25,3.26,She's the One (1996)
633,805,35,3.657142857142857,3.57,"Time to Kill, A (1996)"
634,806,1,1.5,3.11,American Buffalo (1996)
635,808,2,3.5,3.3,Alaska (1996)
636,809,9,2.3333333333333335,2.83,Fled (1996)
637,810,12,2.25,2.72,Kazaam (1996)
638,813,5,2.8,3.11,Larger Than Life (1996)
639,818,10,3.25,3.26,"Very Brady Sequel, A (1996)"
640,823,1,3.5,3.28,"Collector, The (La collectionneuse) (1967)"
641,824,1,4.0,3.33,Kaspar Hauser (1993)
642,828,6,3.3333333333333335,3.29,"Adventures of Pinocchio, The (1996)"
643,829,9,2.6666666666666665,2.99,Joe's Apartment (1996)
644,830,21,3.0714285714285716,3.13,"First Wives Club, The (1996)"
645,832,37,3.3378378378378377,3.32,Ransom (1996)
646,833,6,2.0,2.8,High School High (1996)
647,835,3,3.6666666666666665,3.35,Foxfire (1996)
648,836,17,2.8823529411764706,3.03,Chain Reaction (1996)
649,837,33,3.272727272727273,3.27,Matilda (1996)
650,838,30,3.9166666666666665,3.75,Emma (1996)
651,839,15,2.8333333333333335,3.01,"Crow: City of Angels, The (1996)"
652,840,4,3.375,3.29,House Arrest (1996)
653,841,2,3.0,3.22,"Eyes Without a Face (Yeux sans visage, Les) (1959)"
654,842,12,2.5416666666666665,2.88,Tales from the Crypt Presents: Bordello of Blood (1996)
655,848,7,3.2857142857142856,3.27,"Spitfire Grill, The (1996)"
656,849,44,2.9204545454545454,2.99,Escape from L.A. (1996)
657,851,6,2.8333333333333335,3.11,Basquiat (1996)
658,852,43,3.1744186046511627,3.19,Tin Cup (1996)
659,858,192,4.2890625,4.24,"Godfather, The (1972)"
660,861,9,3.8333333333333335,3.53,Supercop (Police Story 3: Supercop) (Jing cha gu shi III: Chao ji jing cha) (1992)
661,866,23,4.0,3.77,Bound (1996)
662,867,2,1.75,3.02,Carpool (1996)
663,869,3,3.6666666666666665,3.35,Kansas City (1996)
664,870,2,1.0,2.9,Gone Fishin' (1997)
665,875,1,3.5,3.28,Nothing to Lose (1994)
666,876,1,5.0,3.42,Supercop 2 (Project S) (Chao ji ji hua) (1993)
667,879,4,3.0,3.19,"Relic, The (1997)"
668,880,27,2.740740740740741,2.89,"Island of Dr. Moreau, The (1996)"
669,881,5,2.1,2.88,First Kid (1996)
670,882,1,2.0,3.15,"Trigger Effect, The (1996)"
671,885,2,2.5,3.14,Bogus (1996)
672,886,6,2.6666666666666665,3.04,Bulletproof (1996)
673,888,3,2.1666666666666665,3.02,Land Before Time III: The Time of the Great Giving (1995)
674,889,1,4.0,3.33,1-900 (06) (1994)
675,891,5,3.8,3.44,Halloween: The Curse of Michael Myers (Halloween 6: The Curse of Michael Myers) (1995)
676,892,13,3.5384615384615383,3.42,Twelfth Night (1996)
677,893,3,3.6666666666666665,3.35,Mother Night (1996)
678,896,2,2.5,3.14,Wild Reeds (Les roseaux sauvages) (1994)
679,897,2,3.75,3.34,For Whom the Bell Tolls (1943)
680,898,29,4.310344827586207,4.03,"Philadelphia Story, The (1940)"
681,899,47,4.074468085106383,3.93,Singin' in the Rain (1952)
682,900,12,3.7083333333333335,3.5,"American in Paris, An (1951)"
683,901,7,3.0,3.16,Funny Face (1957)
684,902,36,3.8472222222222223,3.72,Breakfast at Tiffany's (1961)
685,903,60,4.025,3.91,Vertigo (1958)
686,904,84,4.261904761904762,4.15,Rear Window (1954)
687,905,14,4.321428571428571,3.87,It Happened One Night (1934)
688,906,7,4.142857142857143,3.62,Gaslight (1944)
689,907,2,3.5,3.3,"Gay Divorcee, The (1934)"
690,908,57,4.184210526315789,4.04,North by Northwest (1959)
691,909,27,3.962962962962963,3.77,"Apartment, The (1960)"
692,910,50,4.01,3.88,Some Like It Hot (1959)
693,911,13,3.8076923076923075,3.57,Charade (1963)
694,912,100,4.24,4.15,Casablanca (1942)
695,913,44,4.170454545454546,4.0,"Maltese Falcon, The (1941)"
696,914,35,4.042857142857143,3.86,My Fair Lady (1964)
697,915,30,3.7666666666666666,3.64,Sabrina (1954)
698,916,26,4.0576923076923075,3.83,Roman Holiday (1953)
699,917,2,3.5,3.3,"Little Princess, The (1939)"
700,918,10,4.1,3.67,Meet Me in St. Louis (1944)
701,919,92,3.880434782608696,3.82,"Wizard of Oz, The (1939)"
702,920,45,3.6444444444444444,3.57,Gone with the Wind (1939)
703,921,9,3.388888888888889,3.32,My Favorite Year (1982)
704,922,27,4.333333333333333,4.04,Sunset Blvd. (a.k.a. Sunset Boulevard) (1950)
705,923,69,4.043478260869565,3.94,Citizen Kane (1941)
706,924,109,3.8944954128440368,3.84,2001: A Space Odyssey (1968)
707,926,24,4.229166666666667,3.94,All About Eve (1950)
708,927,3,4.0,3.43,"Women, The (1939)"
709,928,18,4.166666666666667,3.84,Rebecca (1940)
710,929,1,3.5,3.28,Foreign Correspondent (1940)
711,930,20,4.25,3.91,Notorious (1946)
712,931,9,3.8333333333333335,3.53,Spellbound (1945)
713,932,8,3.9375,3.56,"Affair to Remember, An (1957)"
714,933,23,4.217391304347826,3.92,To Catch a Thief (1955)
715,934,12,3.25,3.26,Father of the Bride (1950)
716,935,3,3.8333333333333335,3.39,"Band Wagon, The (1953)"
717,936,6,4.0,3.53,Ninotchka (1939)
718,937,2,3.5,3.3,Love in the Afternoon (1957)
719,938,6,3.25,3.26,Gigi (1958)
720,940,8,4.0,3.58,"Adventures of Robin Hood, The (1938)"
721,941,2,3.75,3.34,"Mark of Zorro, The (1940)"
722,942,6,4.333333333333333,3.65,Laura (1944)
723,943,7,3.9285714285714284,3.53,"Ghost and Mrs. Muir, The (1947)"
724,944,3,4.0,3.43,Lost Horizon (1937)
725,945,7,4.071428571428571,3.59,Top Hat (1935)
726,946,3,2.5,3.09,To Be or Not to Be (1942)
727,947,4,3.75,3.4,My Man Godfrey (1936)
728,948,6,3.9166666666666665,3.5,Giant (1956)
729,949,6,3.9166666666666665,3.5,East of Eden (1955)
730,950,7,3.857142857142857,3.5,"Thin Man, The (1934)"
731,951,14,4.392857142857143,3.91,His Girl Friday (1940)
732,952,12,3.625,3.46,Around the World in 80 Days (1956)
733,953,58,4.0344827586206895,3.92,It's a Wonderful Life (1946)
734,954,18,4.083333333333333,3.78,Mr. Smith Goes to Washington (1939)
735,955,18,3.861111111111111,3.64,Bringing Up Baby (1938)
736,956,1,4.0,3.33,Penny Serenade (1941)
737,959,1,3.5,3.28,Of Human Bondage (1934)
738,961,1,4.0,3.33,Little Lord Fauntleroy (1936)
739,963,1,3.0,3.24,"Inspector General, The (1949)"
740,965,11,4.045454545454546,3.67,"39 Steps, The (1935)"
741,968,28,3.75,3.62,Night of the Living Dead (1968)
742,969,34,3.9705882352941178,3.81,"African Queen, The (1951)"
743,970,1,3.5,3.28,Beat the Devil (1953)
744,971,10,4.1,3.67,Cat on a Hot Tin Roof (1958)
745,973,5,3.9,3.47,Meet John Doe (1941)
746,976,1,3.0,3.24,"Farewell to Arms, A (1932)"
747,979,1,3.0,3.24,Nothing Personal (1995)
748,981,2,3.0,3.22,Dangerous Ground (1997)
749,982,1,3.0,3.24,Picnic (1955)
750,984,2,3.5,3.3,"Pompatus of Love, The (1996)"
751,986,13,3.5384615384615383,3.42,Fly Away Home (1996)
752,987,1,3.0,3.24,Bliss (1997)
753,988,2,3.0,3.22,Grace of My Heart (1996)
754,990,5,2.9,3.14,Maximum Risk (1996)
755,991,11,3.3181818181818183,3.29,Michael Collins (1996)
756,993,1,3.0,3.24,Infinity (1996)
757,994,11,4.181818181818182,3.74,Big Night (1996)
758,996,13,2.5,2.84,Last Man Standing (1996)
759,998,3,3.0,3.2,Set It Off (1996)
760,999,12,3.0416666666666665,3.14,2 Days in the Valley (1996)
761,1003,3,2.5,3.09,Extreme Measures (1996)
762,1004,6,3.0,3.17,"Glimmer Man, The (1996)"
763,1005,8,2.1875,2.79,D3: The Mighty Ducks (1996)
764,1006,5,3.5,3.34,"Chamber, The (1996)"
765,1007,10,2.6,2.94,"Apple Dumpling Gang, The (1975)"
766,1008,1,3.0,3.24,"Davy Crockett, King of the Wild Frontier (1955)"
767,1009,9,3.0555555555555554,3.17,Escape to Witch Mountain (1975)
768,1010,9,3.0555555555555554,3.17,"Love Bug, The (1969)"
769,1011,8,2.9375,3.12,Herbie Rides Again (1974)
770,1012,9,3.4444444444444446,3.35,Old Yeller (1957)
771,1013,12,3.2083333333333335,3.23,"Parent Trap, The (1961)"
772,1014,5,2.9,3.14,Pollyanna (1960)
773,1015,20,2.95,3.06,Homeward Bound: The Incredible Journey (1993)
774,1016,5,2.9,3.14,"Shaggy Dog, The (1959)"
775,1017,10,3.5,3.38,Swiss Family Robinson (1960)
776,1018,6,2.4166666666666665,2.95,That Darn Cat! (1965)
777,1019,17,3.4705882352941178,3.39,"20,000 Leagues Under the Sea (1954)"
778,1020,37,3.081081081081081,3.12,Cool Runnings (1993)
779,1021,27,2.3333333333333335,2.59,Angels in the Outfield (1994)
780,1022,42,3.488095238095238,3.44,Cinderella (1950)
781,1023,13,3.6153846153846154,3.46,Winnie the Pooh and the Blustery Day (1968)
782,1024,6,3.6666666666666665,3.41,"Three Caballeros, The (1945)"
783,1025,25,3.58,3.49,"Sword in the Stone, The (1963)"
784,1027,28,3.017857142857143,3.08,Robin Hood: Prince of Thieves (1991)
785,1028,71,3.887323943661972,3.81,Mary Poppins (1964)
786,1029,35,3.3857142857142857,3.36,Dumbo (1941)
787,1030,15,2.7666666666666666,2.97,Pete's Dragon (1977)
788,1031,24,3.4791666666666665,3.41,Bedknobs and Broomsticks (1971)
789,1032,40,3.375,3.35,Alice in Wonderland (1951)
790,1033,20,3.575,3.47,"Fox and the Hound, The (1981)"
791,1034,5,3.1,3.21,Freeway (1996)
792,1035,64,3.9375,3.84,"Sound of Music, The (1965)"
793,1036,145,3.8620689655172415,3.82,Die Hard (1988)
794,1037,24,2.7708333333333335,2.92,"Lawnmower Man, The (1992)"
795,1040,1,3.0,3.24,"Secret Agent, The (1996)"
796,1041,11,4.590909090909091,3.95,Secrets & Lies (1996)
797,1042,42,3.2738095238095237,3.27,That Thing You Do! (1996)
798,1043,5,2.4,2.98,To Gillian on Her 37th Birthday (1996)
799,1046,4,4.5,3.61,Beautiful Thing (1996)
800,1047,33,3.3181818181818183,3.3,"Long Kiss Goodnight, The (1996)"
801,1049,21,3.4761904761904763,3.41,"Ghost and the Darkness, The (1996)"
802,1050,5,3.9,3.47,Looking for Richard (1996)
803,1051,3,4.0,3.43,Trees Lounge (1996)
804,1053,1,3.0,3.24,Normal Life (1996)
805,1054,1,2.0,3.15,Get on the Bus (1996)
806,1055,2,1.5,2.98,Shadow Conspiracy (1997)
807,1056,7,3.0714285714285716,3.19,Jude (1996)
808,1057,15,3.466666666666667,3.38,Everyone Says I Love You (1996)
809,1059,36,3.7222222222222223,3.62,William Shakespeare's Romeo + Juliet (1996)
810,1060,36,3.6944444444444446,3.6,Swingers (1996)
811,1061,29,3.6724137931034484,3.56,Sleepers (1996)
812,1064,13,3.1538461538461537,3.2,Aladdin and the King of Thieves (1996)
813,1066,4,4.5,3.61,Shall We Dance (1937)
814,1068,1,3.5,3.28,Crossfire (1947)
815,1073,119,3.8739495798319328,3.82,Willy Wonka & the Chocolate Factory (1971)
816,1077,28,3.75,3.62,Sleeper (1973)
817,1078,11,3.409090909090909,3.34,Bananas (1971)
818,1079,71,3.9225352112676055,3.84,"Fish Called Wanda, A (1988)"
819,1080,89,3.9269662921348316,3.86,Monty Python's Life of Brian (1979)
820,1081,12,3.5416666666666665,3.41,Victor/Victoria (1982)
821,1082,6,3.5833333333333335,3.38,"Candidate, The (1972)"
822,1083,6,3.3333333333333335,3.29,"Great Race, The (1965)"
823,1084,35,4.071428571428571,3.89,Bonnie and Clyde (1967)
824,1085,2,3.5,3.3,"Old Man and the Sea, The (1958)"
825,1086,25,4.1,3.85,Dial M for Murder (1954)
826,1088,42,3.369047619047619,3.35,Dirty Dancing (1987)
827,1089,131,4.202290076335878,4.13,Reservoir Dogs (1992)
828,1090,63,3.984126984126984,3.88,Platoon (1986)
829,1091,21,2.5476190476190474,2.78,Weekend at Bernie's (1989)
830,1092,47,3.1914893617021276,3.2,Basic Instinct (1992)
831,1093,37,3.4054054054054053,3.37,"Doors, The (1991)"
832,1094,42,3.4404761904761907,3.41,"Crying Game, The (1992)"
833,1095,15,3.6666666666666665,3.5,Glengarry Glen Ross (1992)
834,1096,10,4.05,3.65,Sophie's Choice (1982)
835,1097,122,3.7663934426229506,3.73,E.T. the Extra-Terrestrial (1982)
836,1099,4,3.375,3.29,"Christmas Carol, A (1938)"
837,1100,19,2.710526315789474,2.91,Days of Thunder (1990)
838,1101,83,3.3012048192771086,3.3,Top Gun (1986)
839,1103,15,4.1,3.76,Rebel Without a Cause (1955)
840,1104,20,4.475,4.06,"Streetcar Named Desire, A (1951)"
841,1105,3,4.666666666666667,3.58,Children of the Corn IV: The Gathering (1996)
842,1107,2,2.0,3.06,Loser (1991)
843,1111,4,4.125,3.5,Microcosmos (Microcosmos: Le peuple de l'herbe) (1996)
844,1112,2,4.5,3.46,Palookaville (1996)
845,1114,1,3.0,3.24,"Funeral, The (1996)"
846,1116,1,4.0,3.33,"Single Girl, A (Fille seule, La) (1995)"
847,1117,1,3.5,3.28,"Eighth Day, The (Huitième jour, Le) (1996)"
848,1119,1,3.0,3.24,Drunks (1995)
849,1120,27,3.537037037037037,3.46,"People vs. Larry Flynt, The (1996)"
850,1121,1,4.0,3.33,Glory Daze (1995)
851,1123,2,4.25,3.42,"Perfect Candidate, A (1996)"
852,1124,13,3.6538461538461537,3.48,On Golden Pond (1981)
853,1125,24,3.6875,3.56,"Return of the Pink Panther, The (1975)"
854,1126,6,2.8333333333333335,3.11,Drop Dead Fred (1991)
855,1127,62,3.475806451612903,3.45,"Abyss, The (1989)"
856,1128,5,2.5,3.01,"Fog, The (1980)"
857,1129,39,3.448717948717949,3.41,Escape from New York (1981)
858,1130,5,2.9,3.14,"Howling, The (1980)"
859,1131,11,4.090909090909091,3.69,Jean de Florette (1986)
860,1132,8,4.0625,3.61,Manon of the Spring (Manon des sources) (1986)
861,1135,13,3.1153846153846154,3.18,Private Benjamin (1980)
862,1136,136,4.161764705882353,4.1,Monty Python and the Holy Grail (1975)
863,1137,1,4.0,3.33,Hustler White (1996)
864,1140,1,5.0,3.42,Entertaining Angels: The Dorothy Day Story (1996)
865,1144,1,4.0,3.33,"Line King: The Al Hirschfeld Story, The (1996)"
866,1147,10,3.9,3.58,When We Were Kings (1996)
867,1148,56,4.035714285714286,3.91,Wallace & Gromit: The Wrong Trousers (1993)
868,1150,3,4.333333333333333,3.5,"Return of Martin Guerre, The (Retour de Martin Guerre, Le) (1982)"
869,1151,2,5.0,3.54,Lesson Faust (1994)
870,1156,1,3.5,3.28,"Children Are Watching Us, The (Bambini ci guardano, I) (1944)"
871,1161,3,3.6666666666666665,3.35,"Tin Drum, The (Blechtrommel, Die) (1979)"
872,1162,1,3.0,3.24,"Ruling Class, The (1972)"
873,1163,1,1.0,3.06,Mina Tannenbaum (1994)
874,1167,2,3.5,3.3,Dear God (1996)
875,1170,2,2.5,3.14,Best of the Best 3: No Turning Back (1995)
876,1171,17,3.3529411764705883,3.32,Bob Roberts (1992)
877,1172,34,4.161764705882353,3.95,Cinema Paradiso (Nuovo cinema Paradiso) (1989)
878,1173,11,3.1363636363636362,3.2,"Cook the Thief His Wife & Her Lover, The (1989)"
879,1175,21,3.8333333333333335,3.64,Delicatessen (1991)
880,1176,3,4.0,3.43,"Double Life of Veronique, The (Double Vie de Véronique, La) (1991)"
881,1177,6,4.0,3.53,Enchanted April (1992)
882,1178,12,4.541666666666667,3.95,Paths of Glory (1957)
883,1179,27,3.6296296296296298,3.53,"Grifters, The (1990)"
884,1180,1,3.0,3.24,Hear My Song (1991)
885,1183,45,3.7111111111111112,3.63,"English Patient, The (1996)"
886,1184,7,3.9285714285714284,3.53,Mediterraneo (1991)
887,1185,10,3.95,3.6,My Left Foot (1989)
888,1186,23,3.5869565217391304,3.49,"Sex, Lies, and Videotape (1989)"
889,1187,5,3.6,3.37,Passion Fish (1992)
890,1188,22,3.659090909090909,3.53,Strictly Ballroom (1992)
891,1189,11,4.0,3.64,"Thin Blue Line, The (1988)"
892,1190,6,3.1666666666666665,3.23,Tie Me Up! Tie Me Down! (¡Átame!) (1990)
893,1191,6,3.5,3.35,Madonna: Truth or Dare (1991)
894,1192,5,4.5,3.67,Paris Is Burning (1990)
895,1193,133,4.203007518796992,4.13,One Flew Over the Cuckoo's Nest (1975)
896,1194,11,3.590909090909091,3.43,Cheech and Chong's Up in Smoke (1978)
897,1196,211,4.2156398104265405,4.17,Star Wars: Episode V - The Empire Strikes Back (1980)
898,1197,142,4.232394366197183,4.17,"Princess Bride, The (1987)"
899,1198,200,4.2075,4.16,Raiders of the Lost Ark (Indiana Jones and the Raiders of the Lost Ark) (1981)
900,1199,59,4.177966101694915,4.04,Brazil (1985)
901,1200,126,3.9642857142857144,3.91,Aliens (1986)
902,1201,72,4.145833333333333,4.03,"Good, the Bad and the Ugly, The (Buono, il brutto, il cattivo, Il) (1966)"
903,1202,7,3.857142857142857,3.5,Withnail & I (1987)
904,1203,57,4.149122807017544,4.01,12 Angry Men (1957)
905,1204,45,4.3,4.11,Lawrence of Arabia (1962)
906,1206,120,3.995833333333333,3.94,"Clockwork Orange, A (1971)"
907,1207,58,4.120689655172414,3.99,To Kill a Mockingbird (1962)
908,1208,107,4.219626168224299,4.14,Apocalypse Now (1979)
909,1209,18,4.305555555555555,3.92,Once Upon a Time in the West (C'era una volta il West) (1968)
910,1210,196,4.137755102040816,4.09,Star Wars: Episode VI - Return of the Jedi (1983)
911,1211,13,3.8846153846153846,3.61,"Wings of Desire (Himmel über Berlin, Der) (1987)"
912,1212,24,4.229166666666667,3.94,"Third Man, The (1949)"
913,1213,126,4.25,4.17,Goodfellas (1990)
914,1214,146,3.969178082191781,3.92,Alien (1979)
915,1215,51,4.03921568627451,3.91,Army of Darkness (1993)
916,1216,11,3.4545454545454546,3.36,"Big Blue, The (Grand bleu, Le) (1988)"
917,1217,15,4.433333333333334,3.95,Ran (1985)
918,1218,11,4.0,3.64,"Killer, The (Die xue shuang xiong) (1989)"
919,1219,83,4.036144578313253,3.95,Psycho (1960)
920,1220,84,3.8095238095238093,3.75,"Blues Brothers, The (1980)"
921,1221,129,4.25968992248062,4.19,"Godfather: Part II, The (1974)"
922,1222,102,4.098039215686274,4.02,Full Metal Jacket (1987)
923,1223,28,4.089285714285714,3.87,"Grand Day Out with Wallace and Gromit, A (1989)"
924,1224,19,4.0,3.74,Henry V (1989)
925,1225,76,4.184210526315789,4.07,Amadeus (1984)
926,1226,6,3.5,3.35,"Quiet Man, The (1952)"
927,1227,16,4.0625,3.75,Once Upon a Time in America (1984)
928,1228,40,4.1875,4.0,Raging Bull (1980)
929,1230,58,3.8706896551724137,3.78,Annie Hall (1977)
930,1231,22,3.8636363636363638,3.67,"Right Stuff, The (1983)"
931,1232,8,3.625,3.42,Stalker (1979)
932,1233,40,4.2125,4.02,"Boot, Das (Boat, The) (1981)"
933,1234,64,3.9765625,3.88,"Sting, The (1973)"
934,1235,26,4.288461538461538,4.0,Harold and Maude (1971)
935,1236,3,4.333333333333333,3.5,Trust (1990)
936,1237,18,4.222222222222222,3.87,"Seventh Seal, The (Sjunde inseglet, Det) (1957)"
937,1238,9,4.055555555555555,3.63,Local Hero (1983)
938,1240,131,3.8969465648854964,3.85,"Terminator, The (1984)"
939,1241,10,4.05,3.65,Dead Alive (Braindead) (1992)
940,1242,41,4.170731707317073,3.99,Glory (1989)
941,1243,16,3.96875,3.69,Rosencrantz and Guildenstern Are Dead (1990)
942,1244,33,4.106060606060606,3.9,Manhattan (1979)
943,1245,20,4.225,3.9,Miller's Crossing (1990)
944,1246,86,3.9593023255813953,3.88,Dead Poets Society (1989)
945,1247,79,4.063291139240507,3.97,"Graduate, The (1967)"
946,1248,17,4.264705882352941,3.88,Touch of Evil (1958)
947,1249,35,4.071428571428571,3.89,"Femme Nikita, La (Nikita) (1990)"
948,1250,45,4.122222222222222,3.96,"Bridge on the River Kwai, The (1957)"
949,1251,14,4.071428571428571,3.73,8 1/2 (8½) (1963)
950,1252,59,4.211864406779661,4.07,Chinatown (1974)
951,1253,25,3.82,3.66,"Day the Earth Stood Still, The (1951)"
952,1254,16,3.65625,3.5,"Treasure of the Sierra Madre, The (1948)"
953,1255,6,3.0,3.17,Bad Taste (1987)
954,1256,23,3.8043478260869565,3.64,Duck Soup (1933)
955,1257,27,3.685185185185185,3.57,Better Off Dead... (1985)
956,1258,109,4.08256880733945,4.01,"Shining, The (1980)"
957,1259,91,4.0054945054945055,3.93,Stand by Me (1986)
958,1260,15,3.7333333333333334,3.54,M (1931)
959,1261,34,4.044117647058823,3.86,Evil Dead II (Dead by Dawn) (1987)
960,1262,43,4.127906976744186,3.96,"Great Escape, The (1963)"
961,1263,43,3.8255813953488373,3.72,"Deer Hunter, The (1978)"
962,1264,5,3.8,3.44,Diva (1981)
963,1265,143,3.944055944055944,3.9,Groundhog Day (1993)
964,1266,45,4.111111111111111,3.95,Unforgiven (1992)
965,1267,30,4.25,4.0,"Manchurian Candidate, The (1962)"
966,1268,9,3.611111111111111,3.42,Pump Up the Volume (1990)
967,1269,29,3.8793103448275863,3.72,Arsenic and Old Lace (1944)
968,1270,171,4.038011695906433,3.99,Back to the Future (1985)
969,1271,30,3.5,3.44,Fried Green Tomatoes (1991)
970,1272,33,4.121212121212121,3.92,Patton (1970)
971,1273,11,4.045454545454546,3.67,Down by Law (1986)
972,1274,39,3.7435897435897436,3.64,Akira (1988)
973,1275,48,3.7291666666666665,3.65,Highlander (1986)
974,1276,57,4.271929824561403,4.12,Cool Hand Luke (1967)
975,1277,12,4.125,3.73,Cyrano de Bergerac (1990)
976,1278,69,3.9927536231884058,3.9,Young Frankenstein (1974)
977,1279,8,4.125,3.64,Night on Earth (1991)
978,1280,9,4.333333333333333,3.76,Raise the Red Lantern (Da hong deng long gao gao gua) (1991)
979,1281,15,4.133333333333334,3.78,"Great Dictator, The (1940)"
980,1282,53,3.7830188679245285,3.7,Fantasia (1940)
981,1283,19,4.2105263157894735,3.88,High Noon (1952)
982,1284,14,4.142857142857143,3.77,"Big Sleep, The (1946)"
983,1285,41,3.731707317073171,3.64,Heathers (1989)
984,1286,7,3.0714285714285716,3.19,Somewhere in Time (1980)
985,1287,34,3.9411764705882355,3.78,Ben-Hur (1959)
986,1288,66,4.015151515151516,3.91,This Is Spinal Tap (1984)
987,1289,11,3.8636363636363638,3.57,Koyaanisqatsi (a.k.a. Koyaanisqatsi: Life Out of Balance) (1983)
988,1290,10,3.35,3.31,Some Kind of Wonderful (1987)
989,1291,140,4.046428571428572,3.99,Indiana Jones and the Last Crusade (1989)
990,1292,20,3.95,3.72,Being There (1979)
991,1293,27,3.8333333333333335,3.67,Gandhi (1982)
992,1295,11,3.227272727272727,3.24,"Unbearable Lightness of Being, The (1988)"
993,1296,17,3.7058823529411766,3.54,"Room with a View, A (1986)"
994,1297,20,3.675,3.53,Real Genius (1985)
995,1298,23,3.760869565217391,3.61,Pink Floyd: The Wall (1982)
996,1299,28,4.017857142857143,3.81,"Killing Fields, The (1984)"
997,1300,9,4.166666666666667,3.68,My Life as a Dog (Mitt liv som hund) (1985)
998,1301,13,3.8076923076923075,3.57,Forbidden Planet (1956)
999,1302,56,3.517857142857143,3.48,Field of Dreams (1989)
1000,1303,17,4.029411764705882,3.74,"Man Who Would Be King, The (1975)"
1001,1304,62,3.943548387096774,3.85,Butch Cassidy and the Sundance Kid (1969)
1002,1305,4,3.5,3.33,"Paris, Texas (1984)"
1003,1306,5,2.7,3.08,Until the End of the World (Bis ans Ende der Welt) (1991)
1004,1307,85,3.8588235294117648,3.79,When Harry Met Sally... (1989)
1005,1310,1,5.0,3.42,Hype! (1996)
1006,1312,2,2.5,3.14,Female Perversions (1996)
1007,1318,1,2.0,3.15,Blue Juice (1995)
1008,1320,47,3.148936170212766,3.17,Alien³ (a.k.a. Alien 3) (1992)
1009,1321,23,3.4130434782608696,3.37,"American Werewolf in London, An (1981)"
1010,1322,3,1.5,2.87,Amityville 1992: It's About Time (1992)
1011,1323,3,1.6666666666666667,2.9,Amityville 3-D (1983)
1012,1324,3,1.1666666666666667,2.79,Amityville: Dollhouse (1996)
1013,1325,2,1.25,2.94,Amityville: A New Generation (1993)
1014,1326,4,1.125,2.67,Amityville II: The Possession (1982)
1015,1327,15,2.6333333333333333,2.89,"Amityville Horror, The (1979)"
1016,1328,2,0.75,2.86,"Amityville Curse, The (1990)"
1017,1329,2,2.75,3.18,Blood for Dracula (Andy Warhol's Dracula) (1974)
1018,1330,4,1.5,2.77,April Fool's Day (1986)
1019,1331,1,2.0,3.15,Audrey Rose (1977)
1020,1332,3,3.6666666666666665,3.35,"Believers, The (1987)"
1021,1333,44,3.602272727272727,3.54,"Birds, The (1963)"
1022,1334,6,3.0,3.17,"Blob, The (1958)"
1023,1335,1,1.0,3.06,Blood Beach (1981)
1024,1336,1,1.0,3.06,Body Parts (1991)
1025,1337,1,4.5,3.37,"Body Snatcher, The (1945)"
1026,1339,29,3.4655172413793105,3.41,Dracula (Bram Stoker's Dracula) (1992)
1027,1340,3,3.1666666666666665,3.24,"Bride of Frankenstein, The (Bride of Frankenstein) (1935)"
1028,1341,2,3.75,3.34,Burnt Offerings (1976)
1029,1342,11,2.5,2.87,Candyman (1992)
1030,1343,25,3.78,3.63,Cape Fear (1991)
1031,1344,14,3.9642857142857144,3.67,Cape Fear (1962)
1032,1345,36,3.3472222222222223,3.33,Carrie (1976)
1033,1346,8,2.8125,3.07,Cat People (1982)
1034,1347,27,3.0,3.07,"Nightmare on Elm Street, A (1984)"
1035,1348,16,3.53125,3.43,"Nosferatu (Nosferatu, eine Symphonie des Grauens) (1922)"
1036,1349,1,5.0,3.42,Vampire in Venice (Nosferatu a Venezia) (Nosferatu in Venice) (1986)
1037,1350,22,3.8181818181818183,3.64,"Omen, The (1976)"
1038,1351,3,2.3333333333333335,3.05,Blood and Wine (Blood & Wine) (1996)
1039,1352,2,2.25,3.1,Albino Alligator (1996)
1040,1353,4,3.375,3.29,"Mirror Has Two Faces, The (1996)"
1041,1354,7,4.071428571428571,3.59,Breaking the Waves (1996)
1042,1355,3,2.0,2.98,Nightwatch (1997)
1043,1356,91,3.879120879120879,3.82,Star Trek: First Contact (1996)
1044,1357,24,4.0,3.78,Shine (1996)
1045,1358,47,3.8404255319148937,3.74,Sling Blade (1996)
1046,1359,18,2.861111111111111,3.01,Jingle All the Way (1996)
1047,1361,6,4.083333333333333,3.56,Paradise Lost: The Child Murders at Robin Hood Hills (1996)
1048,1363,5,3.5,3.34,"Preacher's Wife, The (1996)"
1049,1365,6,3.5833333333333335,3.38,Ridicule (1996)
1050,1366,5,3.9,3.47,"Crucible, The (1996)"
1051,1367,47,3.074468085106383,3.11,101 Dalmatians (1996)
1052,1370,68,3.4044117647058822,3.39,Die Hard 2 (1990)
1053,1371,45,3.0444444444444443,3.09,Star Trek: The Motion Picture (1979)
1054,1372,42,3.3452380952380953,3.33,Star Trek VI: The Undiscovered Country (1991)
1055,1373,30,2.6666666666666665,2.82,Star Trek V: The Final Frontier (1989)
1056,1374,62,3.7661290322580645,3.69,Star Trek II: The Wrath of Khan (1982)
1057,1375,42,3.261904761904762,3.26,Star Trek III: The Search for Spock (1984)
1058,1376,43,3.4767441860465116,3.44,Star Trek IV: The Voyage Home (1986)
1059,1377,60,3.025,3.06,Batman Returns (1992)
1060,1378,25,3.1,3.15,Young Guns (1988)
1061,1379,11,3.0,3.13,Young Guns II (1990)
1062,1380,68,3.139705882352941,3.16,Grease (1978)
1063,1381,19,2.0789473684210527,2.5,Grease 2 (1982)
1064,1382,4,1.875,2.88,Marked for Death (1990)
1065,1385,24,2.8541666666666665,2.98,Under Siege (1992)
1066,1387,91,4.0054945054945055,3.93,Jaws (1975)
1067,1388,17,2.6176470588235294,2.86,Jaws 2 (1978)
1068,1389,6,1.4166666666666667,2.59,Jaws 3-D (1983)
1069,1390,9,2.6666666666666665,2.99,My Fellow Americans (1996)
1070,1391,86,3.0930232558139537,3.11,Mars Attacks! (1996)
1071,1392,4,4.125,3.5,Citizen Ruth (1996)
1072,1393,85,3.5941176470588236,3.56,Jerry Maguire (1996)
1073,1394,58,3.9913793103448274,3.88,Raising Arizona (1987)
1074,1395,5,3.0,3.18,Tin Men (1987)
1075,1396,46,3.4782608695652173,3.44,Sneakers (1992)
1076,1397,2,4.0,3.38,Bastard Out of Carolina (1996)
1077,1398,1,2.5,3.2,In Love and War (1996)
1078,1399,5,3.1,3.21,Marvin's Room (1996)
1079,1401,3,3.3333333333333335,3.28,Ghosts of Mississippi (1996)
1080,1405,31,2.935483870967742,3.02,Beavis and Butt-Head Do America (1996)
1081,1406,2,4.5,3.46,La Cérémonie (1995)
1082,1407,70,3.2,3.21,Scream (1996)
1083,1408,39,3.8333333333333335,3.71,"Last of the Mohicans, The (1992)"
1084,1409,23,2.5,2.74,Michael (1996)
1085,1411,16,4.0,3.71,Hamlet (1996)
1086,1412,1,3.5,3.28,Some Mother's Son (1996)
1087,1413,2,4.25,3.42,"Whole Wide World, The (1996)"
1088,1414,8,3.0,3.15,Mother (1996)
1089,1415,2,2.5,3.14,"Thieves (Voleurs, Les) (1996)"
1090,1416,12,3.4166666666666665,3.35,Evita (1996)
1091,1417,2,3.25,3.26,"Portrait of a Lady, The (1996)"
1092,1419,2,4.25,3.42,Walkabout (1971)
1093,1422,4,2.75,3.12,Murder at 1600 (1997)
1094,1423,1,4.0,3.33,Hearts and Minds (1996)
1095,1425,8,3.0,3.15,Fierce Creatures (1997)
1096,1426,1,1.0,3.06,Zeus and Roxanne (1997)
1097,1427,1,1.0,3.06,Turbulence (1997)
1098,1428,2,3.0,3.22,Angel Baby (1995)
1099,1429,20,3.575,3.47,First Strike (Police Story 4: First Strike) (Ging chaat goo si 4: Ji gaan daan yam mo) (1996)
1100,1430,3,3.0,3.2,Underworld (1996)
1101,1431,16,2.46875,2.78,Beverly Hills Ninja (1997)
1102,1432,7,2.7142857142857144,3.04,Metro (1997)
1103,1437,2,4.25,3.42,"Cement Garden, The (1993)"
1104,1438,24,2.625,2.82,Dante's Peak (1997)
1105,1439,3,2.1666666666666665,3.02,Meet Wally Sparks (1997)
1106,1440,2,1.5,2.98,Amos & Andrew (1993)
1107,1441,19,3.473684210526316,3.4,Benny & Joon (1993)
1108,1442,5,3.5,3.34,Prefontaine (1997)
1109,1445,7,2.142857142857143,2.81,McHale's Navy (1997)
1110,1446,7,4.428571428571429,3.73,Kolya (Kolja) (1996)
1111,1447,4,3.375,3.29,Gridlock'd (1997)
1112,1449,24,3.875,3.69,Waiting for Guffman (1996)
1113,1453,3,1.8333333333333333,2.94,"Beautician and the Beast, The (1997)"
1114,1454,6,3.75,3.44,SubUrbia (1997)
1115,1456,1,2.0,3.15,"Pest, The (1997)"
1116,1457,12,3.0833333333333335,3.17,Fools Rush In (1997)
1117,1458,1,4.0,3.33,Touch (1997)
1118,1459,12,2.6666666666666665,2.94,Absolute Power (1997)
1119,1460,2,3.25,3.26,That Darn Cat (1997)
1120,1461,8,2.3125,2.85,Vegas Vacation (National Lampoon's Las Vegas Vacation) (1997)
1121,1464,17,3.264705882352941,3.26,Lost Highway (1997)
1122,1465,3,3.3333333333333335,3.28,Rosewood (1997)
1123,1466,52,3.7403846153846154,3.66,Donnie Brasco (1997)
1124,1468,5,2.6,3.05,Booty Call (1997)
1125,1473,1,4.0,3.33,Best Men (1997)
1126,1474,11,2.1363636363636362,2.68,Jungle2Jungle (a.k.a. Jungle 2 Jungle) (1997)
1127,1475,1,4.0,3.33,Kama Sutra: A Tale of Love (1996)
1128,1476,26,3.5384615384615383,3.46,Private Parts (1997)
1129,1477,1,4.0,3.33,Love Jones (1997)
1130,1479,30,3.216666666666667,3.23,"Saint, The (1997)"
1131,1480,11,3.3636363636363638,3.31,Smilla's Sense of Snow (1997)
1132,1483,11,3.090909090909091,3.17,Crash (1996)
1133,1484,3,3.6666666666666665,3.35,"Daytrippers, The (1996)"
1134,1485,74,3.0337837837837838,3.06,Liar Liar (1997)
1135,1487,5,3.0,3.18,Selena (1997)
1136,1488,15,2.8333333333333335,3.01,"Devil's Own, The (1997)"
1137,1489,2,3.0,3.22,Cats Don't Dance (1997)
1138,1490,2,1.5,2.98,B*A*P*S (1997)
1139,1493,1,3.5,3.28,Love and Other Catastrophes (1996)
1140,1495,2,2.0,3.06,Turbo: A Power Rangers Movie (1997)
1141,1496,1,4.0,3.33,Anna Karenina (1997)
1142,1497,3,4.0,3.43,Double Team (1997)
1143,1498,5,3.0,3.18,Inventing the Abbotts (1997)
1144,1499,27,1.9259259259259258,2.3,Anaconda (1997)
1145,1500,59,3.610169491525424,3.56,Grosse Pointe Blank (1997)
1146,1502,2,2.5,3.14,Kissed (1996)
1147,1503,4,3.0,3.19,8 Heads in a Duffel Bag (1997)
1148,1507,1,3.5,3.28,Paradise Road (1997)
1149,1513,29,2.9655172413793105,3.04,Romy and Michele's High School Reunion (1997)
1150,1514,1,3.0,3.24,Temptress Moon (Feng Yue) (1996)
1151,1515,15,2.1,2.58,Volcano (1997)
1152,1516,1,3.0,3.24,Children of the Revolution (1996)
1153,1517,100,3.535,3.51,Austin Powers: International Man of Mystery (1997)
1154,1518,13,3.3461538461538463,3.31,Breakdown (1997)
1155,1519,1,1.0,3.06,Broken English (1996)
1156,1526,3,1.0,2.75,Fathers' Day (1997)
1157,1527,116,3.7456896551724137,3.71,"Fifth Element, The (1997)"
1158,1529,3,3.3333333333333335,3.28,Nowhere (1997)
1159,1533,2,4.5,3.46,"Promise, The (La promesse) (1996)"
1160,1537,13,3.8076923076923075,3.57,Shall We Dance? (Shall We Dansu?) (1996)
1161,1541,10,2.7,2.99,Addicted to Love (1997)
1162,1542,7,3.7142857142857144,3.44,Brassed Off (1996)
1163,1544,67,2.753731343283582,2.82,"Lost World: Jurassic Park, The (1997)"
1164,1545,2,4.5,3.46,Ponette (1996)
1165,1546,1,3.5,3.28,Schizopolis (1996)
1166,1547,2,3.25,3.26,Shiloh (1997)
1167,1549,1,4.0,3.33,Rough Magic (1995)
1168,1550,4,2.25,2.98,Trial and Error (1997)
1169,1551,3,2.1666666666666665,3.02,Buddy (1997)
1170,1552,59,3.0338983050847457,3.07,Con Air (1997)
1171,1554,5,2.4,2.98,"Pillow Book, The (1996)"
1172,1556,19,1.605263157894737,2.19,Speed 2: Cruise Control (1997)
1173,1562,42,2.2142857142857144,2.42,Batman & Robin (1997)
1174,1564,2,4.0,3.38,For Roseanna (Roseanna's Grave) (1997)
1175,1565,1,4.0,3.33,Head Above Water (1996)
1176,1566,31,3.4516129032258065,3.4,Hercules (1997)
1177,1569,40,3.5,3.45,My Best Friend's Wedding (1997)
1178,1571,2,4.5,3.46,When the Cat's Away (Chacun cherche son chat) (1996)
1179,1572,2,3.0,3.22,"Contempt (Mépris, Le) (1963)"
1180,1573,77,3.3701298701298703,3.36,Face/Off (1997)
1181,1574,1,1.0,3.06,Fall (1997)
1182,1580,165,3.487878787878788,3.47,Men in Black (a.k.a. MIB) (1997)
1183,1581,3,2.1666666666666665,3.02,Out to Sea (1997)
1184,1582,5,2.6,3.05,Wild America (1997)
1185,1583,2,3.0,3.22,"Simple Wish, A (1997)"
1186,1584,82,3.652439024390244,3.61,Contact (1997)
1187,1585,1,3.0,3.24,Love Serenade (1996)
1188,1586,22,2.7954545454545454,2.95,G.I. Jane (1997)
1189,1587,31,3.2580645161290325,3.26,Conan the Barbarian (1982)
1190,1588,20,3.075,3.14,George of the Jungle (1997)
1191,1589,16,3.28125,3.27,Cop Land (1997)
1192,1590,25,2.94,3.03,Event Horizon (1997)
1193,1591,26,2.6346153846153846,2.81,Spawn (1997)
1194,1592,4,2.375,3.02,Air Bud (1997)
1195,1593,6,2.8333333333333335,3.11,Picture Perfect (1997)
1196,1594,6,4.083333333333333,3.56,In the Company of Men (1997)
1197,1596,3,4.333333333333333,3.5,Career Girls (1997)
1198,1597,43,2.941860465116279,3.0,Conspiracy Theory (1997)
1199,1598,4,2.5,3.05,Desperate Measures (1998)
1200,1599,3,2.3333333333333335,3.05,Steel (1997)
1201,1600,2,3.5,3.3,She's So Lovely (1997)
1202,1601,3,2.3333333333333335,3.05,Hoodlum (1997)
1203,1602,4,1.75,2.84,Leave It to Beaver (1997)
1204,1603,13,2.4615384615384617,2.82,Mimic (1997)
1205,1604,3,3.3333333333333335,3.28,Money Talks (1997)
1206,1605,4,2.75,3.12,Excess Baggage (1997)
1207,1606,3,2.3333333333333335,3.05,Kull the Conqueror (1997)
1208,1608,58,3.3448275862068964,3.33,Air Force One (1997)
1209,1609,3,2.6666666666666665,3.13,187 (One Eight Seven) (1997)
1210,1610,90,3.8722222222222222,3.81,"Hunt for Red October, The (1990)"
1211,1611,5,4.1,3.53,My Own Private Idaho (1991)
1212,1612,2,3.0,3.22,"Kiss Me, Guido (1997)"
1213,1613,1,4.0,3.33,Star Maps (1997)
1214,1614,26,2.7884615384615383,2.92,In & Out (1997)
1215,1615,11,3.0,3.13,"Edge, The (1997)"
1216,1616,20,3.025,3.11,"Peacemaker, The (1997)"
1217,1617,97,4.061855670103093,3.98,L.A. Confidential (1997)
1218,1619,14,3.4285714285714284,3.36,Seven Years in Tibet (1997)
1219,1620,13,3.1153846153846154,3.18,Kiss the Girls (1997)
1220,1621,2,3.25,3.26,Soul Food (1997)
1221,1623,2,2.25,3.1,Wishmaster (1997)
1222,1624,2,1.75,3.02,"Thousand Acres, A (1997)"
1223,1625,77,3.7012987012987013,3.65,"Game, The (1997)"
1224,1626,3,2.6666666666666665,3.13,Fire Down Below (1997)
1225,1627,7,3.357142857142857,3.3,U Turn (1997)
1226,1629,3,3.3333333333333335,3.28,"MatchMaker, The (1997)"
1227,1631,1,5.0,3.42,"Assignment, The (1997)"
1228,1633,5,4.0,3.5,Ulee's Gold (1997)
1229,1635,17,3.8823529411764706,3.65,"Ice Storm, The (1997)"
1230,1639,52,3.576923076923077,3.52,Chasing Amy (1997)
1231,1641,56,3.7589285714285716,3.68,"Full Monty, The (1997)"
1232,1642,2,1.75,3.02,Indian Summer (a.k.a. Alive & Kicking) (1996)
1233,1643,5,3.8,3.44,"Mrs. Brown (a.k.a. Her Majesty, Mrs. Brown) (1997)"
1234,1644,32,2.109375,2.39,I Know What You Did Last Summer (1997)
1235,1645,51,3.411764705882353,3.39,The Devil's Advocate (1997)
1236,1646,7,2.142857142857143,2.81,RocketMan (a.k.a. Rocket Man) (1997)
1237,1647,3,2.5,3.09,Playing God (1997)
1238,1648,4,3.5,3.33,"House of Yes, The (1997)"
1239,1649,3,2.5,3.09,"Fast, Cheap & Out of Control (1997)"
1240,1650,2,3.75,3.34,Washington Square (1997)
1241,1652,1,4.5,3.37,Year of the Horse (1997)
1242,1653,86,3.953488372093023,3.88,Gattaca (1997)
1243,1654,1,3.5,3.28,FairyTale: A True Story (1997)
1244,1655,1,4.0,3.33,Phantoms (1998)
1245,1656,1,4.0,3.33,Swept from the Sea (1997)
1246,1658,8,3.0625,3.18,"Life Less Ordinary, A (1997)"
1247,1659,1,4.0,3.33,Hurricane Streets (1997)
1248,1660,1,3.0,3.24,Eve's Bayou (1997)
1249,1661,1,3.0,3.24,Switchback (1997)
1250,1662,2,3.0,3.22,Gang Related (1997)
1251,1663,34,3.7941176470588234,3.67,Stripes (1981)
1252,1665,16,2.96875,3.08,Bean (1997)
1253,1667,5,2.1,2.88,Mad City (1997)
1254,1670,3,3.0,3.2,Welcome to Sarajevo (1997)
1255,1671,1,3.0,3.24,Deceiver (1997)
1256,1672,12,3.375,3.32,"Rainmaker, The (1997)"
1257,1673,39,4.076923076923077,3.91,Boogie Nights (1997)
1258,1674,40,3.65,3.57,Witness (1985)
1259,1675,1,3.5,3.28,Incognito (1997)
1260,1676,80,3.33125,3.32,Starship Troopers (1997)
1261,1677,1,2.0,3.15,Critical Care (1997)
1262,1678,10,3.5,3.38,"Joy Luck Club, The (1993)"
1263,1679,1,2.0,3.15,Chairman of the Board (1998)
1264,1680,25,3.6,3.5,Sliding Doors (1998)
1265,1681,7,1.9285714285714286,2.72,Mortal Kombat: Annihilation (1997)
1266,1682,125,3.812,3.77,"Truman Show, The (1998)"
1267,1683,6,4.416666666666667,3.69,"Wings of the Dove, The (1997)"
1268,1684,4,3.5,3.33,Mrs. Dalloway (1997)
1269,1685,1,3.0,3.24,"I Love You, I Love You Not (1996)"
1270,1686,3,3.6666666666666665,3.35,Red Corner (1997)
1271,1687,18,3.2222222222222223,3.24,"Jackal, The (1997)"
1272,1688,20,3.35,3.32,Anastasia (1997)
1273,1689,7,2.2142857142857144,2.84,"Man Who Knew Too Little, The (1997)"
1274,1690,45,2.922222222222222,2.99,Alien: Resurrection (1997)
1275,1693,19,3.5,3.42,Amistad (1997)
1276,1694,7,3.0,3.16,"Apostle, The (1997)"
1277,1695,2,4.0,3.38,Artemisia (1997)
1278,1696,2,3.5,3.3,Bent (1997)
1279,1699,2,4.0,3.38,"Butcher Boy, The (1997)"
1280,1701,8,3.875,3.53,Deconstructing Harry (1997)
1281,1702,16,3.0,3.1,Flubber (1997)
1282,1703,5,2.9,3.14,For Richer or Poorer (1997)
1283,1704,141,4.078014184397163,4.02,Good Will Hunting (1997)
1284,1707,8,1.875,2.66,Home Alone 3 (1997)
1285,1711,24,3.1041666666666665,3.15,Midnight in the Garden of Good and Evil (1997)
1286,1713,7,3.0714285714285716,3.19,Mouse Hunt (1997)
1287,1717,31,2.9193548387096775,3.01,Scream 2 (1997)
1288,1718,2,3.25,3.26,Stranger in the House (1997)
1289,1719,16,4.25,3.86,"Sweet Hereafter, The (1997)"
1290,1721,140,3.414285714285714,3.4,Titanic (1997)
1291,1722,45,3.066666666666667,3.1,Tomorrow Never Dies (1997)
1292,1726,13,2.6923076923076925,2.95,"Postman, The (1997)"
1293,1727,4,3.75,3.4,"Horse Whisperer, The (1998)"
1294,1729,48,3.6979166666666665,3.62,Jackie Brown (1997)
1295,1730,4,3.25,3.26,Kundun (1997)
1296,1731,4,1.75,2.84,Mr. Magoo (1997)
1297,1732,106,3.9245283018867925,3.87,"Big Lebowski, The (1998)"
1298,1733,4,4.5,3.61,Afterglow (1997)
1299,1734,9,4.055555555555555,3.63,My Life in Pink (Ma vie en rose) (1997)
1300,1735,11,3.3181818181818183,3.29,Great Expectations (1998)
1301,1739,1,4.0,3.33,3 Ninjas: High Noon On Mega Mountain (1998)
1302,1746,1,2.0,3.15,Senseless (1998)
1303,1747,31,3.338709677419355,3.32,Wag the Dog (1997)
1304,1748,48,3.8229166666666665,3.72,Dark City (1998)
1305,1752,4,2.5,3.05,Hard Rain (1998)
1306,1753,16,3.59375,3.46,Half Baked (1998)
1307,1754,15,3.5,3.4,Fallen (1998)
1308,1755,5,4.1,3.53,Shooting Fish (1997)
1309,1757,1,2.0,3.15,Fallen Angels (Duo luo tian shi) (1995)
1310,1759,1,5.0,3.42,"Four Days in September (O Que É Isso, Companheiro?) (1997)"
1311,1760,10,1.35,2.32,Spice World (1997)
1312,1762,5,2.3,2.95,Deep Rising (1998)
1313,1767,2,3.0,3.22,Music From Another Room (1998)
1314,1769,14,2.9285714285714284,3.07,"Replacement Killers, The (1998)"
1315,1770,2,2.5,3.14,B. Monkey (1998)
1316,1771,1,4.0,3.33,Night Flier (1997)
1317,1772,12,2.7083333333333335,2.97,Blues Brothers 2000 (1998)
1318,1777,56,3.419642857142857,3.4,"Wedding Singer, The (1998)"
1319,1779,23,2.760869565217391,2.92,Sphere (1998)
1320,1783,5,2.8,3.11,Palmetto (1998)
1321,1784,96,3.6979166666666665,3.66,As Good as It Gets (1997)
1322,1785,5,3.9,3.47,King of New York (1990)
1323,1791,3,2.3333333333333335,3.05,Twilight (1998)
1324,1792,23,3.0217391304347827,3.1,U.S. Marshals (1998)
1325,1793,2,4.0,3.38,Welcome to Woop-Woop (1997)
1326,1794,1,3.0,3.24,Love and Death on Long Island (1997)
1327,1797,6,4.25,3.62,Everest (1998)
1328,1798,2,2.0,3.06,Hush (1998)
1329,1799,13,3.423076923076923,3.35,Suicide Kings (1997)
1330,1801,25,3.5,3.43,"Man in the Iron Mask, The (1998)"
1331,1804,3,3.0,3.2,"Newton Boys, The (1998)"
1332,1805,31,3.0161290322580645,3.08,Wild Things (1998)
1333,1806,8,2.3125,2.85,Paulie (1998)
1334,1807,1,3.0,3.24,"Cool, Dry Place, A (1998)"
1335,1809,6,4.0,3.53,Fireworks (Hana-bi) (1997)
1336,1810,11,3.5,3.38,Primary Colors (1998)
1337,1812,3,3.6666666666666665,3.35,Wide Awake (1998)
1338,1816,3,2.0,2.98,Two Girls and a Guy (1997)
1339,1821,6,2.6666666666666665,3.04,"Object of My Affection, The (1998)"
1340,1824,1,1.0,3.06,Homegrown (1998)
1341,1825,1,3.5,3.28,The Players Club (1998)
1342,1826,1,2.0,3.15,Barney's Great Adventure (1998)
1343,1827,3,3.3333333333333335,3.28,"Big One, The (1997)"
1344,1829,2,3.25,3.26,Chinese Box (1997)
1345,1831,29,2.4482758620689653,2.66,Lost in Space (1998)
1346,1833,13,3.0,3.12,Mercury Rising (1998)
1347,1834,11,4.0,3.64,"Spanish Prisoner, The (1997)"
1348,1835,17,3.3823529411764706,3.34,City of Angels (1998)
1349,1836,3,4.5,3.54,"Last Days of Disco, The (1998)"
1350,1837,4,2.25,2.98,"Odd Couple II, The (1998)"
1351,1839,1,3.0,3.24,My Giant (1998)
1352,1840,7,3.2142857142857144,3.24,He Got Game (1998)
1353,1841,1,3.0,3.24,"Gingerbread Man, The (1998)"
1354,1844,4,3.875,3.43,Live Flesh (Carne trémula) (1997)
1355,1845,15,3.966666666666667,3.68,Zero Effect (1998)
1356,1848,12,3.0416666666666665,3.14,"Borrowers, The (1997)"
1357,1855,7,2.5714285714285716,2.98,Krippendorf's Tribe (1998)
1358,1856,3,4.0,3.43,Kurt & Courtney (1998)
1359,1857,1,3.5,3.28,"Real Blonde, The (1997)"
1360,1858,8,2.5625,2.96,Mr. Nice Guy (Yat goh ho yan) (1997)
1361,1859,3,3.6666666666666665,3.35,Taste of Cherry (Ta'm e guilass) (1997)
1362,1860,4,2.625,3.09,Character (Karakter) (1997)
1363,1862,9,1.9444444444444444,2.65,Species II (1998)
1364,1863,7,2.4285714285714284,2.93,Major League: Back to the Minors (1998)
1365,1866,7,2.9285714285714284,3.13,"Big Hit, The (1998)"
1366,1867,1,2.0,3.15,Tarzan and the Lost City (1998)
1367,1870,1,3.0,3.24,"Dancer, Texas Pop. 81 (1998)"
1368,1873,10,3.75,3.5,"Misérables, Les (1998)"
1369,1875,6,3.9166666666666665,3.5,Clockwatchers (1997)
1370,1876,43,3.0697674418604652,3.11,Deep Impact (1998)
1371,1881,2,2.0,3.06,Quest for Camelot (1998)
1372,1882,33,1.9545454545454546,2.27,Godzilla (1998)
1373,1883,24,3.2708333333333335,3.27,Bulworth (1998)
1374,1884,46,3.967391304347826,3.84,Fear and Loathing in Las Vegas (1998)
1375,1885,12,3.125,3.19,"Opposite of Sex, The (1998)"
1376,1887,2,2.0,3.06,Almost Heroes (1998)
1377,1888,3,2.6666666666666665,3.13,Hope Floats (1998)
1378,1889,8,3.75,3.47,Insomnia (1997)
1379,1891,1,2.0,3.15,"Ugly, The (1997)"
1380,1892,16,3.28125,3.27,"Perfect Murder, A (1998)"
1381,1893,1,4.5,3.37,Beyond Silence (Jenseits der Stille) (1996)
1382,1894,16,2.84375,3.01,Six Days Seven Nights (1998)
1383,1895,15,3.3333333333333335,3.3,Can't Hardly Wait (1998)
1384,1897,2,3.5,3.3,High Art (1998)
1385,1900,1,4.0,3.33,"Children of Heaven, The (Bacheha-Ye Aseman) (1997)"
1386,1902,1,4.0,3.33,Dream for an Insomniac (1996)
1387,1904,3,3.3333333333333335,3.28,Henry Fool (1997)
1388,1906,2,2.5,3.14,Mr. Jealousy (1997)
1389,1907,45,3.566666666666667,3.51,Mulan (1998)
1390,1909,42,3.4404761904761907,3.41,"X-Files: Fight the Future, The (1998)"
1391,1910,2,2.0,3.06,I Went Down (1997)
1392,1911,32,2.609375,2.77,Dr. Dolittle (1998)
1393,1912,32,3.859375,3.71,Out of Sight (1998)
1394,1913,3,4.0,3.43,Picnic at Hanging Rock (1975)
1395,1914,9,3.388888888888889,3.32,Smoke Signals (1998)
1396,1916,12,3.4166666666666665,3.35,Buffalo '66 (a.k.a. Buffalo 66) (1998)
1397,1917,92,3.0543478260869565,3.08,Armageddon (1998)
1398,1918,33,2.8484848484848486,2.95,Lethal Weapon 4 (1998)
1399,1919,5,2.5,3.01,Madeline (1998)
1400,1920,18,2.8333333333333335,2.99,Small Soldiers (1998)
1401,1921,47,3.851063829787234,3.74,Pi (1998)
1402,1922,2,3.5,3.3,Whatever (1998)
1403,1923,105,3.676190476190476,3.64,There's Something About Mary (1998)
1404,1924,8,3.1875,3.23,Plan 9 from Outer Space (1959)
1405,1926,1,3.0,3.24,"Broadway Melody, The (1929)"
1406,1927,10,4.35,3.8,All Quiet on the Western Front (1930)
1407,1928,1,3.5,3.28,Cimarron (1931)
1408,1929,2,4.0,3.38,Grand Hotel (1932)
1409,1931,6,4.166666666666667,3.59,Mutiny on the Bounty (1935)
1410,1932,1,3.5,3.28,"Great Ziegfeld, The (1936)"
1411,1933,1,3.0,3.24,"Life of Emile Zola, The (1937)"
1412,1934,3,3.8333333333333335,3.39,You Can't Take It with You (1938)
1413,1936,3,4.0,3.43,Mrs. Miniver (1942)
1414,1937,2,3.25,3.26,Going My Way (1944)
1415,1938,3,4.0,3.43,"Lost Weekend, The (1945)"
1416,1939,8,4.0625,3.61,"Best Years of Our Lives, The (1946)"
1417,1940,1,4.0,3.33,Gentleman's Agreement (1947)
1418,1941,2,3.5,3.3,Hamlet (1948)
1419,1942,4,4.25,3.54,All the King's Men (1949)
1420,1944,11,3.9545454545454546,3.62,From Here to Eternity (1953)
1421,1945,24,4.1875,3.91,On the Waterfront (1954)
1422,1946,3,3.8333333333333335,3.39,Marty (1955)
1423,1947,34,3.6029411764705883,3.52,West Side Story (1961)
1424,1948,7,3.642857142857143,3.42,Tom Jones (1963)
1425,1949,6,4.333333333333333,3.65,"Man for All Seasons, A (1966)"
1426,1950,11,4.181818181818182,3.74,In the Heat of the Night (1967)
1427,1951,7,3.5714285714285716,3.39,Oliver! (1968)
1428,1952,22,3.9545454545454546,3.73,Midnight Cowboy (1969)
1429,1953,39,3.871794871794872,3.74,"French Connection, The (1971)"
1430,1954,64,3.828125,3.75,Rocky (1976)
1431,1955,14,3.892857142857143,3.62,Kramer vs. Kramer (1979)
1432,1956,12,4.0,3.66,Ordinary People (1980)
1433,1957,13,4.038461538461538,3.69,Chariots of Fire (1981)
1434,1958,22,3.7954545454545454,3.62,Terms of Endearment (1983)
1435,1959,15,3.6666666666666665,3.5,Out of Africa (1985)
1436,1960,26,3.6923076923076925,3.57,"Last Emperor, The (1987)"
1437,1961,96,3.8072916666666665,3.75,Rain Man (1988)
1438,1962,23,3.739130434782609,3.59,Driving Miss Daisy (1989)
1439,1963,11,3.3636363636363638,3.31,Take the Money and Run (1969)
1440,1964,6,4.083333333333333,3.56,Klute (1971)
1441,1965,21,3.380952380952381,3.34,Repo Man (1984)
1442,1966,8,3.625,3.42,Metropolitan (1990)
1443,1967,42,3.8214285714285716,3.71,Labyrinth (1986)
1444,1968,113,3.7787610619469025,3.74,"Breakfast Club, The (1985)"
1445,1969,10,2.35,2.81,"Nightmare on Elm Street 2: Freddy's Revenge, A (1985)"
1446,1970,12,2.9166666666666665,3.08,"Nightmare on Elm Street 3: Dream Warriors, A (1987)"
1447,1971,7,2.4285714285714284,2.93,"Nightmare on Elm Street 4: The Dream Master, A (1988)"
1448,1972,7,2.142857142857143,2.81,"Nightmare on Elm Street 5: The Dream Child, A (1989)"
1449,1973,5,2.2,2.92,"Freddy's Dead: The Final Nightmare (Nightmare on Elm Street Part 6: Freddy's Dead, A) (1991)"
1450,1974,16,2.875,3.03,Friday the 13th (1980)
1451,1975,7,2.5,2.96,Friday the 13th Part 2 (1981)
1452,1976,7,2.2142857142857144,2.84,Friday the 13th Part 3: 3D (1982)
1453,1977,6,2.5833333333333335,3.01,Friday the 13th Part IV: The Final Chapter (1984)
1454,1978,2,2.5,3.14,Friday the 13th Part V: A New Beginning (1985)
1455,1979,4,3.25,3.26,Friday the 13th Part VI: Jason Lives (1986)
1456,1980,1,2.0,3.15,Friday the 13th Part VII: The New Blood (1988)
1457,1981,3,2.0,2.98,Friday the 13th Part VIII: Jason Takes Manhattan (1989)
1458,1982,27,3.7222222222222223,3.59,Halloween (1978)
1459,1983,5,2.4,2.98,Halloween II (1981)
1460,1984,3,2.1666666666666665,3.02,Halloween III: Season of the Witch (1982)
1461,1985,1,2.0,3.15,Halloween 4: The Return of Michael Myers (1988)
1462,1986,2,1.5,2.98,Halloween 5: The Revenge of Michael Myers (1989)
1463,1987,2,2.5,3.14,Prom Night (1980)
1464,1990,1,4.0,3.33,Prom Night IV: Deliver Us From Evil (1992)
1465,1991,12,2.7083333333333335,2.97,Child's Play (1988)
1466,1992,4,2.375,3.02,Child's Play 2 (1990)
1467,1993,5,1.8,2.79,Child's Play 3 (1991)
1468,1994,47,3.425531914893617,3.4,Poltergeist (1982)
1469,1995,6,1.6666666666666667,2.68,Poltergeist II: The Other Side (1986)
1470,1996,4,1.875,2.88,Poltergeist III (1988)
1471,1997,53,3.80188679245283,3.71,"Exorcist, The (1973)"
1472,1998,4,1.5,2.77,Exorcist II: The Heretic (1977)
1473,1999,4,2.0,2.91,"Exorcist III, The (1990)"
1474,2000,75,3.6733333333333333,3.62,Lethal Weapon (1987)
1475,2001,47,3.1808510638297873,3.2,Lethal Weapon 2 (1989)
1476,2002,46,2.9347826086956523,3.0,Lethal Weapon 3 (1992)
1477,2003,41,3.3780487804878048,3.35,Gremlins (1984)
1478,2004,15,3.3333333333333335,3.3,Gremlins 2: The New Batch (1990)
1479,2005,57,3.5701754385964914,3.52,"Goonies, The (1985)"
1480,2006,60,3.1,3.12,"Mask of Zorro, The (1998)"
1481,2007,2,3.5,3.3,Polish Wedding (1998)
1482,2008,1,3.0,3.24,"This World, Then the Fireworks (1997)"
1483,2009,19,3.473684210526316,3.4,Soylent Green (1973)
1484,2010,21,3.857142857142857,3.66,Metropolis (1927)
1485,2011,87,3.5057471264367814,3.48,Back to the Future Part II (1989)
1486,2012,88,3.3693181818181817,3.36,Back to the Future Part III (1990)
1487,2013,21,3.0952380952380953,3.15,"Poseidon Adventure, The (1972)"
1488,2014,8,2.625,2.98,Freaky Friday (1977)
1489,2015,9,3.388888888888889,3.32,"Absent-Minded Professor, The (1961)"
1490,2016,4,2.875,3.15,"Apple Dumpling Gang Rides Again, The (1979)"
1491,2017,5,3.1,3.21,Babes in Toyland (1961)
1492,2018,38,3.3684210526315788,3.35,Bambi (1942)
1493,2019,48,4.1875,4.02,Seven Samurai (Shichinin no samurai) (1954)
1494,2020,25,4.0,3.78,Dangerous Liaisons (1988)
1495,2021,37,3.4324324324324325,3.4,Dune (1984)
1496,2022,8,3.6875,3.45,"Last Temptation of Christ, The (1988)"
1497,2023,45,3.3555555555555556,3.34,"Godfather: Part III, The (1990)"
1498,2024,3,3.3333333333333335,3.28,"Rapture, The (1991)"
1499,2025,7,3.9285714285714284,3.53,Lolita (1997)
1500,2026,3,2.0,2.98,Disturbing Behavior (1998)
1501,2027,9,1.8333333333333333,2.6,Jane Austen's Mafia! (1998)
1502,2028,188,4.1462765957446805,4.1,Saving Private Ryan (1998)
1503,2032,1,2.0,3.15,"Barefoot Executive, The (1971)"
1504,2033,8,3.75,3.47,"Black Cauldron, The (1985)"
1505,2034,9,2.611111111111111,2.96,"Black Hole, The (1979)"
1506,2035,3,3.6666666666666665,3.35,Blackbeard's Ghost (1968)
1507,2036,6,2.25,2.89,Blank Check (1994)
1508,2037,1,4.0,3.33,Candleshoe (1977)
1509,2038,3,2.3333333333333335,3.05,"Cat from Outer Space, The (1978)"
1510,2040,7,2.857142857142857,3.1,"Computer Wore Tennis Shoes, The (1969)"
1511,2041,3,3.3333333333333335,3.28,Condorman (1981)
1512,2042,6,2.5833333333333335,3.01,D2: The Mighty Ducks (1994)
1513,2043,4,2.75,3.12,Darby O'Gill and the Little People (1959)
1514,2044,2,2.5,3.14,"Devil and Max Devlin, The (1981)"
1515,2046,24,3.2083333333333335,3.22,Flight of the Navigator (1986)
1516,2048,8,3.5625,3.39,"Great Mouse Detective, The (1986)"
1517,2050,4,2.875,3.15,Herbie Goes Bananas (1980)
1518,2051,3,2.3333333333333335,3.05,Herbie Goes to Monte Carlo (1977)
1519,2052,23,2.760869565217391,2.92,Hocus Pocus (1993)
1520,2053,20,2.05,2.46,"Honey, I Blew Up the Kid (1992)"
1521,2054,68,2.7573529411764706,2.82,"Honey, I Shrunk the Kids (1989)"
1522,2055,1,3.0,3.24,Hot Lead and Cold Feet (1978)
1523,2056,1,3.0,3.24,In Search of the Castaways (1962)
1524,2057,4,3.375,3.29,"Incredible Journey, The (1963)"
1525,2058,30,3.35,3.33,"Negotiator, The (1998)"
1526,2059,15,3.0,3.11,"Parent Trap, The (1998)"
1527,2060,14,3.0714285714285716,3.15,BASEketball (1998)
1528,2064,31,3.838709677419355,3.69,Roger & Me (1989)
1529,2065,13,3.730769230769231,3.52,"Purple Rose of Cairo, The (1985)"
1530,2066,4,4.125,3.5,Out of the Past (1947)
1531,2067,21,4.142857142857143,3.85,Doctor Zhivago (1965)
1532,2068,2,2.75,3.18,Fanny and Alexander (Fanny och Alexander) (1982)
1533,2069,2,4.25,3.42,"Trip to Bountiful, The (1985)"
1534,2070,5,3.4,3.31,Tender Mercies (1983)
1535,2071,2,3.25,3.26,And the Band Played On (1993)
1536,2072,17,3.176470588235294,3.21,"'burbs, The (1989)"
1537,2073,5,3.6,3.37,Fandango (1985)
1538,2074,3,3.6666666666666665,3.35,"Night Porter, The (Portiere di notte, Il) (1974)"
1539,2075,1,5.0,3.42,Mephisto (1981)
1540,2076,46,3.9456521739130435,3.82,Blue Velvet (1986)
1541,2077,5,3.4,3.31,"Journey of Natty Gann, The (1985)"
1542,2078,53,3.830188679245283,3.74,"Jungle Book, The (1967)"
1543,2080,55,3.4,3.38,Lady and the Tramp (1955)
1544,2081,67,3.425373134328358,3.4,"Little Mermaid, The (1989)"
1545,2082,26,2.6538461538461537,2.83,"Mighty Ducks, The (1992)"
1546,2083,19,3.736842105263158,3.57,"Muppet Christmas Carol, The (1992)"
1547,2084,5,2.7,3.08,Newsies (1992)
1548,2085,44,3.4318181818181817,3.4,101 Dalmatians (One Hundred and One Dalmatians) (1961)
1549,2087,41,3.573170731707317,3.51,Peter Pan (1953)
1550,2088,18,2.5,2.78,Popeye (1980)
1551,2089,10,3.5,3.38,"Rescuers Down Under, The (1990)"
1552,2090,13,3.1923076923076925,3.22,"Rescuers, The (1977)"
1553,2091,4,2.25,2.98,Return from Witch Mountain (1978)
1554,2092,6,2.4166666666666665,2.95,"Return of Jafar, The (1994)"
1555,2093,6,3.0,3.17,Return to Oz (1985)
1556,2094,39,3.2564102564102564,3.26,"Rocketeer, The (1991)"
1557,2095,3,2.8333333333333335,3.17,"Shaggy D.A., The (1976)"
1558,2096,22,3.409090909090909,3.36,Sleeping Beauty (1959)
1559,2097,10,2.9,3.08,Something Wicked This Way Comes (1983)
1560,2098,2,2.5,3.14,Son of Flubber (1963)
1561,2099,6,3.4166666666666665,3.32,Song of the South (1946)
1562,2100,51,3.1176470588235294,3.14,Splash (1984)
1563,2102,3,2.3333333333333335,3.05,Steamboat Willie (1928)
1564,2103,3,2.5,3.09,Tall Tale (1995)
1565,2104,1,4.0,3.33,Tex (1982)
1566,2105,50,3.34,3.33,Tron (1982)
1567,2106,5,3.7,3.4,Swing Kids (1993)
1568,2107,3,3.0,3.2,Halloween H20: 20 Years Later (Halloween 7: The Revenge of Laurie Strode) (1998)
1569,2108,24,3.4791666666666665,3.41,L.A. Story (1991)
1570,2109,27,3.3703703703703702,3.34,"Jerk, The (1979)"
1571,2110,18,3.3055555555555554,3.29,Dead Men Don't Wear Plaid (1982)
1572,2111,10,3.25,3.26,"Man with Two Brains, The (1983)"
1573,2112,8,3.1875,3.23,Grand Canyon (1991)
1574,2114,16,3.71875,3.54,"Outsiders, The (1983)"
1575,2115,108,3.638888888888889,3.61,Indiana Jones and the Temple of Doom (1984)
1576,2116,15,3.1333333333333333,3.19,"Lord of the Rings, The (1978)"
1577,2117,14,3.7142857142857144,3.52,1984 (Nineteen Eighty-Four) (1984)
1578,2118,15,3.7333333333333334,3.54,"Dead Zone, The (1983)"
1579,2119,3,1.3333333333333333,2.83,Maximum Overdrive (1986)
1580,2120,4,2.0,2.91,Needful Things (1993)
1581,2121,7,2.2142857142857144,2.84,Cujo (1983)
1582,2122,11,2.4545454545454546,2.85,Children of the Corn (1984)
1583,2123,15,2.7,2.93,All Dogs Go to Heaven (1989)
1584,2124,38,3.289473684210526,3.28,"Addams Family, The (1991)"
1585,2125,21,3.619047619047619,3.5,Ever After: A Cinderella Story (1998)
1586,2126,15,2.7666666666666666,2.97,Snake Eyes (1998)
1587,2130,8,3.6875,3.45,Atlantic City (1980)
1588,2131,4,4.625,3.64,Autumn Sonata (Höstsonaten) (1978)
1589,2132,7,4.142857142857143,3.62,Who's Afraid of Virginia Woolf? (1966)
1590,2133,20,3.325,3.3,Adventures in Babysitting (1987)
1591,2134,22,3.1136363636363638,3.16,Weird Science (1985)
1592,2135,11,3.772727272727273,3.53,Doctor Dolittle (1967)
1593,2136,14,2.4642857142857144,2.8,"Nutty Professor, The (1963)"
1594,2137,21,3.5476190476190474,3.45,Charlotte's Web (1973)
1595,2138,10,4.05,3.65,Watership Down (1978)
1596,2139,21,3.4761904761904763,3.41,"Secret of NIMH, The (1982)"
1597,2140,34,3.5441176470588234,3.48,"Dark Crystal, The (1982)"
1598,2141,18,3.1666666666666665,3.2,"American Tail, An (1986)"
1599,2142,10,2.7,2.99,"American Tail: Fievel Goes West, An (1991)"
1600,2143,13,3.076923076923077,3.16,Legend (1985)
1601,2144,49,3.6020408163265305,3.54,Sixteen Candles (1984)
1602,2145,33,3.242424242424242,3.25,Pretty in Pink (1986)
1603,2146,16,3.21875,3.24,St. Elmo's Fire (1985)
1604,2147,3,2.6666666666666665,3.13,"Clan of the Cave Bear, The (1986)"
1605,2148,9,3.0555555555555554,3.17,House (1986)
1606,2149,4,1.75,2.84,House II: The Second Story (1987)
1607,2150,28,3.892857142857143,3.72,"Gods Must Be Crazy, The (1980)"
1608,2151,6,3.75,3.44,"Gods Must Be Crazy II, The (1989)"
1609,2152,3,2.0,2.98,Air Bud: Golden Receiver (1998)
1610,2153,11,2.3181818181818183,2.78,"Avengers, The (1998)"
1611,2154,2,1.75,3.02,How Stella Got Her Groove Back (1998)
1612,2155,8,3.625,3.42,"Slums of Beverly Hills, The (1998)"
1613,2156,1,4.0,3.33,"Best Man, The (Testimone dello sposo, Il) (1998)"
1614,2159,7,3.9285714285714284,3.53,Henry: Portrait of a Serial Killer (1986)
1615,2160,32,4.171875,3.95,Rosemary's Baby (1968)
1616,2161,43,3.5813953488372094,3.52,"NeverEnding Story, The (1984)"
1617,2162,8,2.5,2.93,"NeverEnding Story II: The Next Chapter, The (1990)"
1618,2163,5,2.2,2.92,Attack of the Killer Tomatoes! (1978)
1619,2164,1,1.0,3.06,Surf Nazis Must Die (1987)
1620,2165,2,3.5,3.3,Your Friends and Neighbors (1998)
1621,2166,4,2.5,3.05,Return to Paradise (1998)
1622,2167,58,3.3620689655172415,3.35,Blade (1998)
1623,2169,7,2.2857142857142856,2.87,Dead Man on Campus (1998)
1624,2170,5,2.4,2.98,Wrongfully Accused (1998)
1625,2171,8,3.3125,3.28,Next Stop Wonderland (1998)
1626,2172,1,3.0,3.24,"Strike! (a.k.a. All I Wanna Do, The Hairy Bird) (1998)"
1627,2174,91,3.4725274725274726,3.45,Beetlejuice (1988)
1628,2175,1,4.5,3.37,Déjà Vu (1997)
1629,2176,10,3.9,3.58,Rope (1948)
1630,2177,3,3.1666666666666665,3.24,Family Plot (1976)
1631,2178,2,3.5,3.3,Frenzy (1972)
1632,2179,1,3.0,3.24,Topaz (1969)
1633,2180,1,3.5,3.28,Torn Curtain (1966)
1634,2181,4,3.625,3.36,Marnie (1964)
1635,2182,4,2.875,3.15,"Wrong Man, The (1956)"
1636,2183,9,3.5555555555555554,3.4,"Man Who Knew Too Much, The (1956)"
1637,2184,6,3.4166666666666665,3.32,"Trouble with Harry, The (1955)"
1638,2185,2,4.0,3.38,I Confess (1953)
1639,2186,25,3.98,3.77,Strangers on a Train (1951)
1640,2187,2,3.5,3.3,Stage Fright (1950)
1641,2188,5,2.0,2.85,54 (1998)
1642,2190,1,2.0,3.15,Why Do Fools Fall In Love? (1998)
1643,2193,40,3.3375,3.32,Willow (1988)
1644,2194,65,3.9384615384615387,3.85,"Untouchables, The (1987)"
1645,2195,7,3.2142857142857144,3.24,Dirty Work (1998)
1646,2196,1,5.0,3.42,Knock Off (1998)
1647,2201,2,3.5,3.3,"Paradine Case, The (1947)"
1648,2202,7,4.357142857142857,3.7,Lifeboat (1944)
1649,2203,7,4.142857142857143,3.62,Shadow of a Doubt (1943)
1650,2204,4,3.875,3.43,Saboteur (1942)
1651,2205,4,2.875,3.15,Mr. & Mrs. Smith (1941)
1652,2206,5,4.0,3.5,Suspicion (1941)
1653,2207,1,3.0,3.24,Jamaica Inn (1939)
1654,2208,6,3.9166666666666665,3.5,"Lady Vanishes, The (1938)"
1655,2210,2,3.25,3.26,Sabotage (1936)
1656,2211,1,3.0,3.24,Secret Agent (1936)
1657,2212,3,3.6666666666666665,3.35,"Man Who Knew Too Much, The (1934)"
1658,2226,1,1.0,3.06,"Ring, The (1927)"
1659,2227,3,3.5,3.32,"Lodger: A Story of the London Fog, The (1927)"
1660,2231,36,3.861111111111111,3.73,Rounders (1998)
1661,2232,27,3.425925925925926,3.38,Cube (1997)
1662,2236,9,3.0,3.14,Simon Birch (1998)
1663,2239,6,4.666666666666667,3.78,Swept Away (Travolti da un insolito destino nell'azzurro mare d'Agosto) (1975)
1664,2240,7,3.857142857142857,3.5,My Bodyguard (1980)
1665,2241,4,3.5,3.33,Class (1983)
1666,2243,28,3.4285714285714284,3.38,Broadcast News (1987)
1667,2244,2,1.5,2.98,"Allnighter, The (1987)"
1668,2245,22,3.2045454545454546,3.22,Working Girl (1988)
1669,2247,12,3.0,3.12,Married to the Mob (1988)
1670,2248,39,3.923076923076923,3.78,Say Anything... (1989)
1671,2249,11,3.1818181818181817,3.22,My Blue Heaven (1990)
1672,2252,5,2.5,3.01,Hero (1992)
1673,2253,20,2.375,2.68,Toys (1992)
1674,2255,2,1.5,2.98,Young Doctors in Love (1982)
1675,2256,2,2.5,3.14,Parasite (1982)
1676,2257,1,4.0,3.33,No Small Affair (1984)
1677,2259,8,3.1875,3.23,Blame It on Rio (1984)
1678,2260,2,2.5,3.14,Wisdom (1986)
1679,2261,6,3.0,3.17,One Crazy Summer (1986)
1680,2262,9,3.0,3.14,About Last Night... (1986)
1681,2263,5,2.8,3.11,"Seventh Sign, The (1988)"
1682,2264,4,2.75,3.12,We're No Angels (1989)
1683,2265,4,2.375,3.02,Nothing But Trouble (1991)
1684,2266,5,3.1,3.21,"Butcher's Wife, The (1991)"
1685,2267,2,2.5,3.14,Mortal Thoughts (1991)
1686,2268,57,3.789473684210526,3.71,"Few Good Men, A (1992)"
1687,2269,8,3.0,3.15,Indecent Proposal (1993)
1688,2271,2,3.0,3.22,Permanent Midnight (1998)
1689,2272,2,2.75,3.18,One True Thing (1998)
1690,2273,42,3.261904761904762,3.26,Rush Hour (1998)
1691,2275,5,3.6,3.37,Six-String Samurai (1998)
1692,2278,43,3.5232558139534884,3.47,Ronin (1998)
1693,2279,10,2.4,2.84,Urban Legend (1998)
1694,2280,2,3.0,3.22,Clay Pigeons (1998)
1695,2281,1,2.5,3.2,Monument Ave. (1998)
1696,2282,6,3.4166666666666665,3.32,Pecker (1998)
1697,2283,2,3.5,3.3,"Sheltering Sky, The (1990)"
1698,2286,1,2.0,3.15,"Fiendish Plot of Dr. Fu Manchu, The (1980)"
1699,2287,5,3.8,3.44,Them! (1954)
1700,2288,45,3.933333333333333,3.81,"Thing, The (1982)"
1701,2289,38,3.9473684210526314,3.8,"Player, The (1992)"
1702,2290,5,3.6,3.37,Stardust Memories (1980)
1703,2291,80,3.7,3.65,Edward Scissorhands (1990)
1704,2292,1,2.5,3.2,Overnight Delivery (1998)
1705,2294,45,3.2444444444444445,3.25,Antz (1998)
1706,2295,2,4.5,3.46,"Impostors, The (1998)"
1707,2296,10,2.1,2.69,"Night at the Roxbury, A (1998)"
1708,2297,14,3.642857142857143,3.48,What Dreams May Come (1998)
1709,2298,1,4.0,3.33,Strangeland (1998)
1710,2300,33,3.9696969696969697,3.8,"Producers, The (1968)"
1711,2301,16,3.625,3.48,History of the World: Part I (1981)
1712,2302,59,3.26271186440678,3.26,My Cousin Vinny (1992)
1713,2303,5,3.6,3.37,Nashville (1975)
1714,2304,1,4.0,3.33,Love Is the Devil (1998)
1715,2306,6,2.5833333333333335,3.01,Holy Man (1998)
1716,2307,1,3.0,3.24,One Tough Cop (1998)
1717,2310,3,3.6666666666666665,3.35,"Mighty, The (1998)"
1718,2311,17,3.588235294117647,3.46,2010: The Year We Make Contact (1984)
1719,2312,12,3.8333333333333335,3.57,Children of a Lesser God (1986)
1720,2313,17,4.029411764705882,3.74,"Elephant Man, The (1980)"
1721,2314,2,4.5,3.46,Beloved (1998)
1722,2315,6,2.1666666666666665,2.86,Bride of Chucky (Child's Play 4) (1998)
1723,2316,7,3.2142857142857144,3.24,Practical Magic (1998)
1724,2318,16,4.125,3.79,Happiness (1998)
1725,2320,9,3.0,3.14,Apt Pupil (1998)
1726,2321,61,3.4836065573770494,3.45,Pleasantville (1998)
1727,2322,8,3.0625,3.18,Soldier (1998)
1728,2323,2,4.25,3.42,"Cruise, The (1998)"
1729,2324,88,4.1477272727272725,4.05,Life Is Beautiful (La Vita è bella) (1997)
1730,2325,13,3.1153846153846154,3.18,Orgazmo (1997)
1731,2327,3,3.6666666666666665,3.35,Tales from the Darkside: The Movie (1990)
1732,2328,7,2.4285714285714284,2.93,Vampires (1998)
1733,2329,129,4.217054263565892,4.15,American History X (1998)
1734,2330,2,4.5,3.46,Hands on a Hard Body (1996)
1735,2331,3,3.0,3.2,Living Out Loud (1998)
1736,2332,2,1.25,2.94,Belly (1998)
1737,2333,4,4.125,3.5,Gods and Monsters (1998)
1738,2334,13,2.8076923076923075,3.01,"Siege, The (1998)"
1739,2335,28,3.1785714285714284,3.2,"Waterboy, The (1998)"
1740,2336,23,3.6739130434782608,3.55,Elizabeth (1998)
1741,2337,4,3.375,3.29,Velvet Goldmine (1998)
1742,2338,18,2.0555555555555554,2.5,I Still Know What You Did Last Summer (1998)
1743,2339,1,1.5,3.11,I'll Be Home For Christmas (1998)
1744,2340,20,3.05,3.12,Meet Joe Black (1998)
1745,2342,2,4.0,3.38,Hard Core Logo (1996)
1746,2344,8,3.25,3.26,Runaway Train (1985)
1747,2346,11,3.1818181818181817,3.22,"Stepford Wives, The (1975)"
1748,2347,3,2.3333333333333335,3.05,"Pope of Greenwich Village, The (1984)"
1749,2348,8,3.4375,3.34,Sid and Nancy (1986)
1750,2349,7,3.5,3.36,Mona Lisa (1986)
1751,2350,2,3.5,3.3,Heart Condition (1990)
1752,2351,7,4.285714285714286,3.67,"Nights of Cabiria (Notti di Cabiria, Le) (1957)"
1753,2352,25,3.84,3.67,"Big Chill, The (1983)"
1754,2353,67,3.4925373134328357,3.46,Enemy of the State (1998)
1755,2354,7,2.5,2.96,"Rugrats Movie, The (1998)"
1756,2355,92,3.516304347826087,3.49,"Bug's Life, A (1998)"
1757,2356,5,2.6,3.05,Celebrity (1998)
1758,2357,6,4.416666666666667,3.69,Central Station (Central do Brasil) (1998)
1759,2358,1,4.0,3.33,Savior (1998)
1760,2359,26,3.673076923076923,3.56,Waking Ned Devine (a.k.a. Waking Ned) (1998)
1761,2360,12,4.458333333333333,3.9,"Celebration, The (Festen) (1998)"
1762,2361,10,2.75,3.01,Pink Flamingos (1972)
1763,2362,1,4.0,3.33,Glen or Glenda (1953)
1764,2363,3,2.1666666666666665,3.02,Godzilla (Gojira) (1954)
1765,2364,2,1.5,2.98,"Godzilla 1985: The Legend Is Reborn (Gojira) (Godzilla) (Return of Godzilla, The) (1984)"
1766,2365,2,2.5,3.14,King Kong vs. Godzilla (Kingukongu tai Gojira) (1962)
1767,2366,25,3.64,3.53,King Kong (1933)
1768,2367,14,2.7142857142857144,2.95,King Kong (1976)
1769,2368,1,2.0,3.15,King Kong Lives (1986)
1770,2369,24,2.6666666666666665,2.85,Desperately Seeking Susan (1985)
1771,2370,1,3.0,3.24,"Emerald Forest, The (1985)"
1772,2371,24,3.0833333333333335,3.14,Fletch (1985)
1773,2372,9,2.2222222222222223,2.78,Fletch Lives (1989)
1774,2373,9,2.2777777777777777,2.8,Red Sonja (1985)
1775,2374,9,3.1666666666666665,3.22,Gung Ho (1986)
1776,2375,21,2.9285714285714284,3.04,"Money Pit, The (1986)"
1777,2376,21,3.2142857142857144,3.23,"View to a Kill, A (1985)"
1778,2377,5,2.5,3.01,Lifeforce (1985)
1779,2378,22,3.022727272727273,3.1,Police Academy (1984)
1780,2379,12,2.4583333333333335,2.83,Police Academy 2: Their First Assignment (1985)
1781,2380,10,2.3,2.79,Police Academy 3: Back in Training (1986)
1782,2381,7,2.142857142857143,2.81,Police Academy 4: Citizens on Patrol (1987)
1783,2382,5,2.5,3.01,Police Academy 5: Assignment: Miami Beach (1988)
1784,2383,4,1.5,2.77,Police Academy 6: City Under Siege (1989)
1785,2384,29,2.7758620689655173,2.9,Babe: Pig in the City (1998)
1786,2385,3,2.3333333333333335,3.05,Home Fries (1998)
1787,2387,16,3.4375,3.37,Very Bad Things (1998)
1788,2388,1,4.0,3.33,Steam: The Turkish Bath (Hamam) (1997)
1789,2389,9,1.8888888888888888,2.62,Psycho (1998)
1790,2390,7,3.9285714285714284,3.53,Little Voice (1998)
1791,2391,22,3.7954545454545454,3.62,"Simple Plan, A (1998)"
1792,2392,8,1.9375,2.69,Jack Frost (1998)
1793,2393,33,3.1515151515151514,3.18,Star Trek: Insurrection (1998)
1794,2394,25,3.5,3.43,"Prince of Egypt, The (1998)"
1795,2395,56,3.544642857142857,3.5,Rushmore (1998)
1796,2396,92,3.777173913043478,3.73,Shakespeare in Love (1998)
1797,2398,17,4.0588235294117645,3.76,Miracle on 34th Street (1947)
1798,2399,4,2.25,2.98,Santa Claus: The Movie (1985)
1799,2400,2,3.0,3.22,Prancer (1989)
1800,2401,8,3.8125,3.5,Pale Rider (1985)
1801,2402,19,2.6578947368421053,2.87,Rambo: First Blood Part II (1985)
1802,2403,30,3.55,3.48,First Blood (Rambo: First Blood) (1982)
1803,2404,12,1.9166666666666667,2.54,Rambo III (1988)
1804,2405,21,2.8095238095238093,2.96,"Jewel of the Nile, The (1985)"
1805,2406,54,3.4537037037037037,3.42,Romancing the Stone (1984)
1806,2407,43,3.2674418604651163,3.27,Cocoon (1985)
1807,2408,9,2.3333333333333335,2.83,Cocoon: The Return (1988)
1808,2409,26,3.1923076923076925,3.21,Rocky II (1979)
1809,2410,24,2.7291666666666665,2.89,Rocky III (1982)
1810,2411,29,2.706896551724138,2.85,Rocky IV (1985)
1811,2412,17,1.9411764705882353,2.44,Rocky V (1990)
1812,2413,18,3.388888888888889,3.34,Clue (1985)
1813,2414,11,3.3636363636363638,3.31,Young Sherlock Holmes (1985)
1814,2415,1,3.0,3.24,Violets Are Blue... (1986)
1815,2416,16,2.90625,3.05,Back to School (1986)
1816,2417,1,1.0,3.06,Heartburn (1986)
1817,2418,6,2.75,3.07,Nothing in Common (1986)
1818,2419,2,3.75,3.34,Extremities (1986)
1819,2420,38,3.5657894736842106,3.5,"Karate Kid, The (1984)"
1820,2421,29,2.7758620689655173,2.9,"Karate Kid, Part II, The (1986)"
1821,2422,14,1.75,2.39,"Karate Kid, Part III, The (1989)"
1822,2423,30,3.566666666666667,3.49,Christmas Vacation (National Lampoon's Christmas Vacation) (1989)
1823,2424,50,3.12,3.14,You've Got Mail (1998)
1824,2425,2,4.0,3.38,"General, The (1998)"
1825,2427,35,3.3,3.29,"Thin Red Line, The (1998)"
1826,2428,23,2.4782608695652173,2.72,"Faculty, The (1998)"
1827,2429,5,2.8,3.11,Mighty Joe Young (1998)
1828,2430,6,2.8333333333333335,3.11,Mighty Joe Young (1949)
1829,2431,27,3.3703703703703702,3.34,Patch Adams (1998)
1830,2432,6,3.0833333333333335,3.2,Stepmom (1998)
1831,2433,11,3.0454545454545454,3.15,"Civil Action, A (1998)"
1832,2435,1,4.0,3.33,Hurlyburly (1998)
1833,2436,6,4.25,3.62,Tea with Mussolini (1999)
1834,2439,3,3.1666666666666665,3.24,Affliction (1997)
1835,2442,3,3.8333333333333335,3.39,Hilary and Jackie (1998)
1836,2443,8,3.375,3.31,Playing by Heart (1998)
1837,2445,8,2.6875,3.01,At First Sight (1999)
1838,2446,2,2.0,3.06,In Dreams (1999)
1839,2447,15,3.2666666666666666,3.26,Varsity Blues (1999)
1840,2448,3,2.6666666666666665,3.13,Virus (1999)
1841,2450,16,2.15625,2.59,Howard the Duck (1986)
1842,2451,1,3.0,3.24,"Gate, The (1987)"
1843,2453,3,2.1666666666666665,3.02,"Boy Who Could Fly, The (1986)"
1844,2454,13,3.3846153846153846,3.33,"Fly, The (1958)"
1845,2455,43,3.383720930232558,3.36,"Fly, The (1986)"
1846,2456,9,2.2777777777777777,2.8,"Fly II, The (1989)"
1847,2457,8,3.5625,3.39,Running Scared (1986)
1848,2458,8,2.75,3.04,Armed and Dangerous (1986)
1849,2459,13,3.269230769230769,3.27,"Texas Chainsaw Massacre, The (1974)"
1850,2460,3,2.0,2.98,"Texas Chainsaw Massacre 2, The (1986)"
1851,2462,1,3.0,3.24,Texas Chainsaw Massacre: The Next Generation (a.k.a. The Return of the Texas Chainsaw Massacre) (1994)
1852,2463,14,3.3214285714285716,3.3,Ruthless People (1986)
1853,2465,3,1.5,2.87,Deadly Friend (1986)
1854,2467,18,3.75,3.57,"Name of the Rose, The (Name der Rose, Der) (1986)"
1855,2468,15,2.5,2.81,Jumpin' Jack Flash (1986)
1856,2469,7,3.2142857142857144,3.24,Peggy Sue Got Married (1986)
1857,2470,57,3.175438596491228,3.19,Crocodile Dundee (1986)
1858,2471,24,2.4791666666666665,2.72,Crocodile Dundee II (1988)
1859,2472,3,3.0,3.2,Tough Guys (1986)
1860,2473,8,2.5625,2.96,Soul Man (1986)
1861,2474,13,3.5,3.39,"Color of Money, The (1986)"
1862,2475,3,3.6666666666666665,3.35,52 Pick-Up (1986)
1863,2476,12,3.75,3.52,Heartbreak Ridge (1986)
1864,2477,3,3.3333333333333335,3.28,Firewalker (1986)
1865,2478,26,3.1346153846153846,3.17,¡Three Amigos! (1986)
1866,2481,1,4.0,3.33,My Name Is Joe (1998)
1867,2482,2,3.0,3.22,Still Crazy (1998)
1868,2483,1,3.5,3.28,"Day of the Beast, The (Día de la Bestia, El) (1995)"
1869,2485,29,2.8448275862068964,2.95,She's All That (1999)
1870,2488,3,3.0,3.2,Peeping Tom (1960)
1871,2490,45,3.422222222222222,3.39,Payback (1999)
1872,2491,5,3.6,3.37,Simply Irresistible (1999)
1873,2492,7,3.0,3.16,20 Dates (1998)
1874,2493,1,4.0,3.33,"Harmonists, The (1997)"
1875,2494,2,4.0,3.38,"Last Days, The (1998)"
1876,2495,3,4.0,3.43,"Fantastic Planet, The (Planète sauvage, La) (1973)"
1877,2496,23,3.108695652173913,3.16,Blast from the Past (1999)
1878,2497,6,2.9166666666666665,3.14,Message in a Bottle (1999)
1879,2498,5,2.1,2.88,My Favorite Martian (1999)
1880,2500,7,2.0,2.75,Jawbreaker (1999)
1881,2501,30,3.75,3.62,October Sky (1999)
1882,2502,94,4.090425531914893,4.01,Office Space (1999)
1883,2503,1,4.0,3.33,"Apple, The (Sib) (1998)"
1884,2504,6,3.1666666666666665,3.23,200 Cigarettes (1999)
1885,2505,18,2.9444444444444446,3.06,8MM (1999)
1886,2506,6,3.3333333333333335,3.29,"Other Sister, The (1999)"
1887,2511,3,4.666666666666667,3.58,"Long Goodbye, The (1973)"
1888,2512,1,5.0,3.42,"Ballad of Narayama, The (Narayama bushiko) (1983)"
1889,2513,10,2.85,3.06,Pet Sematary (1989)
1890,2514,3,1.8333333333333333,2.94,Pet Sematary II (1992)
1891,2515,2,1.75,3.02,Children of the Corn II: The Final Sacrifice (1993)
1892,2516,1,1.0,3.06,Children of the Corn III (1994)
1893,2517,10,2.95,3.11,Christine (1983)
1894,2518,10,3.05,3.16,Night Shift (1982)
1895,2520,3,2.1666666666666665,3.02,Airport (1970)
1896,2521,2,3.5,3.3,Airport 1975 (1974)
1897,2522,4,3.25,3.26,Airport '77 (1977)
1898,2523,2,2.5,3.14,Rollercoaster (1977)
1899,2524,9,3.2222222222222223,3.24,"Towering Inferno, The (1974)"
1900,2525,3,2.0,2.98,Alligator (1980)
1901,2526,3,1.8333333333333333,2.94,Meteor (1979)
1902,2527,18,3.4166666666666665,3.36,Westworld (1973)
1903,2528,24,3.2291666666666665,3.24,Logan's Run (1976)
1904,2529,56,3.8035714285714284,3.72,Planet of the Apes (1968)
1905,2530,18,2.7777777777777777,2.95,Beneath the Planet of the Apes (1970)
1906,2531,9,2.7777777777777777,3.04,Battle for the Planet of the Apes (1973)
1907,2532,12,2.7916666666666665,3.01,Conquest of the Planet of the Apes (1972)
1908,2533,15,3.0,3.11,Escape from the Planet of the Apes (1971)
1909,2534,3,2.5,3.09,Avalanche (1978)
1910,2535,3,2.6666666666666665,3.13,Earthquake (1974)
1911,2537,3,2.0,2.98,Beyond the Poseidon Adventure (1979)
1912,2538,1,1.0,3.06,Dancemaker (1998)
1913,2539,47,3.095744680851064,3.13,Analyze This (1999)
1914,2540,3,2.5,3.09,"Corruptor, The (1999)"
1915,2541,40,3.225,3.23,Cruel Intentions (1999)
1916,2542,67,4.052238805970149,3.95,"Lock, Stock & Two Smoking Barrels (1998)"
1917,2544,1,3.0,3.24,"School of Flesh, The (École de la chair, L') (1998)"
1918,2546,2,3.25,3.26,"Deep End of the Ocean, The (1999)"
1919,2548,6,1.8333333333333333,2.74,"Rage: Carrie 2, The (1999)"
1920,2549,6,2.9166666666666665,3.14,Wing Commander (1999)
1921,2550,7,4.0,3.56,"Haunting, The (1963)"
1922,2551,8,3.6875,3.45,Dead Ringers (1988)
1923,2552,2,1.5,2.98,My Boyfriend's Back (1993)
1924,2553,6,3.0833333333333335,3.2,Village of the Damned (1960)
1925,2554,3,3.1666666666666665,3.24,Children of the Damned (1963)
1926,2555,3,1.6666666666666667,2.9,Baby Geniuses (1999)
1927,2557,1,4.5,3.37,I Stand Alone (Seul contre tous) (1998)
1928,2558,9,2.3333333333333335,2.83,Forces of Nature (1999)
1929,2559,1,3.0,3.24,"King and I, The (1999)"
1930,2560,8,3.0,3.15,Ravenous (1999)
1931,2561,4,2.75,3.12,True Crime (1999)
1932,2563,3,4.166666666666667,3.47,Dangerous Beauty (1998)
1933,2565,12,4.166666666666667,3.75,"King and I, The (1956)"
1934,2566,2,2.0,3.06,Doug's 1st Movie (1999)
1935,2567,19,2.973684210526316,3.08,EDtv (1999)
1936,2568,8,3.1875,3.23,"Mod Squad, The (1999)"
1937,2570,5,3.2,3.24,"Walk on the Moon, A (1999)"
1938,2571,278,4.192446043165468,4.16,"Matrix, The (1999)"
1939,2572,54,3.5277777777777777,3.49,10 Things I Hate About You (1999)
1940,2573,1,1.0,3.06,Tango (1998)
1941,2574,6,2.0,2.8,"Out-of-Towners, The (1999)"
1942,2575,4,3.75,3.4,"Dreamlife of Angels, The (Vie rêvée des anges, La) (1998)"
1943,2577,1,3.0,3.24,Metroland (1997)
1944,2579,6,3.8333333333333335,3.47,Following (1998)
1945,2580,39,3.9615384615384617,3.81,Go (1999)
1946,2581,36,2.9583333333333335,3.03,Never Been Kissed (1999)
1947,2582,3,3.0,3.2,Twin Dragons (Shuang long hui) (1992)
1948,2583,12,3.875,3.59,Cookie's Fortune (1999)
1949,2585,2,4.25,3.42,"Lovers of the Arctic Circle, The (Los Amantes del Círculo Polar) (1998)"
1950,2586,2,1.75,3.02,Goodbye Lover (1999)
1951,2587,4,3.25,3.26,Life (1999)
1952,2589,1,3.5,3.28,Friends & Lovers (1999)
1953,2590,1,2.5,3.2,Hideous Kinky (1998)
1954,2593,4,3.375,3.29,"Monster, The (Mostro, Il) (1994)"
1955,2594,10,3.75,3.5,Open Your Eyes (Abre los ojos) (1997)
1956,2596,12,3.7916666666666665,3.55,SLC Punk! (1998)
1957,2597,2,2.75,3.18,Lost & Found (1999)
1958,2598,25,2.84,2.96,Pushing Tin (1999)
1959,2599,56,3.6607142857142856,3.6,Election (1999)
1960,2600,22,3.8636363636363638,3.67,eXistenZ (1999)
1961,2605,43,2.988372093023256,3.04,Entrapment (1999)
1962,2606,15,2.566666666666667,2.85,Idle Hands (1999)
1963,2607,2,4.0,3.38,Get Real (1998)
1964,2609,1,4.0,3.33,"King of Masks, The (Bian Lian) (1996)"
1965,2611,1,3.0,3.24,"Winslow Boy, The (1999)"
1966,2612,1,4.0,3.33,Mildred Pierce (1945)
1967,2613,8,2.875,3.09,Night of the Comet (1984)
1968,2614,2,1.0,2.9,Chopping Mall (a.k.a. Killbots) (1986)
1969,2615,4,2.875,3.15,My Science Project (1985)
1970,2616,26,2.8846153846153846,2.99,Dick Tracy (1990)
1971,2617,87,3.1206896551724137,3.14,"Mummy, The (1999)"
1972,2618,5,3.4,3.31,"Castle, The (1997)"
1973,2620,1,3.0,3.24,This Is My Father (1998)
1974,2622,11,3.1363636363636362,3.2,William Shakespeare's A Midsummer Night's Dream (1999)
1975,2623,1,1.0,3.06,Trippin' (1999)
1976,2624,2,4.25,3.42,After Life (Wandafuru raifu) (1998)
1977,2625,2,2.5,3.14,Black Mask (Hak hap) (1996)
1978,2628,140,3.107142857142857,3.12,Star Wars: Episode I - The Phantom Menace (1999)
1979,2629,2,2.5,3.14,"Love Letter, The (1999)"
1980,2630,2,3.5,3.3,Besieged (a.k.a. L' Assedio) (1998)
1981,2632,1,4.0,3.33,"Saragossa Manuscript, The (Rekopis znaleziony w Saragossie) (1965)"
1982,2633,3,3.3333333333333335,3.28,"Mummy, The (1932)"
1983,2634,3,3.3333333333333335,3.28,"Mummy, The (1959)"
1984,2639,4,3.125,3.22,Mommie Dearest (1981)
1985,2640,61,3.6065573770491803,3.56,Superman (1978)
1986,2641,49,3.020408163265306,3.06,Superman II (1980)
1987,2642,22,2.25,2.57,Superman III (1983)
1988,2643,16,1.6875,2.31,Superman IV: The Quest for Peace (1987)
1989,2644,9,3.3333333333333335,3.3,Dracula (1931)
1990,2648,11,3.909090909090909,3.6,Frankenstein (1931)
1991,2651,1,1.0,3.06,Frankenstein Meets the Wolf Man (1943)
1992,2652,1,3.0,3.24,"Curse of Frankenstein, The (1957)"
1993,2654,5,3.6,3.37,"Wolf Man, The (1941)"
1994,2655,1,2.0,3.15,Howling II: Your Sister Is a Werewolf (1985)
1995,2656,1,3.0,3.24,Tarantula (1955)
1996,2657,63,3.3412698412698414,3.33,"Rocky Horror Picture Show, The (1975)"
1997,2659,1,2.0,3.15,It Came from Hollywood (1982)
1998,2660,4,3.5,3.33,"Thing from Another World, The (1951)"
1999,2661,1,3.0,3.24,It Came from Outer Space (1953)
2000,2662,12,3.1666666666666665,3.21,"War of the Worlds, The (1953)"
2001,2664,13,3.769230769230769,3.54,Invasion of the Body Snatchers (1956)
2002,2665,1,1.0,3.06,Earth vs. the Flying Saucers (1956)
2003,2668,8,2.9375,3.12,Swamp Thing (1982)
2004,2669,2,3.5,3.3,Pork Chop Hill (1959)
2005,2670,5,3.6,3.37,Run Silent Run Deep (1958)
2006,2671,56,3.455357142857143,3.43,Notting Hill (1999)
2007,2672,12,2.9583333333333335,3.1,"Thirteenth Floor, The (1999)"
2008,2674,2,2.25,3.1,"Loss of Sexual Innocence, The (1999)"
2009,2676,6,3.1666666666666665,3.23,Instinct (1999)
2010,2677,4,4.375,3.57,Buena Vista Social Club (1999)
2011,2681,3,3.0,3.2,Free Enterprise (1998)
2012,2682,3,4.0,3.43,Limbo (1999)
2013,2683,121,3.1983471074380163,3.2,Austin Powers: The Spy Who Shagged Me (1999)
2014,2686,19,4.026315789473684,3.76,"Red Violin, The (Violon rouge, Le) (1998)"
2015,2687,24,3.4583333333333335,3.4,Tarzan (1999)
2016,2688,15,2.933333333333333,3.07,"General's Daughter, The (1999)"
2017,2690,10,3.7,3.48,"Ideal Husband, An (1999)"
2018,2691,3,3.6666666666666665,3.35,"Legend of 1900, The (a.k.a. The Legend of the Pianist on the Ocean) (Leggenda del pianista sull'oceano) (1998)"
2019,2692,75,4.0,3.91,Run Lola Run (Lola rennt) (1998)
2020,2693,4,3.375,3.29,Trekkies (1997)
2021,2694,48,3.1979166666666665,3.21,Big Daddy (1999)
2022,2695,1,2.0,3.15,"Boys, The (1998)"
2023,2696,3,4.333333333333333,3.5,"Dinner Game, The (Dîner de cons, Le) (1998)"
2024,2697,1,3.5,3.28,My Son the Fanatic (1997)
2025,2698,1,2.0,3.15,Zone 39 (1997)
2026,2699,53,2.811320754716981,2.89,Arachnophobia (1990)
2027,2700,76,3.861842105263158,3.79,"South Park: Bigger, Longer and Uncut (1999)"
2028,2701,53,2.207547169811321,2.38,Wild Wild West (1999)
2029,2702,15,3.4,3.34,Summer of Sam (1999)
2030,2706,103,3.378640776699029,3.37,American Pie (1999)
2031,2707,22,3.272727272727273,3.27,Arlington Road (1999)
2032,2708,3,4.0,3.43,"Autumn Tale, An (Conte d'automne) (1998)"
2033,2709,9,3.1666666666666665,3.22,Muppets From Space (1999)
2034,2710,64,2.796875,2.86,"Blair Witch Project, The (1999)"
2035,2712,53,3.4622641509433962,3.43,Eyes Wide Shut (1999)
2036,2713,12,2.6666666666666665,2.94,Lake Placid (1999)
2037,2716,120,3.775,3.73,Ghostbusters (a.k.a. Ghost Busters) (1984)
2038,2717,47,3.0,3.05,Ghostbusters II (1989)
2039,2718,10,3.2,3.23,Drop Dead Gorgeous (1999)
2040,2719,13,2.1153846153846154,2.62,"Haunting, The (1999)"
2041,2720,21,2.0952380952380953,2.48,Inspector Gadget (1999)
2042,2722,29,2.7758620689655173,2.9,Deep Blue Sea (1999)
2043,2723,39,3.08974358974359,3.13,Mystery Men (1999)
2044,2724,42,2.8333333333333335,2.92,Runaway Bride (1999)
2045,2725,1,2.0,3.15,Twin Falls Idaho (1999)
2046,2726,9,4.055555555555555,3.63,"Killing, The (1956)"
2047,2727,1,3.0,3.24,Killer's Kiss (1955)
2048,2728,13,3.576923076923077,3.44,Spartacus (1960)
2049,2729,7,3.5,3.36,Lolita (1962)
2050,2730,7,3.7142857142857144,3.44,Barry Lyndon (1975)
2051,2731,12,4.0,3.66,"400 Blows, The (Les quatre cents coups) (1959)"
2052,2732,5,4.5,3.67,Jules and Jim (Jules et Jim) (1961)
2053,2733,2,2.0,3.06,Vibes (1988)
2054,2734,10,3.25,3.26,"Mosquito Coast, The (1986)"
2055,2735,16,2.71875,2.93,"Golden Child, The (1986)"
2056,2736,5,3.6,3.37,Brighton Beach Memoirs (1986)
2057,2737,1,4.0,3.33,Assassination (1987)
2058,2738,1,4.0,3.33,Crimes of the Heart (1986)
2059,2739,12,3.9166666666666665,3.61,"Color Purple, The (1985)"
2060,2740,1,1.0,3.06,"Kindred, The (1986)"
2061,2741,2,2.0,3.06,No Mercy (1986)
2062,2742,1,1.0,3.06,Ménage (Tenue de soirée) (1986)
2063,2743,1,3.0,3.24,Native Son (1986)
2064,2744,1,4.0,3.33,Otello (1986)
2065,2745,9,3.5,3.37,"Mission, The (1986)"
2066,2746,39,3.3333333333333335,3.32,Little Shop of Horrors (1986)
2067,2747,9,3.0,3.14,"Little Shop of Horrors, The (1960)"
2068,2748,6,1.8333333333333333,2.74,Allan Quatermain and the Lost City of Gold (1987)
2069,2749,2,4.0,3.38,"Morning After, The (1986)"
2070,2750,7,3.142857142857143,3.21,Radio Days (1987)
2071,2751,1,4.0,3.33,From the Hip (1987)
2072,2752,8,2.8125,3.07,Outrageous Fortune (1987)
2073,2754,1,1.0,3.06,Deadtime Stories (1987)
2074,2757,1,3.5,3.28,Frances (1982)
2075,2759,8,3.5,3.37,Dick (1999)
2076,2761,39,4.051282051282051,3.89,"Iron Giant, The (1999)"
2077,2762,179,3.893854748603352,3.86,"Sixth Sense, The (1999)"
2078,2763,48,3.6458333333333335,3.58,"Thomas Crown Affair, The (1999)"
2079,2764,7,4.0,3.56,"Thomas Crown Affair, The (1968)"
2080,2765,1,3.5,3.28,"Acid House, The (1998)"
2081,2766,2,3.25,3.26,"Adventures of Sebastian Cole, The (1998)"
2082,2769,5,3.4,3.31,"Yards, The (2000)"
2083,2770,38,2.960526315789474,3.03,Bowfinger (1999)
2084,2771,4,3.25,3.26,Brokedown Palace (1999)
2085,2772,10,2.85,3.06,Detroit Rock City (1999)
2086,2774,1,3.0,3.24,Better Than Chocolate (1999)
2087,2775,1,1.0,3.06,Head On (1998)
2088,2779,13,3.269230769230769,3.27,Heaven Can Wait (1978)
2089,2782,3,3.3333333333333335,3.28,Pit and the Pendulum (1961)
2090,2784,2,3.25,3.26,"Masque of the Red Death, The (1964)"
2091,2786,4,1.75,2.84,Haunted Honeymoon (1986)
2092,2787,6,2.4166666666666665,2.95,Cat's Eye (1985)
2093,2788,28,4.053571428571429,3.84,Monty Python's And Now for Something Completely Different (1971)
2094,2789,4,2.875,3.15,Damien: Omen II (1978)
2095,2790,2,2.0,3.06,"Final Conflict, The (a.k.a. Omen III: The Final Conflict) (1981)"
2096,2791,87,3.8563218390804597,3.79,Airplane! (1980)
2097,2792,19,3.1842105263157894,3.21,Airplane II: The Sequel (1982)
2098,2793,10,2.3,2.79,"American Werewolf in Paris, An (1997)"
2099,2794,15,2.6333333333333333,2.89,European Vacation (aka National Lampoon's European Vacation) (1985)
2100,2795,26,3.6538461538461537,3.54,National Lampoon's Vacation (1983)
2101,2796,11,2.590909090909091,2.92,Funny Farm (1988)
2102,2797,91,3.71978021978022,3.67,Big (1988)
2103,2798,12,1.5833333333333333,2.36,Problem Child (1990)
2104,2799,8,1.3125,2.41,Problem Child 2 (1991)
2105,2800,1,2.5,3.2,Little Nemo: Adventures in Slumberland (1992)
2106,2801,1,4.5,3.37,Oscar and Lucinda (a.k.a. Oscar & Lucinda) (1997)
2107,2802,13,3.0384615384615383,3.14,Tequila Sunrise (1988)
2108,2803,13,2.923076923076923,3.07,"Pelican Brief, The (1993)"
2109,2804,55,3.9727272727272727,3.86,"Christmas Story, A (1983)"
2110,2805,23,3.0,3.08,Mickey Blue Eyes (1999)
2111,2806,9,2.3333333333333335,2.83,Teaching Mrs. Tingle (1999)
2112,2807,4,2.625,3.09,Universal Soldier: The Return (1999)
2113,2808,17,2.2058823529411766,2.61,Universal Soldier (1992)
2114,2810,5,4.2,3.57,Perfect Blue (1997)
2115,2812,1,3.0,3.24,In Too Deep (1999)
2116,2813,1,1.0,3.06,"Source, The (1999)"
2117,2815,7,2.2857142857142856,2.87,Iron Eagle (1986)
2118,2816,3,1.6666666666666667,2.9,Iron Eagle II (1988)
2119,2817,3,2.0,2.98,Aces: Iron Eagle III (1992)
2120,2818,3,1.0,2.75,Iron Eagle IV (1995)
2121,2819,16,3.75,3.56,Three Days of the Condor (3 Days of the Condor) (1975)
2122,2820,1,4.0,3.33,Hamlet (1964)
2123,2822,11,3.1363636363636362,3.2,Medicine Man (1992)
2124,2824,1,5.0,3.42,On the Ropes (1999)
2125,2826,26,2.9038461538461537,3.01,"13th Warrior, The (1999)"
2126,2827,11,2.272727272727273,2.75,"Astronaut's Wife, The (1999)"
2127,2828,2,1.5,2.98,Dudley Do-Right (1999)
2128,2829,7,3.0714285714285716,3.19,"Muse, The (1999)"
2129,2835,1,1.0,3.06,Chill Factor (1999)
2130,2836,4,3.5,3.33,Outside Providence (1999)
2131,2837,1,3.0,3.24,Bedrooms & Hallways (1998)
2132,2839,1,4.0,3.33,West Beirut (West Beyrouth) (1998)
2133,2840,23,2.869565217391304,2.99,Stigmata (1999)
2134,2841,18,3.5277777777777777,3.43,Stir of Echoes (1999)
2135,2843,9,3.9444444444444446,3.58,"Black Cat, White Cat (Crna macka, beli macor) (1998)"
2136,2844,3,2.6666666666666665,3.13,"Minus Man, The (1999)"
2137,2846,7,3.857142857142857,3.5,"Adventures of Milo and Otis, The (Koneko monogatari) (1986)"
2138,2847,2,3.0,3.22,Only Angels Have Wings (1939)
2139,2848,1,4.0,3.33,"Othello (Tragedy of Othello: The Moor of Venice, The) (1952)"
2140,2851,4,3.25,3.26,Saturn 3 (1980)
2141,2852,1,4.0,3.33,"Soldier's Story, A (1984)"
2142,2856,1,3.0,3.24,I Saw What You Did (1965)
2143,2857,14,3.2857142857142856,3.28,Yellow Submarine (1968)
2144,2858,204,4.056372549019608,4.02,American Beauty (1999)
2145,2859,7,3.857142857142857,3.5,Stop Making Sense (1984)
2146,2860,9,2.611111111111111,2.96,Blue Streak (1999)
2147,2861,8,3.375,3.31,For Love of the Game (1999)
2148,2862,1,1.0,3.06,Caligula (1979)
2149,2863,19,3.473684210526316,3.4,"Hard Day's Night, A (1964)"
2150,2865,1,4.0,3.33,Sugar Town (1999)
2151,2866,5,3.6,3.37,"Buddy Holly Story, The (1978)"
2152,2867,12,3.5833333333333335,3.43,Fright Night (1985)
2153,2868,2,2.0,3.06,Fright Night Part II (1988)
2154,2870,8,3.3125,3.28,Barefoot in the Park (1967)
2155,2871,30,3.9,3.74,Deliverance (1972)
2156,2872,25,3.64,3.53,Excalibur (1981)
2157,2874,3,3.6666666666666665,3.35,"Pajama Game, The (1957)"
2158,2875,10,2.95,3.11,Sommersby (1993)
2159,2876,1,2.0,3.15,Thumbelina (1994)
2160,2877,7,3.0,3.16,Tommy (1975)
2161,2878,2,2.0,3.06,Hell Night (1981)
2162,2879,7,3.2142857142857144,3.24,Armour of God II: Operation Condor (Operation Condor) (Fei ying gai wak) (1991)
2163,2880,6,3.0833333333333335,3.2,Armour of God (Long xiong hu di) (1987)
2164,2881,19,3.026315789473684,3.11,Double Jeopardy (1999)
2165,2882,4,2.0,2.91,Jakob the Liar (1999)
2166,2883,5,3.2,3.24,Mumford (1999)
2167,2884,1,2.0,3.15,Dog Park (1998)
2168,2885,1,2.0,3.15,Guinevere (1999)
2169,2886,2,1.5,2.98,"Adventures of Elmo in Grouchland, The (1999)"
2170,2887,1,1.0,3.06,Simon Sez (1999)
2171,2888,5,2.1,2.88,Drive Me Crazy (1999)
2172,2889,8,3.75,3.47,"Mystery, Alaska (1999)"
2173,2890,45,3.7111111111111112,3.63,Three Kings (1999)
2174,2891,3,4.0,3.43,"Happy, Texas (1999)"
2175,2892,1,1.0,3.06,New Rose Hotel (1998)
2176,2893,1,3.0,3.24,Plunkett & MaCleane (1999)
2177,2894,1,4.0,3.33,Romance (1999)
2178,2896,1,3.0,3.24,Alvarez Kelly (1966)
2179,2897,1,4.0,3.33,And the Ship Sails On (E la nave va) (1983)
2180,2898,1,2.0,3.15,"Dark Half, The (1993)"
2181,2899,3,3.0,3.2,Gulliver's Travels (1939)
2182,2900,2,2.5,3.14,Monkey Shines (1988)
2183,2901,14,2.892857142857143,3.05,Phantasm (1979)
2184,2902,4,2.5,3.05,Psycho II (1983)
2185,2903,2,2.5,3.14,Psycho III (1986)
2186,2905,4,4.25,3.54,Sanjuro (Tsubaki Sanjûrô) (1962)
2187,2906,7,2.5714285714285716,2.98,Random Hearts (1999)
2188,2907,7,3.5714285714285716,3.39,Superstar (1999)
2189,2908,39,3.551282051282051,3.49,Boys Don't Cry (1999)
2190,2912,14,3.892857142857143,3.62,"Limey, The (1999)"
2191,2915,42,3.4404761904761907,3.41,Risky Business (1983)
2192,2916,88,3.653409090909091,3.61,Total Recall (1990)
2193,2917,10,4.0,3.62,Body Heat (1981)
2194,2918,109,3.8394495412844036,3.79,Ferris Bueller's Day Off (1986)
2195,2919,8,3.8125,3.5,"Year of Living Dangerously, The (1982)"
2196,2921,11,4.181818181818182,3.74,High Plains Drifter (1973)
2197,2922,5,3.6,3.37,Hang 'Em High (1968)
2198,2924,10,4.05,3.65,Drunken Master (Jui kuen) (1978)
2199,2925,5,4.1,3.53,"Conformist, The (Conformista, Il) (1970)"
2200,2926,11,3.3181818181818183,3.29,Hairspray (1988)
2201,2927,2,3.5,3.3,Brief Encounter (1946)
2202,2928,2,3.5,3.3,"Razor's Edge, The (1984)"
2203,2929,2,3.25,3.26,Reds (1981)
2204,2930,1,3.5,3.28,Return with Honor (1998)
2205,2931,3,4.166666666666667,3.47,Time of the Gypsies (Dom za vesanje) (1989)
2206,2932,3,3.6666666666666665,3.35,Days of Heaven (1978)
2207,2935,8,4.0,3.58,"Lady Eve, The (1941)"
2208,2936,7,4.0,3.56,Sullivan's Travels (1941)
2209,2937,5,4.1,3.53,"Palm Beach Story, The (1942)"
2210,2940,6,4.0,3.53,Gilda (1946)
2211,2941,9,3.7777777777777777,3.5,South Pacific (1958)
2212,2942,16,2.875,3.03,Flashdance (1983)
2213,2943,3,4.166666666666667,3.47,Indochine (1992)
2214,2944,32,3.96875,3.8,"Dirty Dozen, The (1967)"
2215,2946,7,3.357142857142857,3.3,Help! (1965)
2216,2947,53,3.839622641509434,3.75,Goldfinger (1964)
2217,2948,36,3.75,3.64,From Russia with Love (1963)
2218,2949,33,3.712121212121212,3.6,Dr. No (1962)
2219,2950,14,2.4642857142857144,2.8,"Blue Lagoon, The (1980)"
2220,2951,39,3.9358974358974357,3.79,"Fistful of Dollars, A (Per un pugno di dollari) (1964)"
2221,2952,12,3.5416666666666665,3.41,Sydney (Hard Eight) (1996)
2222,2953,31,2.5161290322580645,2.7,Home Alone 2: Lost in New York (1992)
2223,2956,6,3.1666666666666665,3.23,Someone to Watch Over Me (1987)
2224,2959,218,4.272935779816514,4.23,Fight Club (1999)
2225,2961,5,2.4,2.98,"Story of Us, The (1999)"
2226,2962,2,3.0,3.22,Fever Pitch (1997)
2227,2964,1,1.0,3.06,Julien Donkey-Boy (1999)
2228,2965,1,2.0,3.15,"Omega Code, The (1999)"
2229,2966,14,3.9285714285714284,3.65,"Straight Story, The (1999)"
2230,2967,4,4.0,3.47,"Bad Seed, The (1956)"
2231,2968,41,3.731707317073171,3.64,Time Bandits (1981)
2232,2969,1,5.0,3.42,"Man and a Woman, A (Un homme et une femme) (1966)"
2233,2970,4,3.375,3.29,Fitzcarraldo (1982)
2234,2971,6,4.083333333333333,3.56,All That Jazz (1979)
2235,2972,1,5.0,3.42,Red Sorghum (Hong gao liang) (1987)
2236,2973,18,3.9166666666666665,3.68,Crimes and Misdemeanors (1989)
2237,2974,1,2.5,3.2,Bats (1999)
2238,2975,1,3.0,3.24,"Best Man, The (1999)"
2239,2976,6,3.4166666666666665,3.32,Bringing Out the Dead (1999)
2240,2977,2,3.0,3.22,Crazy in Alabama (1999)
2241,2978,4,3.0,3.19,Three to Tango (1999)
2242,2979,1,3.0,3.24,Body Shots (1999)
2243,2982,1,2.0,3.15,"Guardian, The (1990)"
2244,2983,1,4.0,3.33,"Ipcress File, The (1965)"
2245,2984,1,4.5,3.37,On Any Sunday (1971)
2246,2985,70,3.3714285714285714,3.36,RoboCop (1987)
2247,2986,25,2.64,2.82,RoboCop 2 (1990)
2248,2987,97,3.5721649484536084,3.54,Who Framed Roger Rabbit? (1988)
2249,2988,3,4.0,3.43,Melvin and Howard (1980)
2250,2989,21,3.5476190476190474,3.45,For Your Eyes Only (1981)
2251,2990,20,3.325,3.3,Licence to Kill (1989)
2252,2991,23,3.6956521739130435,3.56,Live and Let Die (1973)
2253,2992,1,3.5,3.28,Rawhead Rex (1986)
2254,2993,24,3.4791666666666665,3.41,Thunderball (1965)
2255,2995,14,2.4285714285714284,2.78,House on Haunted Hill (1999)
2256,2996,4,3.125,3.22,Music of the Heart (1999)
2257,2997,99,3.9545454545454546,3.89,Being John Malkovich (1999)
2258,3000,48,3.9583333333333335,3.83,Princess Mononoke (Mononoke-hime) (1997)
2259,3002,1,4.0,3.33,My Best Fiend (Mein liebster Feind) (1999)
2260,3003,2,4.5,3.46,Train of Life (Train de vie) (1998)
2261,3004,11,2.5454545454545454,2.89,"Bachelor, The (1999)"
2262,3005,25,2.84,2.96,"Bone Collector, The (1999)"
2263,3006,31,3.7419354838709675,3.62,"Insider, The (1999)"
2264,3007,6,3.75,3.44,American Movie (1999)
2265,3008,1,4.0,3.33,Last Night (1998)
2266,3010,1,4.0,3.33,Rosetta (1999)
2267,3011,4,3.25,3.26,"They Shoot Horses, Don't They? (1969)"
2268,3013,1,4.0,3.33,Bride of Re-Animator (1990)
2269,3014,1,2.0,3.15,Bustin' Loose (1981)
2270,3015,3,3.6666666666666665,3.35,Coma (1978)
2271,3016,14,3.0714285714285716,3.15,Creepshow (1982)
2272,3017,4,3.0,3.19,Creepshow 2 (1987)
2273,3018,10,3.45,3.35,Re-Animator (1985)
2274,3019,10,4.15,3.7,Drugstore Cowboy (1989)
2275,3020,17,3.5294117647058822,3.43,Falling Down (1993)
2276,3021,1,2.0,3.15,"Funhouse, The (1981)"
2277,3022,9,4.0,3.61,"General, The (1926)"
2278,3024,7,2.642857142857143,3.01,Piranha (1978)
2279,3028,2,2.5,3.14,"Taming of the Shrew, The (1967)"
2280,3029,6,3.25,3.26,Nighthawks (1981)
2281,3030,13,4.230769230769231,3.8,Yojimbo (1961)
2282,3031,4,2.375,3.02,Repossessed (1990)
2283,3032,6,3.6666666666666665,3.41,"Omega Man, The (1971)"
2284,3033,59,3.483050847457627,3.45,Spaceballs (1987)
2285,3034,36,3.513888888888889,3.46,Robin Hood (1973)
2286,3035,11,3.8181818181818183,3.55,Mister Roberts (1955)
2287,3036,7,3.7857142857142856,3.47,"Quest for Fire (Guerre du feu, La) (1981)"
2288,3037,24,4.145833333333333,3.88,Little Big Man (1970)
2289,3038,5,4.2,3.57,"Face in the Crowd, A (1957)"
2290,3039,39,3.730769230769231,3.63,Trading Places (1983)
2291,3040,9,3.2222222222222223,3.24,Meatballs (1979)
2292,3041,6,2.0833333333333335,2.83,Meatballs Part II (1984)
2293,3042,2,2.5,3.14,Meatballs III (1987)
2294,3043,1,1.0,3.06,Meatballs 4 (1992)
2295,3044,13,3.769230769230769,3.54,Dead Again (1991)
2296,3045,5,3.6,3.37,Peter's Friends (1992)
2297,3046,2,4.5,3.46,"Incredibly True Adventure of Two Girls in Love, The (1995)"
2298,3048,3,2.0,2.98,Under the Rainbow (1981)
2299,3051,3,2.5,3.09,Anywhere But Here (1999)
2300,3052,79,3.6455696202531644,3.6,Dogma (1999)
2301,3053,11,3.909090909090909,3.6,"Messenger: The Story of Joan of Arc, The (1999)"
2302,3054,8,2.3125,2.85,Pokémon: The First Movie (1998)
2303,3055,3,3.3333333333333335,3.28,Felicia's Journey (1999)
2304,3056,1,4.0,3.33,Oxygen (1999)
2305,3057,1,4.0,3.33,Where's Marlowe? (1998)
2306,3060,15,3.8666666666666667,3.62,"Commitments, The (1991)"
2307,3061,8,3.625,3.42,Holiday Inn (1942)
2308,3062,11,4.0,3.64,"Longest Day, The (1962)"
2309,3063,6,2.1666666666666665,2.86,Poison Ivy (1992)
2310,3064,3,2.3333333333333335,3.05,Poison Ivy: New Seduction (1997)
2311,3066,7,3.9285714285714284,3.53,Tora! Tora! Tora! (1970)
2312,3067,10,3.55,3.4,Women on the Verge of a Nervous Breakdown (Mujeres al borde de un ataque de nervios) (1988)
2313,3068,7,4.357142857142857,3.7,"Verdict, The (1982)"
2314,3070,21,3.5476190476190474,3.45,"Adventures of Buckaroo Banzai Across the 8th Dimension, The (1984)"
2315,3071,9,3.5,3.37,Stand and Deliver (1988)
2316,3072,27,3.5555555555555554,3.47,Moonstruck (1987)
2317,3073,1,5.0,3.42,"Sandpiper, The (1965)"
2318,3074,4,4.25,3.54,Jeremiah Johnson (1972)
2319,3075,3,4.166666666666667,3.47,Repulsion (1965)
2320,3076,4,3.625,3.36,Irma la Douce (1963)
2321,3077,2,4.0,3.38,42 Up (1998)
2322,3078,2,4.0,3.38,Liberty Heights (1999)
2323,3079,6,3.0833333333333335,3.2,Mansfield Park (1999)
2324,3081,62,3.475806451612903,3.45,Sleepy Hollow (1999)
2325,3082,39,3.3333333333333335,3.32,"World Is Not Enough, The (1999)"
2326,3083,19,4.157894736842105,3.84,All About My Mother (Todo sobre mi madre) (1999)
2327,3086,1,5.0,3.42,Babes in Toyland (1934)
2328,3087,24,3.1666666666666665,3.2,Scrooged (1988)
2329,3088,12,3.8333333333333335,3.57,Harvey (1950)
2330,3089,16,4.125,3.79,Bicycle Thieves (a.k.a. The Bicycle Thief) (a.k.a. The Bicycle Thieves) (Ladri di biciclette) (1948)
2331,3090,6,4.166666666666667,3.59,Matewan (1987)
2332,3091,4,4.125,3.5,Kagemusha (1980)
2333,3093,4,3.75,3.4,McCabe & Mrs. Miller (1971)
2334,3094,2,4.0,3.38,Maurice (1987)
2335,3095,9,4.111111111111111,3.66,"Grapes of Wrath, The (1940)"
2336,3096,1,5.0,3.42,My Man Godfrey (1957)
2337,3097,3,3.6666666666666665,3.35,"Shop Around the Corner, The (1940)"
2338,3098,24,3.6458333333333335,3.53,"Natural, The (1984)"
2339,3099,7,3.0714285714285716,3.19,Shampoo (1975)
2340,3100,22,3.9318181818181817,3.72,"River Runs Through It, A (1992)"
2341,3101,36,3.0972222222222223,3.13,Fatal Attraction (1987)
2342,3102,7,3.5714285714285716,3.39,Jagged Edge (1985)
2343,3103,2,2.75,3.18,Stanley & Iris (1990)
2344,3104,22,3.6363636363636362,3.52,Midnight Run (1988)
2345,3105,22,3.6818181818181817,3.55,Awakenings (1990)
2346,3106,1,1.0,3.06,Come See the Paradise (1990)
2347,3107,23,3.3043478260869565,3.29,Backdraft (1991)
2348,3108,36,3.8055555555555554,3.68,"Fisher King, The (1991)"
2349,3109,4,3.5,3.33,"River, The (1984)"
2350,3111,4,4.25,3.54,Places in the Heart (1984)
2351,3112,1,3.0,3.24,'night Mother (1986)
2352,3113,15,2.7,2.93,End of Days (1999)
2353,3114,97,3.8608247422680413,3.8,Toy Story 2 (1999)
2354,3115,5,4.0,3.5,Flawless (1999)
2355,3117,4,3.875,3.43,Ride with the Devil (1999)
2356,3120,2,3.5,3.3,"Distinguished Gentleman, The (1992)"
2357,3125,1,4.0,3.33,"End of the Affair, The (1999)"
2358,3127,3,2.8333333333333335,3.17,Holy Smoke (1999)
2359,3129,3,3.6666666666666665,3.35,Sweet and Lowdown (1999)
2360,3130,5,2.4,2.98,Bonfire of the Vanities (1990)
2361,3132,1,2.0,3.15,Daddy Long Legs (1919)
2362,3134,7,3.7142857142857144,3.44,Grand Illusion (La grande illusion) (1937)
2363,3135,3,3.6666666666666665,3.35,"Great Santini, The (1979)"
2364,3138,2,3.0,3.22,Stealing Home (1988)
2365,3141,2,1.25,2.94,"Two Jakes, The (1990)"
2366,3142,4,3.25,3.26,U2: Rattle and Hum (1988)
2367,3143,1,3.0,3.24,Hell in the Pacific (1968)
2368,3145,3,3.1666666666666665,3.24,Cradle Will Rock (1999)
2369,3146,17,2.323529411764706,2.68,Deuce Bigalow: Male Gigolo (1999)
2370,3147,111,4.148648648648648,4.07,"Green Mile, The (1999)"
2371,3148,26,3.75,3.61,"Cider House Rules, The (1999)"
2372,3150,2,3.25,3.26,"War Zone, The (1999)"
2373,3152,8,4.5,3.8,"Last Picture Show, The (1971)"
2374,3153,5,4.4,3.63,"7th Voyage of Sinbad, The (1958)"
2375,3155,9,3.6666666666666665,3.45,Anna and the King (1999)
2376,3156,15,2.8,2.99,Bicentennial Man (1999)
2377,3157,19,2.8421052631578947,2.99,Stuart Little (1999)
2378,3158,3,3.6666666666666665,3.35,"Emperor and the Assassin, The (Jing ke ci qin wang) (1999)"
2379,3159,15,3.8333333333333335,3.6,Fantasia 2000 (1999)
2380,3160,52,3.7115384615384617,3.64,Magnolia (1999)
2381,3161,2,3.0,3.22,Onegin (1999)
2382,3162,1,3.0,3.24,Simpatico (1999)
2383,3163,4,3.875,3.43,Topsy-Turvy (1999)
2384,3165,2,3.0,3.22,Boiling Point (1993)
2385,3167,4,3.5,3.33,Carnal Knowledge (1971)
2386,3168,29,3.603448275862069,3.51,Easy Rider (1969)
2387,3169,5,3.3,3.27,The Falcon and the Snowman (1985)
2388,3171,1,4.0,3.33,Room at the Top (1959)
2389,3173,18,3.0,3.1,Any Given Sunday (1999)
2390,3174,39,3.4871794871794872,3.44,Man on the Moon (1999)
2391,3175,75,3.58,3.54,Galaxy Quest (1999)
2392,3176,49,3.336734693877551,3.32,"Talented Mr. Ripley, The (1999)"
2393,3177,6,3.25,3.26,Next Friday (2000)
2394,3178,16,3.53125,3.43,"Hurricane, The (1999)"
2395,3179,3,3.3333333333333335,3.28,Angela's Ashes (1999)
2396,3181,6,3.9166666666666665,3.5,Titus (1999)
2397,3182,5,4.0,3.5,"Mr. Death: The Rise and Fall of Fred A. Leuchter, Jr. (1999)"
2398,3183,1,3.0,3.24,"Third Miracle, The (1999)"
2399,3185,3,3.3333333333333335,3.28,Snow Falling on Cedars (1999)
2400,3186,28,3.4642857142857144,3.41,"Girl, Interrupted (1999)"
2401,3189,11,3.5454545454545454,3.41,My Dog Skip (1999)
2402,3190,4,2.0,2.91,Supernova (2000)
2403,3192,1,3.0,3.24,"Terrorist, The (a.k.a. Malli) (Theeviravaathi) (1998)"
2404,3194,4,3.625,3.36,"Way We Were, The (1973)"
2405,3196,9,3.7222222222222223,3.48,Stalag 17 (1953)
2406,3197,7,2.857142857142857,3.1,"Presidio, The (1988)"
2407,3198,14,3.9285714285714284,3.65,Papillon (1973)
2408,3200,8,4.25,3.69,"Last Detail, The (1973)"
2409,3201,8,4.5,3.8,Five Easy Pieces (1970)
2410,3203,12,3.1666666666666665,3.21,Dead Calm (1989)
2411,3204,8,3.6875,3.45,"Boys from Brazil, The (1978)"
2412,3206,3,2.3333333333333335,3.05,Against All Odds (1984)
2413,3208,8,2.1875,2.79,Loaded Weapon 1 (National Lampoon's Loaded Weapon 1) (1993)
2414,3210,42,3.4761904761904763,3.43,Fast Times at Ridgemont High (1982)
2415,3211,2,3.75,3.34,"Cry in the Dark, A (1988)"
2416,3213,13,4.115384615384615,3.74,Batman: Mask of the Phantasm (1993)
2417,3214,2,3.5,3.3,American Flyers (1985)
2418,3217,3,3.5,3.32,"Star Is Born, A (1937)"
2419,3219,13,3.1923076923076925,3.22,Pacific Heights (1990)
2420,3221,5,3.7,3.4,"Draughtsman's Contract, The (1982)"
2421,3223,2,3.0,3.22,"Zed & Two Noughts, A (1985)"
2422,3224,4,4.75,3.68,Woman in the Dunes (Suna no onna) (1964)
2423,3225,4,2.0,2.91,Down to You (2000)
2424,3230,4,3.875,3.43,"Odessa File, The (1974)"
2425,3235,3,3.6666666666666665,3.35,Where the Buffalo Roam (1980)
2426,3238,6,1.5833333333333333,2.65,Eye of the Beholder (1999)
2427,3240,2,3.25,3.26,"Big Tease, The (1999)"
2428,3241,2,4.5,3.46,"Cup, The (Phörpa) (1999)"
2429,3243,15,2.4,2.75,Encino Man (1992)
2430,3244,12,3.7083333333333335,3.5,"Goodbye Girl, The (1977)"
2431,3246,15,4.166666666666667,3.8,Malcolm X (1992)
2432,3247,36,3.0277777777777777,3.08,Sister Act (1992)
2433,3248,14,1.8928571428571428,2.48,Sister Act 2: Back in the Habit (1993)
2434,3249,9,3.111111111111111,3.19,"Hand That Rocks the Cradle, The (1992)"
2435,3250,9,3.1666666666666665,3.22,Alive (1993)
2436,3251,5,3.7,3.4,Agnes of God (1985)
2437,3252,27,3.5925925925925926,3.5,Scent of a Woman (1992)
2438,3253,61,3.4754098360655736,3.44,Wayne's World (1992)
2439,3254,27,3.2962962962962963,3.29,Wayne's World 2 (1993)
2440,3255,45,3.466666666666667,3.43,"League of Their Own, A (1992)"
2441,3256,31,3.5161290322580645,3.45,Patriot Games (1992)
2442,3257,32,2.859375,2.96,"Bodyguard, The (1992)"
2443,3258,15,2.8666666666666667,3.03,Death Becomes Her (1992)
2444,3259,11,3.1363636363636362,3.2,Far and Away (1992)
2445,3260,12,4.0,3.66,Howards End (1992)
2446,3261,11,3.1818181818181817,3.22,Singles (1992)
2447,3262,11,3.409090909090909,3.34,Twin Peaks: Fire Walk with Me (1992)
2448,3263,22,3.0454545454545454,3.11,White Men Can't Jump (1992)
2449,3264,26,2.423076923076923,2.66,Buffy the Vampire Slayer (1992)
2450,3265,9,4.0,3.61,Hard-Boiled (Lat sau san taam) (1992)
2451,3266,6,4.5,3.72,Man Bites Dog (C'est arrivé près de chez vous) (1992)
2452,3267,18,3.5555555555555554,3.45,"Mariachi, El (1992)"
2453,3268,11,1.7727272727272727,2.5,Stop! Or My Mom Will Shoot (1992)
2454,3269,27,2.8518518518518516,2.97,Forever Young (1992)
2455,3270,12,2.7916666666666665,3.01,"Cutting Edge, The (1992)"
2456,3271,17,3.676470588235294,3.52,Of Mice and Men (1992)
2457,3272,8,3.4375,3.34,Bad Lieutenant (1992)
2458,3273,29,2.6724137931034484,2.83,Scream 3 (2000)
2459,3274,12,3.375,3.32,Single White Female (1992)
2460,3275,43,4.22093023255814,4.03,"Boondock Saints, The (2000)"
2461,3276,1,1.0,3.06,Gun Shy (2000)
2462,3280,1,1.5,3.11,"Baby, The (1973)"
2463,3281,1,2.0,3.15,"Brandon Teena Story, The (1998)"
2464,3283,2,3.25,3.26,Minnie and Moskowitz (1971)
2465,3284,1,3.0,3.24,They Might Be Giants (1971)
2466,3285,32,3.0625,3.11,"Beach, The (2000)"
2467,3286,5,2.3,2.95,Snow Day (2000)
2468,3287,3,3.1666666666666665,3.24,"Tigger Movie, The (2000)"
2469,3289,1,4.5,3.37,Not One Less (Yi ge dou bu neng shao) (1999)
2470,3294,1,1.5,3.11,Eaten Alive (1977)
2471,3295,1,4.0,3.33,Raining Stones (1993)
2472,3296,7,4.071428571428571,3.59,To Sir with Love (1967)
2473,3298,21,3.7142857142857144,3.56,Boiler Room (2000)
2474,3299,3,2.6666666666666665,3.13,Hanging Up (2000)
2475,3300,39,3.5641025641025643,3.5,Pitch Black (2000)
2476,3301,42,3.5238095238095237,3.47,"Whole Nine Yards, The (2000)"
2477,3302,2,4.75,3.5,Beautiful People (1999)
2478,3303,1,5.0,3.42,Black Tar Heroin: The Dark End of the Street (2000)
2479,3306,4,4.125,3.5,"Circus, The (1928)"
2480,3307,13,3.8461538461538463,3.59,City Lights (1931)
2481,3308,7,2.857142857142857,3.1,"Flamingo Kid, The (1984)"
2482,3310,5,4.1,3.53,"Kid, The (1921)"
2483,3313,2,1.5,2.98,Class Reunion (1982)
2484,3315,1,4.5,3.37,Happy Go Lovely (1951)
2485,3316,13,2.4615384615384617,2.82,Reindeer Games (2000)
2486,3317,22,3.659090909090909,3.53,Wonder Boys (2000)
2487,3323,1,4.0,3.33,Chain of Fools (2000)
2488,3324,3,1.3333333333333333,2.83,Drowning Mona (2000)
2489,3325,3,2.1666666666666665,3.02,"Next Best Thing, The (2000)"
2490,3326,3,3.1666666666666665,3.24,What Planet Are You From? (2000)
2491,3327,5,3.7,3.4,Beyond the Mat (1999)
2492,3328,19,4.052631578947368,3.77,Ghost Dog: The Way of the Samurai (1999)
2493,3329,1,4.0,3.33,The Year My Voice Broke (1987)
2494,3330,2,4.25,3.42,Splendor in the Grass (1961)
2495,3331,1,2.0,3.15,My Tutor (1983)
2496,3334,10,4.2,3.72,Key Largo (1948)
2497,3341,7,4.285714285714286,3.67,Born Yesterday (1950)
2498,3342,5,3.5,3.34,Birdy (1984)
2499,3344,1,4.0,3.33,Blood Feast (1963)
2500,3345,1,3.0,3.24,"Charlie, the Lonesome Cougar (1967)"
2501,3347,9,4.166666666666667,3.68,Never Cry Wolf (1983)
2502,3350,3,3.8333333333333335,3.39,"Raisin in the Sun, A (1961)"
2503,3353,1,4.5,3.37,"Closer You Get, The (2000)"
2504,3354,21,2.6904761904761907,2.88,Mission to Mars (2000)
2505,3355,15,3.2,3.23,"Ninth Gate, The (1999)"
2506,3357,1,4.0,3.33,East-West (Est-ouest) (1999)
2507,3358,10,3.85,3.55,Defending Your Life (1991)
2508,3359,11,4.090909090909091,3.69,Breaking Away (1979)
2509,3360,22,3.7045454545454546,3.56,Hoosiers (a.k.a. Best Shot) (1986)
2510,3361,35,3.6714285714285713,3.58,Bull Durham (1988)
2511,3362,38,3.9342105263157894,3.79,Dog Day Afternoon (1975)
2512,3363,43,3.8488372093023258,3.73,American Graffiti (1973)
2513,3364,3,3.6666666666666665,3.35,"Asphalt Jungle, The (1950)"
2514,3365,7,4.071428571428571,3.59,"Searchers, The (1956)"
2515,3368,2,3.25,3.26,"Big Country, The (1958)"
2516,3370,2,2.5,3.14,Betrayed (1988)
2517,3372,2,4.0,3.38,"Bridge at Remagen, The (1969)"
2518,3374,1,4.0,3.33,Daughters of the Dust (1991)
2519,3378,1,4.0,3.33,"Ogre, The (Unhold, Der) (1996)"
2520,3379,1,4.5,3.37,On the Beach (1959)
2521,3384,4,4.5,3.61,"Taking of Pelham One Two Three, The (1974)"
2522,3385,8,2.8125,3.07,Volunteers (1985)
2523,3386,31,3.5,3.44,JFK (1991)
2524,3387,7,2.857142857142857,3.1,Who's Harry Crumb? (1989)
2525,3388,11,2.5454545454545454,2.89,Harry and the Hendersons (1987)
2526,3389,1,2.0,3.15,Let's Get Harry (1986)
2527,3390,1,2.0,3.15,Shanghai Surprise (1986)
2528,3391,2,2.5,3.14,Who's That Girl? (1987)
2529,3392,6,2.3333333333333335,2.92,She-Devil (1989)
2530,3393,3,1.3333333333333333,2.83,Date with an Angel (1987)
2531,3394,7,2.357142857142857,2.9,Blind Date (1987)
2532,3395,3,3.0,3.2,Nadine (1987)
2533,3396,33,3.590909090909091,3.51,"Muppet Movie, The (1979)"
2534,3397,11,3.4545454545454546,3.36,"Great Muppet Caper, The (1981)"
2535,3398,15,3.3333333333333335,3.3,"Muppets Take Manhattan, The (1984)"
2536,3400,1,3.0,3.24,We're Back! A Dinosaur's Story (1993)
2537,3401,5,2.2,2.92,Baby... Secret of the Lost Legend (1985)
2538,3402,2,4.0,3.38,Turtle Diary (1985)
2539,3403,1,4.0,3.33,Raise the Titanic (1980)
2540,3404,6,3.5833333333333335,3.38,Titanic (1953)
2541,3405,1,3.0,3.24,"Night to Remember, A (1958)"
2542,3406,3,3.0,3.2,Captain Horatio Hornblower R.N. (1951)
2543,3408,70,3.5285714285714285,3.49,Erin Brockovich (2000)
2544,3409,35,2.9285714285714284,3.0,Final Destination (2000)
2545,3410,1,4.0,3.33,Soft Fruit (1999)
2546,3412,6,3.4166666666666665,3.32,"Bear, The (Ours, L') (1988)"
2547,3414,1,4.0,3.33,Love Is a Many-Splendored Thing (1955)
2548,3415,3,4.166666666666667,3.47,"Mirror, The (Zerkalo) (1975)"
2549,3417,1,3.0,3.24,"Crimson Pirate, The (1952)"
2550,3418,41,3.4634146341463414,3.42,Thelma & Louise (1991)
2551,3420,3,3.1666666666666665,3.24,...And Justice for All (1979)
2552,3421,62,3.693548387096774,3.63,Animal House (1978)
2553,3422,6,3.3333333333333335,3.29,She's Gotta Have It (1986)
2554,3423,3,2.1666666666666665,3.02,School Daze (1988)
2555,3424,27,4.037037037037037,3.82,Do the Right Thing (1989)
2556,3425,5,3.4,3.31,Mo' Better Blues (1990)
2557,3426,7,3.0714285714285716,3.19,Jungle Fever (1991)
2558,3428,1,3.0,3.24,"Champ, The (1979)"
2559,3429,12,4.25,3.79,Creature Comforts (1989)
2560,3430,4,3.0,3.19,Death Wish (1974)
2561,3431,3,1.6666666666666667,2.9,Death Wish 2 (1982)
2562,3432,2,1.5,2.98,Death Wish 3 (1985)
2563,3433,1,1.0,3.06,Death Wish 4: The Crackdown (1987)
2564,3434,1,1.0,3.06,Death Wish 5: The Face of Death (1994)
2565,3435,17,4.323529411764706,3.92,Double Indemnity (1944)
2566,3436,4,3.75,3.4,Dying Young (1991)
2567,3438,25,3.0,3.08,Teenage Mutant Ninja Turtles (1990)
2568,3439,13,2.6923076923076925,2.95,Teenage Mutant Ninja Turtles II: The Secret of the Ooze (1991)
2569,3440,14,2.0714285714285716,2.58,Teenage Mutant Ninja Turtles III (1993)
2570,3441,14,3.4285714285714284,3.36,Red Dawn (1984)
2571,3442,1,1.0,3.06,Band of the Hand (1986)
2572,3444,9,2.9444444444444446,3.11,Bloodsport (1988)
2573,3445,4,3.5,3.33,Eyes of Laura Mars (1978)
2574,3446,2,2.75,3.18,Funny Bones (1995)
2575,3447,2,4.0,3.38,"Good Earth, The (1937)"
2576,3448,43,3.802325581395349,3.7,"Good Morning, Vietnam (1987)"
2577,3449,1,4.0,3.33,"Good Mother, The (1988)"
2578,3450,29,3.293103448275862,3.29,Grumpy Old Men (1993)
2579,3451,11,4.545454545454546,3.92,Guess Who's Coming to Dinner (1967)
2580,3452,18,3.0833333333333335,3.15,Romeo Must Die (2000)
2581,3453,2,3.0,3.22,Here on Earth (2000)
2582,3454,2,2.25,3.1,Whatever It Takes (2000)
2583,3455,1,2.5,3.2,Buddy Boy (1999)
2584,3459,1,4.0,3.33,Gothic (1986)
2585,3461,13,3.0384615384615383,3.14,Lord of the Flies (1963)
2586,3462,25,3.72,3.59,Modern Times (1936)
2587,3466,8,3.0,3.15,Heart and Souls (1993)
2588,3467,4,3.75,3.4,Hud (1963)
2589,3468,18,4.333333333333333,3.94,"Hustler, The (1961)"
2590,3469,6,4.083333333333333,3.56,Inherit the Wind (1960)
2591,3470,5,4.3,3.6,Dersu Uzala (1975)
2592,3471,60,3.7416666666666667,3.67,Close Encounters of the Third Kind (1977)
2593,3473,2,5.0,3.54,Jonah Who Will Be 25 in the Year 2000 (Jonas qui aura 25 ans en l'an 2000) (1976)
2594,3474,1,4.0,3.33,Retroactive (1997)
2595,3475,2,4.5,3.46,"Place in the Sun, A (1951)"
2596,3476,26,3.5576923076923075,3.47,Jacob's Ladder (1990)
2597,3477,13,3.3846153846153846,3.33,Empire Records (1995)
2598,3478,7,2.7857142857142856,3.07,"Bamba, La (1987)"
2599,3479,18,3.3333333333333335,3.31,Ladyhawke (1985)
2600,3480,3,3.3333333333333335,3.28,Lucas (1986)
2601,3481,75,3.6666666666666665,3.62,High Fidelity (2000)
2602,3483,13,3.1153846153846154,3.18,"Road to El Dorado, The (2000)"
2603,3484,10,2.75,3.01,"Skulls, The (2000)"
2604,3489,53,3.358490566037736,3.34,Hook (1991)
2605,3492,1,4.0,3.33,"Son of the Sheik, The (1926)"
2606,3494,6,4.0,3.53,True Grit (1969)
2607,3496,1,5.0,3.42,Madame Sousatzka (1988)
2608,3497,4,2.5,3.05,Max Dugan Returns (1983)
2609,3498,8,4.0,3.58,Midnight Express (1978)
2610,3499,44,3.840909090909091,3.73,Misery (1990)
2611,3500,4,3.0,3.19,Mr. Saturday Night (1992)
2612,3501,5,2.3,2.95,Murphy's Romance (1985)
2613,3502,3,3.5,3.32,My Life (1993)
2614,3503,11,4.090909090909091,3.69,Solaris (Solyaris) (1972)
2615,3504,22,4.0227272727272725,3.78,Network (1976)
2616,3505,9,3.7222222222222223,3.48,No Way Out (1987)
2617,3506,5,3.0,3.18,North Dallas Forty (1979)
2618,3507,15,4.066666666666666,3.74,"Odd Couple, The (1968)"
2619,3508,18,4.25,3.89,"Outlaw Josey Wales, The (1976)"
2620,3510,36,3.4166666666666665,3.38,Frequency (2000)
2621,3511,6,2.25,2.89,Ready to Rumble (2000)
2622,3512,8,3.5625,3.39,Return to Me (2000)
2623,3513,7,3.0714285714285716,3.19,Rules of Engagement (2000)
2624,3514,1,3.0,3.24,Joe Gould's Secret (2000)
2625,3515,9,3.611111111111111,3.42,Me Myself I (2000)
2626,3516,4,3.375,3.29,"Bell, Book and Candle (1958)"
2627,3519,6,2.9166666666666665,3.14,Force 10 from Navarone (1978)
2628,3521,7,3.4285714285714284,3.33,Mystery Train (1989)
2629,3524,10,2.8,3.04,Arthur (1981)
2630,3525,5,2.9,3.14,Bachelor Party (1984)
2631,3526,15,3.7,3.52,Parenthood (1989)
2632,3527,61,3.581967213114754,3.54,Predator (1987)
2633,3528,5,3.4,3.31,"Prince of Tides, The (1991)"
2634,3529,5,3.5,3.34,"Postman Always Rings Twice, The (1981)"
2635,3531,1,5.0,3.42,All the Vermeers in New York (1990)
2636,3534,25,3.3,3.29,28 Days (2000)
2637,3535,59,3.788135593220339,3.71,American Psycho (2000)
2638,3536,21,3.4523809523809526,3.39,Keeping the Faith (2000)
2639,3537,3,3.3333333333333335,3.28,Where the Money Is (2000)
2640,3538,5,3.2,3.24,East is East (1999)
2641,3539,2,3.25,3.26,"Filth and the Fury, The (2000)"
2642,3543,14,3.75,3.54,Diner (1982)
2643,3544,3,2.3333333333333335,3.05,Shakes the Clown (1992)
2644,3545,5,3.0,3.18,Cabaret (1972)
2645,3546,2,4.5,3.46,What Ever Happened to Baby Jane? (1962)
2646,3548,5,3.7,3.4,Auntie Mame (1958)
2647,3549,8,3.9375,3.56,Guys and Dolls (1955)
2648,3550,6,3.6666666666666665,3.41,The Hunger (1983)
2649,3551,13,3.4615384615384617,3.37,Marathon Man (1976)
2650,3552,52,3.826923076923077,3.73,Caddyshack (1980)
2651,3553,5,2.4,2.98,Gossip (2000)
2652,3554,3,3.0,3.2,Love and Basketball (2000)
2653,3555,33,3.4242424242424243,3.39,U-571 (2000)
2654,3556,26,3.769230769230769,3.62,"Virgin Suicides, The (1999)"
2655,3557,5,2.9,3.14,Jennifer 8 (1992)
2656,3559,3,3.6666666666666665,3.35,Limelight (1952)
2657,3563,3,2.5,3.09,"Crow: Salvation, The (2000)"
2658,3564,12,1.625,2.38,"Flintstones in Viva Rock Vegas, The (2000)"
2659,3565,7,3.5,3.36,Where the Heart Is (2000)
2660,3566,8,2.875,3.09,"Big Kahuna, The (2000)"
2661,3567,1,5.0,3.42,Bossa Nova (2000)
2662,3568,1,4.0,3.33,Smiling Fish and Goat on Fire (1999)
2663,3569,2,4.0,3.38,"Idiots, The (Idioterne) (1998)"
2664,3571,2,3.0,3.22,Time Code (2000)
2665,3572,4,2.0,2.91,Carnosaur (1993)
2666,3573,2,1.5,2.98,Carnosaur 2 (1995)
2667,3574,1,1.0,3.06,Carnosaur 3: Primal Species (1996)
2668,3576,4,3.5,3.33,"Hidden, The (1987)"
2669,3577,2,2.0,3.06,Two Moon Junction (1988)
2670,3578,170,3.9382352941176473,3.9,Gladiator (2000)
2671,3580,2,3.5,3.3,Up at the Villa (2000)
2672,3581,2,3.5,3.3,Human Traffic (1999)
2673,3584,4,2.0,2.91,Breathless (1983)
2674,3586,1,4.0,3.33,The Idolmaker (1980)
2675,3587,2,2.5,3.14,Inferno (1980)
2676,3590,1,2.0,3.15,"Lords of Flatbush, The (1974)"
2677,3591,15,2.7333333333333334,2.95,Mr. Mom (1983)
2678,3592,1,4.5,3.37,"Time Masters (Maîtres du temps, Les) (1982)"
2679,3593,19,1.6578947368421053,2.22,Battlefield Earth (2000)
2680,3594,6,3.25,3.26,Center Stage (2000)
2681,3596,1,1.0,3.06,Screwed (2000)
2682,3597,2,2.0,3.06,Whipped (2000)
2683,3598,3,3.0,3.2,Hamlet (2000)
2684,3599,5,3.2,3.24,Anchors Aweigh (1945)
2685,3604,1,0.5,3.02,Gypsy (1962)
2686,3606,4,3.75,3.4,On the Town (1949)
2687,3608,25,2.94,3.03,Pee-wee's Big Adventure (1985)
2688,3609,1,3.5,3.28,Regret to Inform (1998)
2689,3614,8,2.9375,3.12,Honeymoon in Vegas (1992)
2690,3615,14,3.107142857142857,3.17,Dinosaur (2000)
2691,3616,10,3.3,3.28,Loser (2000)
2692,3617,41,3.0853658536585367,3.12,Road Trip (2000)
2693,3618,12,3.5416666666666665,3.41,Small Time Crooks (2000)
2694,3619,1,2.0,3.15,"Hollywood Knights, The (1980)"
2695,3622,1,3.0,3.24,"Twelve Chairs, The (1970)"
2696,3623,77,2.7142857142857144,2.78,Mission: Impossible II (2000)
2697,3624,43,3.1511627906976742,3.17,Shanghai Noon (2000)
2698,3625,1,2.0,3.15,Better Living Through Circuitry (1999)
2699,3626,3,3.3333333333333335,3.28,8 ½ Women (a.k.a. 8 1/2 Women) (a.k.a. Eight and a Half Women) (1999)
2700,3627,4,3.875,3.43,Carnival of Souls (1962)
2701,3628,2,3.0,3.22,Flying Tigers (1942)
2702,3629,7,4.071428571428571,3.59,"Gold Rush, The (1925)"
2703,3632,5,4.0,3.5,Monsieur Verdoux (1947)
2704,3633,17,3.264705882352941,3.26,On Her Majesty's Secret Service (1969)
2705,3634,1,4.0,3.33,Seven Days in May (1964)
2706,3635,18,3.4444444444444446,3.38,"Spy Who Loved Me, The (1977)"
2707,3637,1,5.0,3.42,Vagabond (Sans toit ni loi) (1985)
2708,3638,26,3.1346153846153846,3.17,Moonraker (1979)
2709,3639,18,3.5833333333333335,3.47,"Man with the Golden Gun, The (1974)"
2710,3640,1,4.0,3.33,"King in New York, A (1957)"
2711,3641,2,4.0,3.38,"Woman of Paris, A (1923)"
2712,3643,2,3.5,3.3,"Fighting Seabees, The (1944)"
2713,3646,17,2.176470588235294,2.59,Big Momma's House (2000)
2714,3648,1,4.0,3.33,"Abominable Snowman, The (Abominable Snowman of the Himalayas, The) (1957)"
2715,3649,8,2.6875,3.01,American Gigolo (1980)
2716,3652,1,3.0,3.24,"City of the Living Dead (a.k.a. Gates of Hell, The) (Paura nella città dei morti viventi) (1980)"
2717,3653,3,4.166666666666667,3.47,"Endless Summer, The (1966)"
2718,3654,13,3.769230769230769,3.54,"Guns of Navarone, The (1961)"
2719,3655,2,4.25,3.42,Blow-Out (La grande bouffe) (1973)
2720,3658,1,3.0,3.24,Quatermass and the Pit (1967)
2721,3660,2,2.0,3.06,Puppet Master (1989)
2722,3661,1,3.0,3.24,Puppet Master II (1991)
2723,3662,2,3.0,3.22,Puppet Master III: Toulon's Revenge (1991)
2724,3663,1,2.0,3.15,Puppet Master 4 (1993)
2725,3664,1,2.0,3.15,Puppet Master 5: The Final Chapter (1994)
2726,3667,1,1.0,3.06,Rent-A-Cop (1988)
2727,3668,15,3.6666666666666665,3.5,Romeo and Juliet (1968)
2728,3669,1,2.5,3.2,Stay Tuned (1992)
2729,3671,62,3.935483870967742,3.84,Blazing Saddles (1974)
2730,3672,5,3.8,3.44,Benji (1974)
2731,3673,2,4.5,3.46,Benji the Hunted (1987)
2732,3674,1,4.0,3.33,For the Love of Benji (1977)
2733,3675,8,4.1875,3.67,White Christmas (1954)
2734,3676,10,3.75,3.5,Eraserhead (1977)
2735,3677,4,4.125,3.5,Baraka (1992)
2736,3678,1,5.0,3.42,"Man with the Golden Arm, The (1955)"
2737,3679,2,3.75,3.34,"Decline of Western Civilization, The (1981)"
2738,3680,1,3.0,3.24,"Decline of Western Civilization Part II: The Metal Years, The (1988)"
2739,3681,33,4.151515151515151,3.94,For a Few Dollars More (Per qualche dollaro in più) (1965)
2740,3682,5,3.7,3.4,Magnum Force (1973)
2741,3683,19,4.0,3.74,Blood Simple (1984)
2742,3684,7,3.0714285714285716,3.19,"Fabulous Baker Boys, The (1989)"
2743,3685,9,3.7777777777777777,3.5,Prizzi's Honor (1985)
2744,3686,15,2.933333333333333,3.07,Flatliners (1990)
2745,3687,1,5.0,3.42,Light Years (Gandahar) (1988)
2746,3688,11,2.1363636363636362,2.68,Porky's (1982)
2747,3689,4,1.75,2.84,Porky's II: The Next Day (1983)
2748,3690,5,2.0,2.85,Porky's Revenge (1985)
2749,3691,1,3.0,3.24,Private School (1983)
2750,3692,1,3.0,3.24,Class of Nuke 'Em High (1986)
2751,3693,8,2.125,2.77,"Toxic Avenger, The (1985)"
2752,3694,2,2.0,3.06,"Toxic Avenger, Part II, The (1989)"
2753,3695,2,2.0,3.06,"Toxic Avenger Part III: The Last Temptation of Toxie, The (1989)"
2754,3696,3,3.1666666666666665,3.24,Night of the Creeps (1986)
2755,3697,21,2.9047619047619047,3.02,Predator 2 (1990)
2756,3698,34,3.2205882352941178,3.23,"Running Man, The (1987)"
2757,3699,13,3.1538461538461537,3.2,Starman (1984)
2758,3700,1,2.5,3.2,"Brother from Another Planet, The (1984)"
2759,3701,13,3.1153846153846154,3.18,Alien Nation (1988)
2760,3702,38,3.486842105263158,3.44,Mad Max (1979)
2761,3703,40,4.0375,3.88,"Road Warrior, The (Mad Max 2) (1981)"
2762,3704,24,3.2708333333333335,3.27,Mad Max Beyond Thunderdome (1985)
2763,3705,8,2.3125,2.85,Bird on a Wire (1990)
2764,3706,8,3.0,3.15,Angel Heart (1987)
2765,3707,10,2.7,2.99,9 1/2 Weeks (Nine 1/2 Weeks) (1986)
2766,3708,10,3.05,3.16,Firestarter (1984)
2767,3709,1,2.0,3.15,Sleepwalkers (1992)
2768,3710,3,1.6666666666666667,2.9,Action Jackson (1988)
2769,3711,1,4.0,3.33,Sarafina! (1992)
2770,3712,3,2.8333333333333335,3.17,Soapdish (1991)
2771,3713,1,4.0,3.33,"Long Walk Home, The (1990)"
2772,3714,1,2.5,3.2,Clara's Heart (1988)
2773,3715,2,2.75,3.18,Burglar (1987)
2774,3716,1,1.0,3.06,Fatal Beauty (1987)
2775,3717,61,3.221311475409836,3.23,Gone in 60 Seconds (2000)
2776,3719,2,3.0,3.22,Love's Labour's Lost (2000)
2777,3720,1,4.0,3.33,Sunshine (1999)
2778,3723,5,3.8,3.44,Hamlet (1990)
2779,3724,5,3.3,3.27,Coming Home (1978)
2780,3725,2,3.5,3.3,American Pop (1981)
2781,3726,5,3.6,3.37,Assault on Precinct 13 (1976)
2782,3727,8,4.3125,3.72,Near Dark (1987)
2783,3728,4,3.75,3.4,One False Move (1992)
2784,3729,3,4.0,3.43,Shaft (1971)
2785,3730,17,4.205882352941177,3.85,"Conversation, The (1974)"
2786,3731,1,3.0,3.24,Cutter's Way (1981)
2787,3732,4,3.0,3.19,"Fury, The (1978)"
2788,3733,3,3.8333333333333335,3.39,"Paper Chase, The (1973)"
2789,3735,17,3.7941176470588234,3.59,Serpico (1973)
2790,3736,1,3.0,3.24,"Ace in the Hole (Big Carnival, The) (1951)"
2791,3737,1,4.0,3.33,Lonely Are the Brave (1962)
2792,3738,2,3.0,3.22,"Sugarland Express, The (1974)"
2793,3739,1,3.5,3.28,Trouble in Paradise (1932)
2794,3740,28,3.857142857142857,3.7,Big Trouble in Little China (1986)
2795,3741,11,4.090909090909091,3.69,Badlands (1973)
2796,3742,10,3.65,3.45,Battleship Potemkin (1925)
2797,3743,3,2.0,2.98,Boys and Girls (2000)
2798,3744,19,2.6578947368421053,2.87,Shaft (2000)
2799,3745,29,3.413793103448276,3.37,Titan A.E. (2000)
2800,3746,2,4.0,3.38,Butterfly (La lengua de las mariposas) (1999)
2801,3747,2,3.5,3.3,Jesus' Son (1999)
2802,3751,78,3.551282051282051,3.52,Chicken Run (2000)
2803,3752,46,3.0869565217391304,3.12,"Me, Myself & Irene (2000)"
2804,3753,68,3.448529411764706,3.42,"Patriot, The (2000)"
2805,3754,9,2.2222222222222223,2.78,"Adventures of Rocky and Bullwinkle, The (2000)"
2806,3755,44,3.1704545454545454,3.19,"Perfect Storm, The (2000)"
2807,3756,1,4.0,3.33,"Golden Bowl, The (2000)"
2808,3758,2,3.5,3.3,Communion (1989)
2809,3760,3,3.5,3.32,"Kentucky Fried Movie, The (1977)"
2810,3761,1,4.0,3.33,"Blood In, Blood Out (1993)"
2811,3763,16,3.21875,3.24,F/X (1986)
2812,3764,5,2.3,2.95,F/X2 (a.k.a. F/X 2 - The Deadly Art of Illusion) (1991)
2813,3765,2,3.0,3.22,"Hot Spot, The (1990)"
2814,3766,6,2.0833333333333335,2.83,Missing in Action (1984)
2815,3767,3,1.6666666666666667,2.9,Missing in Action 2: The Beginning (1985)
2816,3768,2,1.25,2.94,Braddock: Missing in Action III (1988)
2817,3769,3,3.3333333333333335,3.28,Thunderbolt and Lightfoot (1974)
2818,3770,6,2.6666666666666665,3.04,Dreamscape (1984)
2819,3771,3,4.0,3.43,The Golden Voyage of Sinbad (1973)
2820,3773,2,2.0,3.06,House Party (1990)
2821,3774,4,0.75,2.56,House Party 2 (1991)
2822,3783,11,3.9545454545454546,3.62,Croupier (1998)
2823,3784,11,2.590909090909091,2.92,"Kid, The (2000)"
2824,3785,50,2.92,2.98,Scary Movie (2000)
2825,3786,4,2.625,3.09,But I'm a Cheerleader (1999)
2826,3787,2,4.0,3.38,Shower (Xizao) (1999)
2827,3788,6,3.6666666666666665,3.41,Blow-Up (Blowup) (1966)
2828,3789,1,3.5,3.28,"Pawnbroker, The (1964)"
2829,3790,2,4.0,3.38,Groove (2000)
2830,3791,16,3.1875,3.22,Footloose (1984)
2831,3792,1,5.0,3.42,Duel in the Sun (1946)
2832,3793,133,3.699248120300752,3.67,X-Men (2000)
2833,3794,2,2.5,3.14,Chuck & Buck (2000)
2834,3795,1,5.0,3.42,"Five Senses, The (1999)"
2835,3797,3,2.6666666666666665,3.13,"In Crowd, The (2000)"
2836,3798,25,3.2,3.22,What Lies Beneath (2000)
2837,3799,6,1.5833333333333333,2.65,Pokémon the Movie 2000 (2000)
2838,3801,4,4.0,3.47,Anatomy of a Murder (1959)
2839,3802,4,2.0,2.91,Freejack (1992)
2840,3806,1,3.0,3.24,Mackenna's Gold (1969)
2841,3807,1,3.0,3.24,Sinbad and the Eye of the Tiger (1977)
2842,3808,1,4.0,3.33,"Two Women (Ciociara, La) (1960)"
2843,3809,35,3.2714285714285714,3.27,What About Bob? (1991)
2844,3810,3,3.0,3.2,White Sands (1992)
2845,3811,7,3.9285714285714284,3.53,Breaker Morant (1980)
2846,3812,12,3.4583333333333335,3.37,Everything You Always Wanted to Know About Sex * But Were Afraid to Ask (1972)
2847,3813,3,4.166666666666667,3.47,Interiors (1978)
2848,3814,9,4.222222222222222,3.71,Love and Death (1975)
2849,3816,1,4.0,3.33,"Official Story, The (La historia oficial) (1985)"
2850,3819,3,4.0,3.43,Tampopo (1985)
2851,3821,16,2.28125,2.67,Nutty Professor II: The Klumps (2000)
2852,3822,4,4.125,3.5,"Girl on the Bridge, The (Fille sur le pont, La) (1999)"
2853,3823,2,4.0,3.38,Wonderland (1999)
2854,3824,11,2.409090909090909,2.82,Autumn in New York (2000)
2855,3825,29,2.7413793103448274,2.88,Coyote Ugly (2000)
2856,3826,39,2.2948717948717947,2.5,Hollow Man (2000)
2857,3827,23,2.891304347826087,3.01,Space Cowboys (2000)
2858,3830,2,1.5,2.98,Psycho Beach Party (2000)
2859,3831,11,3.909090909090909,3.6,Saving Grace (2000)
2860,3832,1,4.0,3.33,"Black Sabbath (Tre volti della paura, I) (1963)"
2861,3833,2,1.5,2.98,"Brain That Wouldn't Die, The (1962)"
2862,3834,2,3.0,3.22,Bronco Billy (1980)
2863,3835,6,2.1666666666666665,2.86,"Crush, The (1993)"
2864,3836,15,4.133333333333334,3.78,Kelly's Heroes (1970)
2865,3837,3,2.5,3.09,Phantasm II (1988)
2866,3838,1,2.0,3.15,Phantasm III: Lord of the Dead (1994)
2867,3839,3,1.6666666666666667,2.9,Phantasm IV: Oblivion (1998)
2868,3840,5,2.4,2.98,Pumpkinhead (1988)
2869,3841,6,2.8333333333333335,3.11,Air America (1990)
2870,3843,4,2.375,3.02,Sleepaway Camp (1983)
2871,3844,9,3.3333333333333335,3.3,Steel Magnolias (1989)
2872,3845,1,4.0,3.33,And God Created Woman (Et Dieu... créa la femme) (1956)
2873,3846,4,3.625,3.36,Easy Money (1983)
2874,3847,1,2.0,3.15,"Ilsa, She Wolf of the SS (1974)"
2875,3849,2,4.0,3.38,The Spiral Staircase (1945)
2876,3851,1,5.0,3.42,I'm the One That I Want (2000)
2877,3852,13,3.3846153846153846,3.33,"Tao of Steve, The (2000)"
2878,3855,2,4.75,3.5,"Affair of Love, An (Liaison pornographique, Une) (1999)"
2879,3857,1,4.0,3.33,Bless the Child (2000)
2880,3858,5,3.5,3.34,Cecil B. DeMented (2000)
2881,3859,2,3.75,3.34,"Eyes of Tammy Faye, The (2000)"
2882,3861,19,2.6842105263157894,2.89,"Replacements, The (2000)"
2883,3862,2,3.75,3.34,About Adam (2000)
2884,3863,45,3.0444444444444443,3.09,"Cell, The (2000)"
2885,3864,5,2.1,2.88,Godzilla 2000 (Gojira ni-sen mireniamu) (1999)
2886,3865,4,3.25,3.26,"Original Kings of Comedy, The (2000)"
2887,3868,42,3.4047619047619047,3.38,"Naked Gun: From the Files of Police Squad!, The (1988)"
2888,3869,26,3.423076923076923,3.38,"Naked Gun 2 1/2: The Smell of Fear, The (1991)"
2889,3870,1,3.0,3.24,Our Town (1940)
2890,3871,5,3.9,3.47,Shane (1953)
2891,3872,1,3.5,3.28,"Suddenly, Last Summer (1959)"
2892,3873,7,3.142857142857143,3.21,Cat Ballou (1965)
2893,3877,9,2.2222222222222223,2.78,Supergirl (1984)
2894,3879,2,2.0,3.06,"Art of War, The (2000)"
2895,3882,34,2.6911764705882355,2.82,Bring It On (2000)
2896,3884,3,1.5,2.87,"Crew, The (2000)"
2897,3888,1,4.0,3.33,Skipped Parts (2000)
2898,3889,6,2.25,2.89,Highlander: Endgame (Highlander IV) (2000)
2899,3893,19,3.3421052631578947,3.31,Nurse Betty (2000)
2900,3894,1,4.0,3.33,Solas (1999)
2901,3895,1,1.5,3.11,"Watcher, The (2000)"
2902,3896,8,3.125,3.2,"Way of the Gun, The (2000)"
2903,3897,83,3.8674698795180724,3.8,Almost Famous (2000)
2904,3898,2,2.5,3.14,Bait (2000)
2905,3899,1,1.0,3.06,Circus (2000)
2906,3900,1,4.0,3.33,Crime and Punishment in Suburbia (2000)
2907,3901,2,3.25,3.26,Duets (2000)
2908,3906,2,2.5,3.14,Under Suspicion (2000)
2909,3908,3,1.5,2.87,Urban Legends: Final Cut (2000)
2910,3909,4,2.0,2.91,Woman on Top (2000)
2911,3910,20,3.975,3.73,Dancer in the Dark (2000)
2912,3911,53,3.688679245283019,3.62,Best in Show (2000)
2913,3912,2,2.5,3.14,Beautiful (2000)
2914,3914,1,4.0,3.33,"Broken Hearts Club, The (2000)"
2915,3915,6,3.6666666666666665,3.41,Girlfight (2000)
2916,3916,41,3.7439024390243905,3.65,Remember the Titans (2000)
2917,3917,15,3.3666666666666667,3.32,Hellraiser (1987)
2918,3918,9,3.2777777777777777,3.27,Hellbound: Hellraiser II (1988)
2919,3919,1,2.5,3.2,Hellraiser III: Hell on Earth (1992)
2920,3920,1,4.0,3.33,"Faraway, So Close (In weiter Ferne, so nah!) (1993)"
2921,3922,1,1.0,3.06,Bikini Beach (1964)
2922,3925,6,3.9166666666666665,3.5,Stranger Than Paradise (1984)
2923,3926,1,3.0,3.24,Voyage to the Bottom of the Sea (1961)
2924,3927,6,2.6666666666666665,3.04,Fantastic Voyage (1966)
2925,3928,4,3.75,3.4,Abbott and Costello Meet Frankenstein (1948)
2926,3929,2,2.5,3.14,"Bank Dick, The (1940)"
2927,3930,4,2.125,2.95,"Creature from the Black Lagoon, The (1954)"
2928,3932,2,3.5,3.3,"Invisible Man, The (1933)"
2929,3933,1,0.5,3.02,"Killer Shrews, The (1959)"
2930,3937,4,2.625,3.09,Runaway (1984)
2931,3938,2,2.75,3.18,"Slumber Party Massacre, The (1982)"
2932,3939,1,5.0,3.42,Slumber Party Massacre II (1987)
2933,3940,1,5.0,3.42,Slumber Party Massacre III (1990)
2934,3941,1,5.0,3.42,Sorority House Massacre (1986)
2935,3942,1,5.0,3.42,Sorority House Massacre II (1990)
2936,3943,8,2.9375,3.12,Bamboozled (2000)
2937,3945,1,3.0,3.24,Digimon: The Movie (2000)
2938,3946,5,2.5,3.01,Get Carter (2000)
2939,3947,3,3.3333333333333335,3.28,Get Carter (1971)
2940,3948,91,3.4175824175824174,3.4,Meet the Parents (2000)
2941,3949,96,3.921875,3.86,Requiem for a Dream (2000)
2942,3950,8,3.5625,3.39,Tigerland (2000)
2943,3951,1,5.0,3.42,Two Family House (2000)
2944,3952,7,3.0714285714285716,3.19,"Contender, The (2000)"
2945,3953,4,2.125,2.95,Dr. T and the Women (2000)
2946,3955,6,1.5833333333333333,2.65,"Ladies Man, The (2000)"
2947,3957,3,2.6666666666666665,3.13,Billy Jack (1971)
2948,3958,1,2.0,3.15,Billy Jack Goes to Washington (1977)
2949,3959,8,3.625,3.42,"Time Machine, The (1960)"
2950,3962,1,1.5,3.11,Ghoulies II (1987)
2951,3963,2,3.75,3.34,"Unsinkable Molly Brown, The (1964)"
2952,3964,3,3.0,3.2,"Adventures of Ichabod and Mr. Toad, The (1949)"
2953,3965,1,3.5,3.28,"Strange Love of Martha Ivers, The (1946)"
2954,3966,2,3.5,3.3,Detour (1945)
2955,3967,37,3.8513513513513513,3.72,Billy Elliot (2000)
2956,3968,27,3.074074074074074,3.13,Bedazzled (2000)
2957,3969,26,3.4423076923076925,3.39,Pay It Forward (2000)
2958,3971,2,2.75,3.18,"Private Eyes, The (1981)"
2959,3972,16,4.125,3.79,"Legend of Drunken Master, The (Jui kuen II) (1994)"
2960,3973,4,1.125,2.67,Book of Shadows: Blair Witch 2 (2000)
2961,3974,1,3.0,3.24,"Little Vampire, The (2000)"
2962,3977,72,2.7222222222222223,2.79,Charlie's Angels (2000)
2963,3978,15,3.066666666666667,3.15,"Legend of Bagger Vance, The (2000)"
2964,3979,24,2.5,2.73,Little Nicky (2000)
2965,3980,14,3.392857142857143,3.34,Men of Honor (2000)
2966,3981,13,2.3461538461538463,2.75,Red Planet (2000)
2967,3983,9,4.166666666666667,3.68,You Can Count on Me (2000)
2968,3984,21,3.5,3.42,Diamonds Are Forever (1971)
2969,3985,6,3.25,3.26,"Eagle Has Landed, The (1976)"
2970,3986,20,2.8,2.96,"6th Day, The (2000)"
2971,3987,6,2.4166666666666665,2.95,Bounce (2000)
2972,3988,33,3.0454545454545454,3.1,How the Grinch Stole Christmas (a.k.a. The Grinch) (2000)
2973,3989,2,4.0,3.38,One Day in September (1999)
2974,3990,4,2.25,2.98,Rugrats in Paris: The Movie (2000)
2975,3991,9,2.7777777777777777,3.04,102 Dalmatians (2000)
2976,3992,5,3.7,3.4,Malèna (2000)
2977,3993,6,3.0,3.17,Quills (2000)
2978,3994,73,3.4794520547945207,3.45,Unbreakable (2000)
2979,3996,110,3.8363636363636364,3.79,"Crouching Tiger, Hidden Dragon (Wo hu cang long) (2000)"
2980,3997,12,1.8333333333333333,2.5,Dungeons & Dragons (2000)
2981,3998,12,3.0416666666666665,3.14,Proof of Life (2000)
2982,3999,14,2.607142857142857,2.89,Vertical Limit (2000)
2983,4000,3,3.0,3.2,"Bounty, The (1984)"
2984,4002,27,3.8518518518518516,3.69,"Planes, Trains & Automobiles (1987)"
2985,4003,3,3.3333333333333335,3.28,She's Having a Baby (1988)
2986,4005,12,3.2916666666666665,3.28,"Living Daylights, The (1987)"
2987,4006,7,3.357142857142857,3.3,Transformers: The Movie (1986)
2988,4007,20,3.75,3.58,Wall Street (1987)
2989,4008,13,3.5384615384615383,3.42,Born on the Fourth of July (1989)
2990,4009,2,3.0,3.22,Talk Radio (1988)
2991,4010,8,2.9375,3.12,Brewster's Millions (1985)
2992,4011,93,4.155913978494624,4.07,Snatch (2000)
2993,4012,4,2.5,3.05,Punchline (1988)
2994,4014,47,3.521276595744681,3.47,Chocolat (2000)
2995,4015,33,2.727272727272727,2.86,"Dude, Where's My Car? (2000)"
2996,4016,37,3.7162162162162162,3.62,"Emperor's New Groove, The (2000)"
2997,4017,14,3.5357142857142856,3.42,Pollock (2000)
2998,4018,54,3.138888888888889,3.16,What Women Want (2000)
2999,4019,28,3.7142857142857144,3.59,Finding Forrester (2000)
3000,4020,13,2.923076923076923,3.07,"Gift, The (2000)"
3001,4021,5,4.3,3.6,Before Night Falls (2000)
3002,4022,100,3.7,3.66,Cast Away (2000)
3003,4023,23,3.130434782608696,3.17,"Family Man, The (2000)"
3004,4024,3,2.1666666666666665,3.02,"House of Mirth, The (2000)"
3005,4025,64,3.0546875,3.08,Miss Congeniality (2000)
3006,4027,94,3.8085106382978724,3.75,"O Brother, Where Art Thou? (2000)"
3007,4029,12,3.875,3.59,State and Main (2000)
3008,4030,5,1.8,2.79,Dracula 2000 (2000)
3009,4031,2,2.5,3.14,All the Pretty Horses (2000)
3010,4032,1,4.0,3.33,"Everlasting Piece, An (2000)"
3011,4033,13,3.923076923076923,3.63,Thirteen Days (2000)
3012,4034,70,3.9,3.82,Traffic (2000)
3013,4035,3,2.8333333333333335,3.17,"Claim, The (2000)"
3014,4036,11,3.1363636363636362,3.2,Shadow of the Vampire (2000)
3015,4037,8,3.8125,3.5,House of Games (1987)
3016,4039,16,3.125,3.18,Annie (1982)
3017,4040,13,2.3461538461538463,2.75,Don't Tell Mom the Babysitter's Dead (1991)
3018,4041,14,3.642857142857143,3.48,"Officer and a Gentleman, An (1982)"
3019,4042,4,3.375,3.29,"Alamo, The (1960)"
3020,4043,3,3.3333333333333335,3.28,At Close Range (1986)
3021,4046,1,4.0,3.33,Friendly Persuasion (1956)
3022,4047,9,3.6666666666666665,3.45,Gettysburg (1993)
3023,4051,1,0.5,3.02,Horrors of Spider Island (Ein Toter Hing im Netz) (1960)
3024,4052,8,3.5625,3.39,Antitrust (2001)
3025,4053,2,2.5,3.14,Double Take (2001)
3026,4054,16,2.84375,3.01,Save the Last Dance (2001)
3027,4055,2,4.0,3.38,Panic (2000)
3028,4056,7,3.2857142857142856,3.27,"Pledge, The (2001)"
3029,4061,2,4.0,3.38,The Man in the Moon (1991)
3030,4062,8,3.375,3.31,Mystic Pizza (1988)
3031,4063,4,2.5,3.05,Prelude to a Kiss (1992)
3032,4064,1,3.5,3.28,Coffy (1973)
3033,4065,1,2.5,3.2,Foxy Brown (1974)
3034,4066,4,2.875,3.15,I'm Gonna Git You Sucka (1988)
3035,4067,4,3.375,3.29,Untamed Heart (1993)
3036,4068,7,2.7142857142857144,3.04,Sugar & Spice (2001)
3037,4069,22,2.909090909090909,3.02,"Wedding Planner, The (2001)"
3038,4074,1,3.0,3.24,"Legend of Rita, The (Stille nach dem Schuß, Die) (1999)"
3039,4077,2,4.5,3.46,"With a Friend Like Harry... (Harry, un ami qui vous veut du bien) (2000)"
3040,4078,1,4.0,3.33,Amazing Grace and Chuck (1987)
3041,4079,2,4.25,3.42,Amazon Women on the Moon (1987)
3042,4080,2,3.25,3.26,Baby Boom (1987)
3043,4081,3,1.8333333333333333,2.94,Back to the Beach (1987)
3044,4082,2,3.5,3.3,Barfly (1987)
3045,4083,1,4.0,3.33,Best Seller (1987)
3046,4084,19,2.8684210526315788,3.01,Beverly Hills Cop II (1987)
3047,4085,46,3.402173913043478,3.38,Beverly Hills Cop (1984)
3048,4086,5,3.5,3.34,"Big Easy, The (1987)"
3049,4089,1,2.0,3.15,Born in East L.A. (1987)
3050,4090,8,3.5625,3.39,"Brave Little Toaster, The (1987)"
3051,4091,4,3.25,3.26,Can't Buy Me Love (1987)
3052,4092,2,2.25,3.1,Cherry 2000 (1987)
3053,4093,1,1.5,3.11,Cop (1988)
3054,4102,6,3.5,3.35,Eddie Murphy Raw (1987)
3055,4103,10,3.95,3.6,Empire of the Sun (1987)
3056,4104,5,1.4,2.66,Ernest Goes to Camp (1987)
3057,4105,22,3.8181818181818183,3.64,"Evil Dead, The (1981)"
3058,4109,7,2.5714285714285716,2.98,Flowers in the Attic (1987)
3059,4110,1,3.0,3.24,"Fourth Protocol, The (1987)"
3060,4111,1,3.0,3.24,Gardens of Stone (1987)
3061,4113,2,3.0,3.22,"Glass Menagerie, The (1987)"
3062,4115,1,2.0,3.15,Hiding Out (1987)
3063,4116,1,5.0,3.42,Hollywood Shuffle (1987)
3064,4117,3,4.333333333333333,3.5,Hope and Glory (1987)
3065,4121,12,3.125,3.19,Innerspace (1987)
3066,4123,1,2.0,3.15,Ishtar (1987)
3067,4124,4,1.25,2.7,Jaws: The Revenge (1987)
3068,4125,2,0.75,2.86,Leonard Part 6 (1987)
3069,4126,4,3.5,3.33,Less Than Zero (1987)
3070,4127,3,1.6666666666666667,2.9,"Like Father, Like Son (1987)"
3071,4128,26,3.7115384615384617,3.58,"Lost Boys, The (1987)"
3072,4129,1,1.0,3.06,Made in Heaven (1987)
3073,4130,3,1.8333333333333333,2.94,Maid to Order (1987)
3074,4131,3,1.8333333333333333,2.94,Making Mr. Right (1987)
3075,4132,8,2.625,2.98,Mannequin (1987)
3076,4133,8,2.5625,2.96,Masters of the Universe (1987)
3077,4135,1,5.0,3.42,"Monster Squad, The (1987)"
3078,4138,2,1.0,2.9,My Demon Lover (1987)
3079,4139,1,3.0,3.24,No Man's Land (1987)
3080,4141,4,2.5,3.05,Head Over Heels (2001)
3081,4142,2,4.25,3.42,Left Behind: The Movie (2000)
3082,4143,1,3.5,3.28,Valentine (2001)
3083,4144,14,4.214285714285714,3.81,In the Mood For Love (Fa yeung nin wa) (2000)
3084,4146,3,3.0,3.2,"Million Dollar Hotel, The (2001)"
3085,4147,2,4.0,3.38,Nico and Dani (Krámpack) (2000)
3086,4148,39,2.9358974358974357,3.0,Hannibal (2001)
3087,4149,11,2.772727272727273,3.01,Saving Silverman (Evil Woman) (2001)
3088,4152,2,4.25,3.42,Vatel (2000)
3089,4153,12,2.4166666666666665,2.81,Down to Earth (2001)
3090,4154,2,4.0,3.38,Recess: School's Out (2001)
3091,4155,8,3.3125,3.28,Sweet November (2001)
3092,4156,1,2.0,3.15,Company Man (2000)
3093,4157,1,4.5,3.37,"Price of Milk, The (2000)"
3094,4158,6,2.0833333333333335,2.83,Monkeybone (2001)
3095,4159,7,2.7142857142857144,3.04,3000 Miles to Graceland (2001)
3096,4160,4,4.125,3.5,"Widow of St. Pierre, The (Veuve de Saint-Pierre, La) (2000)"
3097,4161,23,3.347826086956522,3.32,"Mexican, The (2001)"
3098,4164,2,3.5,3.3,"Caveman's Valentine, The (2001)"
3099,4166,2,2.5,3.14,Series 7: The Contenders (2001)
3100,4167,10,3.0,3.13,15 Minutes (2001)
3101,4168,4,2.75,3.12,Get Over It (2001)
3102,4171,1,4.0,3.33,Long Night's Journey Into Day (2000)
3103,4174,1,3.0,3.24,Avalon (1990)
3104,4175,4,3.625,3.36,Gray's Anatomy (1996)
3105,4178,6,3.5,3.35,Of Mice and Men (1939)
3106,4180,1,5.0,3.42,Reform School Girls (1986)
3107,4181,1,2.0,3.15,Tapeheads (1988)
3108,4184,1,4.0,3.33,"Bishop's Wife, The (1947)"
3109,4187,3,3.8333333333333335,3.39,Lilies of the Field (1963)
3110,4189,1,2.5,3.2,"Greatest Story Ever Told, The (1965)"
3111,4190,2,4.0,3.38,Elmer Gantry (1960)
3112,4191,4,3.25,3.26,Alfie (1966)
3113,4193,2,4.0,3.38,"Fantasticks, The (1995)"
3114,4195,3,3.8333333333333335,3.39,"Abominable Dr. Phibes, The (1971)"
3115,4197,1,3.0,3.24,Real Life (1979)
3116,4198,1,3.0,3.24,Battle Beyond the Stars (1980)
3117,4200,2,3.25,3.26,Double Impact (1991)
3118,4202,1,3.0,3.24,Fuzz (1972)
3119,4203,6,3.1666666666666665,3.23,Harley Davidson and the Marlboro Man (1991)
3120,4204,1,1.0,3.06,Losin' It (1983)
3121,4205,6,3.1666666666666665,3.23,Mermaids (1990)
3122,4207,3,2.0,2.98,Navy Seals (1990)
3123,4210,6,3.9166666666666665,3.5,Manhunter (1986)
3124,4211,6,3.75,3.44,Reversal of Fortune (1990)
3125,4212,1,3.0,3.24,Death on the Nile (1978)
3126,4214,13,2.8846153846153846,3.05,Revenge of the Nerds (1984)
3127,4215,6,2.0833333333333335,2.83,Revenge of the Nerds II: Nerds in Paradise (1987)
3128,4217,2,4.25,3.42,4 Little Girls (1997)
3129,4218,1,3.5,3.28,River's Edge (1986)
3130,4219,3,3.3333333333333335,3.28,Girls Just Want to Have Fun (1985)
3131,4220,5,3.4,3.31,"Longest Yard, The (1974)"
3132,4221,4,2.625,3.09,Necessary Roughness (1991)
3133,4223,40,3.5125,3.46,Enemy at the Gates (2001)
3134,4224,2,2.75,3.18,Exit Wounds (2001)
3135,4225,7,4.0,3.56,"Dish, The (2001)"
3136,4226,159,4.122641509433962,4.07,Memento (2000)
3137,4228,10,2.15,2.72,Heartbreakers (2001)
3138,4229,4,2.125,2.95,Say It Isn't So (2001)
3139,4231,5,3.5,3.34,Someone Like You (2001)
3140,4232,28,2.9464285714285716,3.03,Spy Kids (2001)
3141,4233,6,2.0,2.8,Tomcats (2001)
3142,4234,5,3.2,3.24,"Tailor of Panama, The (2001)"
3143,4235,23,3.9347826086956523,3.73,Amores Perros (Love's a Bitch) (2000)
3144,4236,1,3.5,3.28,Keep the River on Your Right: A Modern Cannibal Tale (2000)
3145,4237,1,4.0,3.33,"Gleaners & I, The (Les glaneurs et la glaneuse) (2000)"
3146,4238,17,3.1470588235294117,3.19,Along Came a Spider (2001)
3147,4239,51,3.8137254901960786,3.72,Blow (2001)
3148,4240,1,2.0,3.15,Just Visiting (2001)
3149,4241,5,2.1,2.88,Pokémon 3: The Movie (2001)
3150,4242,1,2.0,3.15,Beautiful Creatures (2000)
3151,4243,1,4.0,3.33,Brigham City (2001)
3152,4246,65,3.623076923076923,3.57,Bridget Jones's Diary (2001)
3153,4247,21,2.380952380952381,2.67,Joe Dirt (2001)
3154,4248,6,1.75,2.71,Josie and the Pussycats (2001)
3155,4251,1,2.0,3.15,Chopper (2000)
3156,4252,2,3.25,3.26,"Circle, The (Dayereh) (2000)"
3157,4254,13,2.1923076923076925,2.67,Crocodile Dundee in Los Angeles (2001)
3158,4255,10,2.2,2.74,Freddy Got Fingered (2001)
3159,4256,3,3.6666666666666665,3.35,"Center of the World, The (2001)"
3160,4259,4,3.5,3.33,"Luzhin Defence, The (2000)"
3161,4260,1,2.0,3.15,"Visit, The (2000)"
3162,4262,67,3.9328358208955225,3.84,Scarface (1983)
3163,4263,2,4.0,3.38,Days of Wine and Roses (1962)
3164,4265,5,3.0,3.18,Driven (2001)
3165,4267,5,3.4,3.31,One Night at McCool's (2001)
3166,4268,2,2.5,3.14,Town & Country (2001)
3167,4270,45,3.088888888888889,3.12,"Mummy Returns, The (2001)"
3168,4273,2,4.5,3.46,Under the Sand (2000)
3169,4275,5,2.9,3.14,Krull (1983)
3170,4276,2,2.5,3.14,Lost in America (1985)
3171,4278,3,4.166666666666667,3.47,Triumph of the Will (Triumph des Willens) (1934)
3172,4280,9,3.5555555555555554,3.4,"World According to Garp, The (1982)"
3173,4282,1,3.5,3.28,Fellini Satyricon (1969)
3174,4284,1,3.0,3.24,Frankie and Johnny (1966)
3175,4285,3,2.8333333333333335,3.17,Frankie and Johnny (1991)
3176,4289,3,2.8333333333333335,3.17,"City of Women, The (Città delle donne, La) (1980)"
3177,4290,1,2.0,3.15,For the Boys (1991)
3178,4291,11,2.727272727272727,2.99,Nine to Five (a.k.a. 9 to 5) (1980)
3179,4292,2,3.5,3.3,Norma Rae (1979)
3180,4293,4,2.5,3.05,Summer Rental (1985)
3181,4294,2,4.0,3.38,"5,000 Fingers of Dr. T, The (1953)"
3182,4296,2,3.0,3.22,Love Story (1970)
3183,4297,2,3.75,3.34,Pelle the Conqueror (Pelle erobreren) (1987)
3184,4298,2,4.75,3.5,Rififi (Du rififi chez les hommes) (1955)
3185,4299,41,3.341463414634146,3.33,"Knight's Tale, A (2001)"
3186,4300,3,4.0,3.43,Bread and Roses (2000)
3187,4304,5,3.6,3.37,Startup.com (2001)
3188,4305,4,1.625,2.81,Angel Eyes (2001)
3189,4306,170,3.8676470588235294,3.83,Shrek (2001)
3190,4307,1,4.5,3.37,"Fast Food, Fast Women (2000)"
3191,4308,55,3.590909090909091,3.54,Moulin Rouge (2001)
3192,4310,43,2.9651162790697674,3.02,Pearl Harbor (2001)
3193,4312,2,3.5,3.3,Himalaya (Himalaya - l'enfance d'un chef) (1999)
3194,4313,2,3.5,3.3,"Man Who Cried, The (2000)"
3195,4316,2,2.0,3.06,Ice Castles (1978)
3196,4317,3,2.5,3.09,Love Potion #9 (1992)
3197,4321,31,3.370967741935484,3.34,City Slickers (1991)
3198,4322,10,3.75,3.5,Eight Men Out (1988)
3199,4323,1,4.0,3.33,"Horse Soldiers, The (1959)"
3200,4325,1,4.0,3.33,"Night, The (Notte, La) (1960)"
3201,4326,11,3.590909090909091,3.43,Mississippi Burning (1988)
3202,4327,16,3.59375,3.46,"Magnificent Seven, The (1960)"
3203,4329,3,3.6666666666666665,3.35,Rio Bravo (1959)
3204,4333,10,3.2,3.23,Throw Momma from the Train (1987)
3205,4334,5,4.6,3.7,Yi Yi (2000)
3206,4337,2,3.5,3.3,"Sand Pebbles, The (1966)"
3207,4338,1,4.5,3.37,Twelve O'Clock High (1949)
3208,4339,4,3.75,3.4,Von Ryan's Express (1965)
3209,4340,11,2.1363636363636362,2.68,"Animal, The (2001)"
3210,4342,1,4.5,3.37,Big Eden (2000)
3211,4343,27,3.037037037037037,3.1,Evolution (2001)
3212,4344,34,3.1029411764705883,3.14,Swordfish (2001)
3213,4345,3,4.0,3.43,"Anniversary Party, The (2001)"
3214,4347,3,3.8333333333333335,3.39,Divided We Fall (Musíme si pomáhat) (2000)
3215,4349,8,3.75,3.47,Catch-22 (1970)
3216,4350,2,4.25,3.42,Forgotten Silver (1996)
3217,4351,16,3.25,3.25,Point Break (1991)
3218,4353,1,3.0,3.24,Uncommon Valor (1983)
3219,4354,1,2.5,3.2,Unlawful Entry (1992)
3220,4355,2,2.0,3.06,Youngblood (1986)
3221,4356,5,3.8,3.44,Gentlemen Prefer Blondes (1953)
3222,4357,1,4.5,3.37,How to Marry a Millionaire (1953)
3223,4359,8,3.375,3.31,"Seven Year Itch, The (1955)"
3224,4361,32,3.421875,3.38,Tootsie (1982)
3225,4366,19,3.3421052631578947,3.31,Atlantis: The Lost Empire (2001)
3226,4367,40,2.9,2.97,Lara Croft: Tomb Raider (2001)
3227,4368,11,2.3636363636363638,2.8,Dr. Dolittle 2 (2001)
3228,4369,45,3.066666666666667,3.1,"Fast and the Furious, The (2001)"
3229,4370,56,3.3392857142857144,3.33,A.I. Artificial Intelligence (2001)
3230,4371,1,0.5,3.02,Baby Boy (2001)
3231,4372,5,3.4,3.31,Crazy/Beautiful (2001)
3232,4373,3,3.1666666666666665,3.24,Pootie Tang (2001)
3233,4374,1,4.5,3.37,Let It Snow (1999)
3234,4378,14,3.7142857142857144,3.52,Sexy Beast (2000)
3235,4380,7,3.857142857142857,3.5,"Princess and the Warrior, The (Krieger und die Kaiserin, Der) (2000)"
3236,4381,4,3.375,3.29,"Closet, The (Placard, Le) (2001)"
3237,4383,5,3.5,3.34,"Crimson Rivers, The (Rivières pourpres, Les) (2000)"
3238,4384,1,3.0,3.24,Lumumba (2000)
3239,4386,11,2.8181818181818183,3.03,Cats & Dogs (2001)
3240,4387,9,3.7777777777777777,3.5,Kiss of the Dragon (2001)
3241,4388,26,2.6538461538461537,2.83,Scary Movie 2 (2001)
3242,4389,4,3.625,3.36,Lost and Delirious (2001)
3243,4390,2,3.5,3.3,Rape Me (Baise-moi) (2000)
3244,4392,3,3.0,3.2,Alice (1990)
3245,4393,1,4.5,3.37,Another Woman (1988)
3246,4394,1,1.5,3.11,Beach Blanket Bingo (1965)
3247,4395,1,4.0,3.33,Big Deal on Madonna Street (I Soliti Ignoti) (1958)
3248,4396,10,2.75,3.01,"Cannonball Run, The (1981)"
3249,4397,2,2.5,3.14,Cannonball Run II (1984)
3250,4399,2,3.75,3.34,"Diary of a Chambermaid (Journal d'une femme de chambre, Le) (1964)"
3251,4402,1,5.0,3.42,Dr. Goldfoot and the Bikini Machine (1965)
3252,4403,2,3.0,3.22,"Fall of the House of Usher, The (House of Usher) (1960)"
3253,4404,1,4.0,3.33,Faust (1926)
3254,4406,5,4.4,3.63,"Man Who Shot Liberty Valance, The (1962)"
3255,4407,1,4.5,3.37,Salvador (1986)
3256,4408,1,3.5,3.28,September (1987)
3257,4409,3,3.3333333333333335,3.28,Shadows and Fog (1991)
3258,4410,1,4.0,3.33,Something Wild (1986)
3259,4412,2,0.75,2.86,"Thing with Two Heads, The (1972)"
3260,4419,4,4.25,3.54,All That Heaven Allows (1955)
3261,4420,1,3.0,3.24,"Barefoot Contessa, The (1954)"
3262,4422,2,4.0,3.38,Cries and Whispers (Viskningar och rop) (1972)
3263,4424,3,3.6666666666666665,3.35,"Garden of the Finzi-Continis, The (Giardino dei Finzi-Contini, Il) (1970)"
3264,4426,2,4.0,3.38,Kiss Me Deadly (1955)
3265,4427,9,3.6666666666666665,3.45,"Lion in Winter, The (1968)"
3266,4428,2,3.25,3.26,"Misfits, The (1961)"
3267,4429,2,4.5,3.46,Moby Dick (1956)
3268,4432,4,4.125,3.5,Sweet Smell of Success (1957)
3269,4433,2,4.25,3.42,Written on the Wind (1956)
3270,4434,1,4.0,3.33,"10th Victim, The (La decima vittima) (1965)"
3271,4436,1,3.0,3.24,Obsession (1976)
3272,4437,8,3.9375,3.56,Suspiria (1977)
3273,4438,3,3.8333333333333335,3.39,"Fist of Fury (Chinese Connection, The) (Jing wu men) (1972)"
3274,4439,4,3.625,3.36,Christiane F. (a.k.a. We Children from Bahnhof Zoo) (Christiane F. - Wir Kinder vom Bahnhof Zoo) (1981)
3275,4440,2,3.75,3.34,"Big Boss, The (Fists of Fury) (Tang shan da xiong) (1971)"
3276,4441,3,4.166666666666667,3.47,Game of Death (1978)
3277,4442,3,2.6666666666666665,3.13,"Last Dragon, The (1985)"
3278,4443,2,2.75,3.18,Outland (1981)
3279,4444,3,4.166666666666667,3.47,"Way of the Dragon, The (a.k.a. Return of the Dragon) (Meng long guo jiang) (1972)"
3280,4445,1,4.0,3.33,T-Rex: Back to the Cretaceous (1998)
3281,4446,31,3.3548387096774195,3.33,Final Fantasy: The Spirits Within (2001)
3282,4447,64,3.15625,3.17,Legally Blonde (2001)
3283,4448,20,3.55,3.45,"Score, The (2001)"
3284,4449,1,2.0,3.15,Adanggaman (2000)
3285,4450,7,3.642857142857143,3.42,Bully (2001)
3286,4451,1,3.5,3.28,Jump Tomorrow (2001)
3287,4452,6,2.6666666666666665,3.04,Made (2001)
3288,4453,1,3.5,3.28,Michael Jordan to the Max (2000)
3289,4454,1,5.0,3.42,More (1998)
3290,4458,1,4.0,3.33,Africa: The Serengeti (1994)
3291,4459,1,4.0,3.33,Alaska: Spirit of the Wild (1997)
3292,4462,2,1.5,2.98,18 Again! (1988)
3293,4463,1,2.0,3.15,1969 (1988)
3294,4464,5,3.6,3.37,"Accidental Tourist, The (1988)"
3295,4465,5,3.7,3.4,"Accused, The (1988)"
3296,4466,2,2.5,3.14,Above the Law (1988)
3297,4467,13,3.769230769230769,3.54,"Adventures of Baron Munchausen, The (1988)"
3298,4470,2,3.0,3.22,Ariel (1988)
3299,4471,3,1.5,2.87,Arthur 2: On the Rocks (1988)
3300,4473,1,3.0,3.24,Bat*21 (1988)
3301,4474,5,2.9,3.14,Beaches (1988)
3302,4475,1,4.0,3.33,"Beast of War, The (Beast, The) (1988)"
3303,4476,3,2.3333333333333335,3.05,Big Business (1988)
3304,4477,8,1.9375,2.69,Big Top Pee-Wee (1988)
3305,4478,2,3.5,3.3,Biloxi Blues (1988)
3306,4480,3,2.8333333333333335,3.17,"Blob, The (1988)"
3307,4482,3,3.1666666666666665,3.24,"Bright Lights, Big City (1988)"
3308,4483,3,1.5,2.87,Caddyshack II (1988)
3309,4484,2,3.75,3.34,Camille Claudel (1988)
3310,4487,11,2.9545454545454546,3.1,Cocktail (1988)
3311,4488,3,3.3333333333333335,3.28,Colors (1988)
3312,4489,24,3.4583333333333335,3.4,Coming to America (1988)
3313,4490,1,2.0,3.15,"Couch Trip, The (1988)"
3314,4492,3,3.0,3.2,Critters (1986)
3315,4495,1,5.0,3.42,Crossing Delancey (1988)
3316,4496,1,3.5,3.28,D.O.A. (1988)
3317,4497,1,3.0,3.24,Dead Heat (1988)
3318,4498,6,3.0,3.17,"Dead Pool, The (1988)"
3319,4499,16,4.125,3.79,Dirty Rotten Scoundrels (1988)
3320,4500,1,4.0,3.33,Drowning by Numbers (1988)
3321,4502,4,1.625,2.81,Ernest Saves Christmas (1988)
3322,4504,1,1.5,3.11,Feds (1988)
3323,4505,1,3.0,3.24,For Keeps (1988)
3324,4506,3,3.1666666666666665,3.24,Frantic (1988)
3325,4508,8,3.5,3.37,Gorillas in the Mist (1988)
3326,4509,5,2.9,3.14,"Great Outdoors, The (1988)"
3327,4511,1,2.0,3.15,High Spirits (1988)
3328,4516,2,3.0,3.22,Johnny Be Good (1988)
3329,4517,2,1.75,3.02,Lady in White (a.k.a. The Mystery of the Lady in White) (1988)
3330,4518,4,3.75,3.4,The Lair of the White Worm (1988)
3331,4519,9,3.3333333333333335,3.3,"Land Before Time, The (1988)"
3332,4520,3,2.3333333333333335,3.05,License to Drive (1988)
3333,4521,1,3.0,3.24,Little Nikita (1988)
3334,4522,1,1.0,3.06,Masquerade (1988)
3335,4523,2,3.5,3.3,Milagro Beanfield War (1988)
3336,4524,1,3.0,3.24,Moon Over Parador (1988)
3337,4526,5,3.1,3.21,My Stepmother Is an Alien (1988)
3338,4527,2,2.5,3.14,"Night in the Life of Jimmy Reardon, A (1988)"
3339,4529,4,3.875,3.43,Bagdad Cafe (Out of Rosenheim) (1987)
3340,4531,3,2.6666666666666665,3.13,Red Heat (1988)
3341,4533,4,3.75,3.4,"Return of the Living Dead, The (1985)"
3342,4534,2,2.5,3.14,Return to Snowy River (a.k.a. The Man From Snowy River II) (1988)
3343,4535,4,3.375,3.29,"Man from Snowy River, The (1982)"
3344,4537,3,4.333333333333333,3.5,Running on Empty (1988)
3345,4541,2,3.5,3.3,"Serpent and the Rainbow, The (1988)"
3346,4544,5,2.9,3.14,Short Circuit 2 (1988)
3347,4545,20,3.275,3.27,Short Circuit (1986)
3348,4546,6,3.9166666666666665,3.5,"Vanishing, The (Spoorloos) (1988)"
3349,4552,3,3.5,3.32,"Tetsuo, the Ironman (Tetsuo) (1988)"
3350,4553,9,3.7222222222222223,3.48,They Live (1988)
3351,4557,1,3.0,3.24,Tucker: The Man and His Dream (1988)
3352,4558,14,2.4642857142857144,2.8,Twins (1988)
3353,4562,1,4.0,3.33,Without a Clue (1988)
3354,4563,3,1.8333333333333333,2.94,Young Einstein (1988)
3355,4564,6,2.8333333333333335,3.11,Always (1989)
3356,4565,2,2.5,3.14,American Ninja (1985)
3357,4568,1,2.5,3.2,Best of the Best (1989)
3358,4571,45,3.7,3.62,Bill & Ted's Excellent Adventure (1989)
3359,4572,3,3.0,3.2,Black Rain (1989)
3360,4573,1,2.0,3.15,Blaze (1989)
3361,4574,2,3.25,3.26,Blind Fury (1989)
3362,4577,3,3.8333333333333335,3.39,Casualties of War (1989)
3363,4578,2,2.5,3.14,Chances Are (1989)
3364,4580,2,0.5,2.82,Cyborg (1989)
3365,4581,1,4.0,3.33,Dad (1989)
3366,4583,1,4.0,3.33,Disorganized Crime (1989)
3367,4584,1,2.0,3.15,Dream a Little Dream (1989)
3368,4585,4,3.375,3.29,"Dream Team, The (1989)"
3369,4587,8,2.25,2.82,Earth Girls Are Easy (1988)
3370,4589,2,2.0,3.06,Eddie and the Cruisers (1983)
3371,4591,5,3.0,3.18,Erik the Viking (1989)
3372,4593,2,2.25,3.1,Family Business (1989)
3373,4594,1,3.0,3.24,Farewell to the King (1989)
3374,4595,1,3.5,3.28,Fat Man and Little Boy (1989)
3375,4597,1,2.0,3.15,Gleaming the Cube (1989)
3376,4599,2,2.5,3.14,Great Balls of Fire! (1989)
3377,4600,2,3.25,3.26,Gross Anatomy (a.k.a. A Cut Above) (1989)
3378,4602,3,3.0,3.2,Harlem Nights (1989)
3379,4603,1,2.5,3.2,Her Alibi (1989)
3380,4605,4,3.625,3.36,How to Get Ahead in Advertising (1989)
3381,4608,2,2.25,3.1,"Innocent Man, An (1989)"
3382,4610,1,2.0,3.15,"January Man, The (1989)"
3383,4611,1,4.0,3.33,Johnny Handsome (1989)
3384,4612,1,4.5,3.37,Jesus of Montreal (Jésus de Montréal) (1989)
3385,4613,1,2.0,3.15,K-9 (1989)
3386,4614,1,2.5,3.2,Kickboxer (1989)
3387,4615,1,4.0,3.33,Last Exit to Brooklyn (1989)
3388,4616,6,3.5,3.35,Lean on Me (1989)
3389,4617,2,3.5,3.3,Let It Ride (1989)
3390,4619,2,2.25,3.1,Little Monsters (1989)
3391,4621,18,2.388888888888889,2.71,Look Who's Talking (1989)
3392,4622,2,2.5,3.14,Loverboy (1989)
3393,4623,20,3.575,3.47,Major League (1989)
3394,4624,3,3.0,3.2,Meet the Feebles (1989)
3395,4625,3,2.0,2.98,Millennium (1989)
3396,4626,2,3.5,3.3,Miracle Mile (1989)
3397,4628,4,3.125,3.22,New York Stories (1989)
3398,4629,2,1.75,3.02,Next of Kin (1989)
3399,4630,1,1.0,3.06,No Holds Barred (1989)
3400,4632,2,3.0,3.22,"Package, The (1989)"
3401,4634,2,4.0,3.38,Penn & Teller Get Killed (1989)
3402,4635,1,1.0,3.06,Pink Cadillac (1989)
3403,4636,3,2.3333333333333335,3.05,"Punisher, The (1989)"
3404,4638,36,2.8472222222222223,2.94,Jurassic Park III (2001)
3405,4639,18,2.5833333333333335,2.83,America's Sweethearts (2001)
3406,4640,4,3.75,3.4,Brother (2000)
3407,4641,34,3.5,3.44,Ghost World (2001)
3408,4642,11,4.181818181818182,3.74,Hedwig and the Angry Inch (2000)
3409,4643,49,2.7448979591836733,2.84,Planet of the Apes (2001)
3410,4644,3,3.6666666666666665,3.35,Bread and Tulips (Pane e tulipani) (2000)
3411,4645,1,4.5,3.37,Cure (1997)
3412,4646,1,1.5,3.11,Greenfingers (2000)
3413,4649,7,3.642857142857143,3.42,Wet Hot American Summer (2001)
3414,4653,1,3.0,3.24,"Return of the Musketeers, The (1989)"
3415,4654,7,2.7857142857142856,3.07,Road House (1989)
3416,4658,1,3.5,3.28,Santa Sangre (1989)
3417,4660,1,4.0,3.33,Scenes from the Class Struggle in Beverly Hills (1989)
3418,4661,2,3.0,3.22,Sea of Love (1989)
3419,4662,3,3.1666666666666665,3.24,"See No Evil, Hear No Evil (1989)"
3420,4663,3,2.8333333333333335,3.17,She's Out of Control (1989)
3421,4666,1,3.0,3.24,Skin Deep (1989)
3422,4670,1,2.5,3.2,"Stepfather, The (1987)"
3423,4671,1,3.5,3.28,Sweetie (1989)
3424,4672,2,2.75,3.18,"Tall Guy, The (1989)"
3425,4673,3,1.6666666666666667,2.9,Tango & Cash (1989)
3426,4675,1,1.0,3.06,Three Fugitives (1989)
3427,4676,6,1.9166666666666667,2.77,Troop Beverly Hills (1989)
3428,4677,13,3.0384615384615383,3.14,Turner & Hooch (1989)
3429,4678,9,3.4444444444444446,3.35,UHF (1989)
3430,4679,13,2.8846153846153846,3.05,Uncle Buck (1989)
3431,4681,7,3.642857142857143,3.42,"War of the Roses, The (1989)"
3432,4683,2,3.25,3.26,"Wizard, The (1989)"
3433,4686,4,1.625,2.81,Weekend at Bernie's II (1993)
3434,4687,1,3.5,3.28,Billy Liar (1963)
3435,4688,3,3.3333333333333335,3.28,Black Robe (1991)
3436,4689,1,3.5,3.28,"Cat o' Nine Tails, The (Gatto a nove code, Il) (1971)"
3437,4690,2,3.25,3.26,"Cotton Club, The (1984)"
3438,4695,1,4.0,3.33,Who'll Stop the Rain (1978)
3439,4697,4,2.625,3.09,Basket Case (1982)
3440,4699,2,2.75,3.18,Original Sin (2001)
3441,4700,27,3.037037037037037,3.1,"Princess Diaries, The (2001)"
3442,4701,31,3.370967741935484,3.34,Rush Hour 2 (2001)
3443,4703,4,3.375,3.29,Chocolat (1988)
3444,4704,1,3.0,3.24,Hatari! (1962)
3445,4705,1,3.0,3.24,"Cage aux Folles, La (1978)"
3446,4708,2,4.5,3.46,Marat/Sade (1966)
3447,4709,3,2.8333333333333335,3.17,Paint Your Wagon (1969)
3448,4710,1,3.5,3.28,"Shootist, The (1976)"
3449,4711,2,4.0,3.38,Theremin: An Electronic Odyssey (1993)
3450,4713,7,3.5714285714285716,3.39,Altered States (1980)
3451,4714,2,2.0,3.06,Any Which Way You Can (1980)
3452,4715,1,3.0,3.24,"Awakening, The (1980)"
3453,4717,1,4.0,3.33,"Battle Creek Brawl (Big Brawl, The) (1980)"
3454,4718,45,3.066666666666667,3.1,American Pie 2 (2001)
3455,4719,8,2.625,2.98,Osmosis Jones (2001)
3456,4720,55,3.6272727272727274,3.57,"Others, The (2001)"
3457,4721,4,2.125,2.95,American Outlaws (2001)
3458,4722,1,3.0,3.24,All Over the Guy (2001)
3459,4723,3,1.8333333333333333,2.94,"Deep End, The (2001)"
3460,4725,4,3.625,3.36,Session 9 (2001)
3461,4727,4,3.125,3.22,Captain Corelli's Mandolin (2001)
3462,4728,18,3.0555555555555554,3.13,Rat Race (2001)
3463,4732,9,1.8888888888888888,2.62,Bubble Boy (2001)
3464,4733,3,2.5,3.09,"Curse of the Jade Scorpion, The (2001)"
3465,4734,34,3.161764705882353,3.19,Jay and Silent Bob Strike Back (2001)
3466,4735,5,2.6,3.05,Ghosts of Mars (2001)
3467,4736,3,2.6666666666666665,3.13,Summer Catch (2001)
3468,4738,4,4.0,3.47,Happy Accidents (2000)
3469,4740,1,3.5,3.28,Maybe Baby (2000)
3470,4741,7,3.7142857142857144,3.44,Together (Tillsammans) (2000)
3471,4743,2,3.25,3.26,Tortilla Soup (2001)
3472,4744,7,2.5,2.96,Jeepers Creepers (2001)
3473,4745,4,3.625,3.36,O (2001)
3474,4748,6,2.0833333333333335,2.83,3 Ninjas (1992)
3475,4749,2,1.25,2.94,3 Ninjas Kick Back (1994)
3476,4750,1,0.5,3.02,3 Ninjas Knuckle Up (1995)
3477,4754,6,3.9166666666666665,3.5,"Wicker Man, The (1973)"
3478,4756,2,1.5,2.98,"Musketeer, The (2001)"
3479,4757,3,2.5,3.09,Rock Star (2001)
3480,4759,1,4.0,3.33,Two Can Play That Game (2001)
3481,4765,3,4.333333333333333,3.5,L.I.E. (2001)
3482,4766,1,4.0,3.33,"Our Lady of the Assassins (Virgen de los sicarios, La) (2000)"
3483,4769,1,3.0,3.24,Into the Arms of Strangers: Stories of the Kindertransport (2000)
3484,4770,2,2.75,3.18,"Glass House, The (2001)"
3485,4771,3,2.6666666666666665,3.13,Hardball (2001)
3486,4772,1,3.5,3.28,Dinner Rush (2000)
3487,4773,4,3.0,3.19,Haiku Tunnel (2001)
3488,4774,6,2.1666666666666665,2.86,Big Trouble (2002)
3489,4775,1,0.5,3.02,Glitter (2001)
3490,4776,51,3.7941176470588234,3.7,Training Day (2001)
3491,4777,1,2.5,3.2,"American Astronaut, The (2001)"
3492,4780,2,2.0,3.06,Liam (2000)
3493,4782,2,2.5,3.14,Sidewalks of New York (2001)
3494,4783,1,3.5,3.28,"Endurance: Shackleton's Legendary Antarctic Expedition, The (2000)"
3495,4784,2,3.0,3.22,"French Lieutenant's Woman, The (1981)"
3496,4785,1,4.0,3.33,"Great Silence, The (Grande silenzio, Il) (1969)"
3497,4786,1,1.0,3.06,"Legend of Hell House, The (1973)"
3498,4787,10,3.35,3.31,Little Man Tate (1991)
3499,4788,1,5.0,3.42,Moscow Does Not Believe in Tears (Moskva slezam ne verit) (1979)
3500,4789,3,4.333333333333333,3.5,Phantom of the Paradise (1974)
3501,4792,4,3.125,3.22,13 Ghosts (1960)
3502,4794,3,3.0,3.2,Opera (1987)
3503,4795,3,3.6666666666666665,3.35,Father Goose (1964)
3504,4796,2,3.25,3.26,"Grass Is Greener, The (1960)"
3505,4798,1,3.5,3.28,Indiscreet (1958)
3506,4799,10,3.25,3.26,"It's a Mad, Mad, Mad, Mad World (1963)"
3507,4800,1,2.5,3.2,King Solomon's Mines (1937)
3508,4801,2,4.0,3.38,"Little Foxes, The (1941)"
3509,4802,4,3.0,3.19,Operation Petticoat (1959)
3510,4803,4,3.625,3.36,Play Misty for Me (1971)
3511,4804,1,3.5,3.28,Pocketful of Miracles (1961)
3512,4808,4,2.375,3.02,"Vanishing, The (1993)"
3513,4809,3,4.166666666666667,3.47,Silkwood (1983)
3514,4810,1,2.0,3.15,I Never Promised You a Rose Garden (1977)
3515,4811,2,3.0,3.22,Quadrophenia (1979)
3516,4812,6,2.1666666666666665,2.86,SpaceCamp (1986)
3517,4813,1,5.0,3.42,When Worlds Collide (1951)
3518,4814,5,2.5,3.01,Don't Say a Word (2001)
3519,4815,6,2.9166666666666665,3.14,Hearts in Atlantis (2001)
3520,4816,54,3.509259259259259,3.47,Zoolander (2001)
3521,4818,1,2.0,3.15,Extreme Days (2001)
3522,4821,5,3.1,3.21,Joy Ride (2001)
3523,4822,3,2.5,3.09,Max Keeble's Big Move (2001)
3524,4823,25,3.14,3.18,Serendipity (2001)
3525,4825,1,3.0,3.24,"Swamp, The (Ciénaga, La) (2001)"
3526,4826,2,4.25,3.42,"Big Red One, The (1980)"
3527,4827,1,3.0,3.24,"Boogeyman, The (1980)"
3528,4828,1,3.5,3.28,"Party, The (Boum, La) (1980)"
3529,4830,1,4.0,3.33,Brubaker (1980)
3530,4831,1,3.0,3.24,Can't Stop the Music (1980)
3531,4833,3,3.3333333333333335,3.28,"Changeling, The (1980)"
3532,4835,3,3.5,3.32,Coal Miner's Daughter (1980)
3533,4836,2,3.75,3.34,"Competition, The (1980)"
3534,4840,1,4.0,3.33,"Last Metro, The (Dernier métro, Le) (1980)"
3535,4844,6,2.6666666666666665,3.04,Bandits (2001)
3536,4845,3,1.3333333333333333,2.83,Corky Romano (2001)
3537,4846,5,3.5,3.34,Iron Monkey (Siu nin Wong Fei-hung ji: Tit Ma Lau) (1993)
3538,4847,2,3.0,3.22,Fat Girl (À ma soeur!) (2001)
3539,4848,51,3.843137254901961,3.75,Mulholland Drive (2001)
3540,4849,3,3.3333333333333335,3.28,My First Mister (2001)
3541,4850,4,3.375,3.29,Spriggan (Supurigan) (1998)
3542,4852,3,1.6666666666666667,2.9,Bones (2001)
3543,4855,20,3.775,3.6,Dirty Harry (1971)
3544,4857,8,3.8125,3.5,Fiddler on the Roof (1971)
3545,4860,1,2.0,3.15,Making the Grade (1984)
3546,4862,3,1.6666666666666667,2.9,Not Without My Daughter (1991)
3547,4863,2,3.25,3.26,Female Trouble (1975)
3548,4864,1,2.5,3.2,Titanica (1992)
3549,4865,20,3.65,3.52,From Hell (2001)
3550,4866,8,2.8125,3.07,"Last Castle, The (2001)"
3551,4867,5,3.1,3.21,Riding in Cars with Boys (2001)
3552,4871,1,3.5,3.28,Focus (2001)
3553,4873,19,3.6842105263157894,3.54,Waking Life (2001)
3554,4874,33,3.484848484848485,3.43,K-PAX (2001)
3555,4876,12,2.4583333333333335,2.83,Thirteen Ghosts (a.k.a. Thir13en Ghosts) (2001)
3556,4877,1,3.5,3.28,Better Than Sex (2000)
3557,4878,109,3.981651376146789,3.92,Donnie Darko (2001)
3558,4879,1,3.0,3.24,High Heels and Low Lifes (2001)
3559,4880,9,3.888888888888889,3.55,Life as a House (2001)
3560,4881,17,3.735294117647059,3.56,"Man Who Wasn't There, The (2001)"
3561,4883,1,4.0,3.33,"Town is Quiet, The (Ville est tranquille, La) (2000)"
3562,4885,1,2.0,3.15,Domestic Disturbance (2001)
3563,4886,132,3.871212121212121,3.83,"Monsters, Inc. (2001)"
3564,4887,14,2.75,2.97,"One, The (2001)"
3565,4888,4,3.875,3.43,Tape (2001)
3566,4889,7,3.4285714285714284,3.33,Heist (2001)
3567,4890,31,3.032258064516129,3.09,Shallow Hal (2001)
3568,4893,2,2.5,3.14,When a Stranger Calls (1979)
3569,4896,107,3.7616822429906542,3.72,Harry Potter and the Sorcerer's Stone (a.k.a. Harry Potter and the Philosopher's Stone) (2001)
3570,4898,4,2.625,3.09,Novocaine (2001)
3571,4899,8,2.1875,2.79,Black Knight (2001)
3572,4900,5,3.0,3.18,Out Cold (2001)
3573,4901,27,3.4814814814814814,3.42,Spy Game (2001)
3574,4902,10,3.35,3.31,"Devil's Backbone, The (Espinazo del diablo, El) (2001)"
3575,4903,10,3.0,3.13,In the Bedroom (2001)
3576,4909,2,2.0,3.06,"Incredible Shrinking Woman, The (1981)"
3577,4911,2,3.5,3.3,Jabberwocky (1977)
3578,4912,4,3.75,3.4,Funny Girl (1968)
3579,4914,8,3.9375,3.56,Breathless (À bout de souffle) (1960)
3580,4915,5,2.8,3.11,"Beastmaster, The (1982)"
3581,4916,3,3.3333333333333335,3.28,Midway (1976)
3582,4917,1,4.0,3.33,MacArthur (1977)
3583,4919,2,3.5,3.3,Subway (1985)
3584,4920,3,3.6666666666666665,3.35,"Now, Voyager (1942)"
3585,4921,5,4.0,3.5,Little Women (1933)
3586,4925,1,3.0,3.24,"Cheap Detective, The (1978)"
3587,4926,1,2.0,3.15,Everybody's Famous! (Iedereen beroemd!) (2000)
3588,4927,1,3.0,3.24,"Last Wave, The (1977)"
3589,4928,4,3.125,3.22,That Obscure Object of Desire (Cet obscur objet du désir) (1977)
3590,4929,4,2.375,3.02,"Toy, The (1982)"
3591,4932,1,1.0,3.06,Dressed to Kill (1980)
3592,4936,9,3.3333333333333335,3.3,Fame (1980)
3593,4939,1,3.0,3.24,"Final Countdown, The (1980)"
3594,4941,8,3.1875,3.23,Flash Gordon (1980)
3595,4942,1,4.5,3.37,"Angry Red Planet, The (1959)"
3596,4945,1,4.0,3.33,"Enforcer, The (1976)"
3597,4946,1,4.0,3.33,"Eye for an Eye, An (1981)"
3598,4947,2,3.5,3.3,"Gauntlet, The (1977)"
3599,4951,7,3.4285714285714284,3.33,Lord of the Flies (1990)
3600,4952,1,2.0,3.15,Morons From Outer Space (1985)
3601,4953,1,2.5,3.2,"People That Time Forgot, The (1977)"
3602,4954,11,3.6363636363636362,3.45,Ocean's Eleven (a.k.a. Ocean's 11) (1960)
3603,4956,3,4.5,3.54,"Stunt Man, The (1980)"
3604,4957,2,3.5,3.3,Sudden Impact (1983)
3605,4958,20,3.25,3.25,Behind Enemy Lines (2001)
3606,4959,2,3.25,3.26,"Affair of the Necklace, The (2001)"
3607,4961,1,2.5,3.2,Pornstar: The Legend of Ron Jeremy (2001)
3608,4962,1,2.0,3.15,Texas Rangers (2001)
3609,4963,119,3.8445378151260505,3.8,Ocean's Eleven (2001)
3610,4964,1,3.5,3.28,Baran (2001)
3611,4965,2,3.5,3.3,"Business of Strangers, The (2001)"
3612,4966,1,3.0,3.24,"Incredible Shrinking Man, The (1957)"
3613,4967,13,4.1923076923076925,3.78,No Man's Land (2001)
3614,4969,4,3.625,3.36,And Then There Were None (1945)
3615,4970,1,4.0,3.33,"Blue Angel, The (Blaue Engel, Der) (1930)"
3616,4971,5,3.1,3.21,Moscow on the Hudson (1984)
3617,4973,120,4.183333333333334,4.11,"Amelie (Fabuleux destin d'Amélie Poulain, Le) (2001)"
3618,4974,14,2.5714285714285716,2.87,Not Another Teen Movie (2001)
3619,4975,44,3.4204545454545454,3.39,Vanilla Sky (2001)
3620,4976,4,3.875,3.43,Iris (2001)
3621,4977,2,3.5,3.3,Kandahar (Safar e Ghandehar) (2001)
3622,4978,6,3.8333333333333335,3.47,Lantana (2001)
3623,4979,68,3.6838235294117645,3.63,"Royal Tenenbaums, The (2001)"
3624,4980,20,3.075,3.14,Bill & Ted's Bogus Journey (1991)
3625,4981,1,4.0,3.33,Clockwise (1986)
3626,4985,2,1.5,2.98,Sheena (1984)
3627,4987,2,2.0,3.06,Spacehunter: Adventures in the Forbidden Zone (1983)
3628,4988,1,2.0,3.15,White Water Summer (1987)
3629,4989,9,2.9444444444444446,3.11,How High (2001)
3630,4990,5,3.2,3.24,Jimmy Neutron: Boy Genius (2001)
3631,4991,3,3.3333333333333335,3.28,Joe Somebody (2001)
3632,4992,17,3.2058823529411766,3.23,Kate & Leopold (2001)
3633,4993,198,4.106060606060606,4.06,"Lord of the Rings: The Fellowship of the Ring, The (2001)"
3634,4994,10,3.5,3.38,"Majestic, The (2001)"
3635,4995,123,4.0,3.94,"Beautiful Mind, A (2001)"
3636,4998,1,3.5,3.28,"Defiant Ones, The (1958)"
3637,5004,7,3.5,3.36,"Party, The (1968)"
3638,5007,1,2.5,3.2,Topkapi (1964)
3639,5008,9,4.388888888888889,3.79,Witness for the Prosecution (1957)
3640,5009,8,3.0,3.15,Ali (2001)
3641,5010,50,3.81,3.72,Black Hawk Down (2001)
3642,5011,2,3.75,3.34,Charlotte Gray (2001)
3643,5012,1,4.0,3.33,Yentl (1983)
3644,5013,27,3.7037037037037037,3.58,Gosford Park (2001)
3645,5014,17,3.764705882352941,3.57,I Am Sam (2001)
3646,5015,18,3.3055555555555554,3.29,Monster's Ball (2001)
3647,5016,6,3.0,3.17,"Shipping News, The (2001)"
3648,5021,3,2.8333333333333335,3.17,Murder by Death (1976)
3649,5023,2,4.0,3.38,"Waterdance, The (1992)"
3650,5025,15,2.6333333333333333,2.89,Orange County (2002)
3651,5026,14,3.8214285714285716,3.58,"Brotherhood of the Wolf (Pacte des loups, Le) (2001)"
3652,5027,5,3.0,3.18,Another 48 Hrs. (1990)
3653,5028,1,2.0,3.15,What Time Is It There? (Ni neibian jidian) (2001)
3654,5033,2,2.5,3.14,"Russia House, The (1990)"
3655,5034,3,3.6666666666666665,3.35,"Truly, Madly, Deeply (1991)"
3656,5039,6,4.083333333333333,3.56,Dragonslayer (1981)
3657,5040,8,3.125,3.2,Conan the Destroyer (1984)
3658,5041,1,1.5,3.11,Fire and Ice (1983)
3659,5046,3,3.0,3.2,Impostor (2002)
3660,5047,9,3.2222222222222223,3.24,Kung Pow: Enter the Fist (2002)
3661,5048,6,2.3333333333333335,2.92,Snow Dogs (2002)
3662,5049,11,3.590909090909091,3.43,48 Hrs. (1982)
3663,5051,2,3.0,3.22,Italian for Beginners (Italiensk for begyndere) (2000)
3664,5053,1,1.5,3.11,Blankman (1994)
3665,5054,1,3.5,3.28,Brainstorm (1983)
3666,5055,8,2.8125,3.07,Dragon: The Bruce Lee Story (1993)
3667,5059,1,5.0,3.42,Little Dieter Needs to Fly (1997)
3668,5060,46,3.9347826086956523,3.81,M*A*S*H (a.k.a. MASH) (1970)
3669,5062,2,3.5,3.3,Seconds (1966)
3670,5063,1,3.0,3.24,One-Eyed Jacks (1961)
3671,5064,32,3.828125,3.69,The Count of Monte Cristo (2002)
3672,5065,13,3.076923076923077,3.16,"Mothman Prophecies, The (2002)"
3673,5066,14,3.5,3.4,"Walk to Remember, A (2002)"
3674,5068,1,4.0,3.33,Beijing Bicycle (Shiqi sui de dan che) (2001)
3675,5069,2,3.25,3.26,Escaflowne: The Movie (Escaflowne) (2000)
3676,5071,1,4.0,3.33,Maelström (2000)
3677,5072,13,3.9615384615384617,3.65,Metropolis (2001)
3678,5073,3,3.8333333333333335,3.39,"Son's Room, The (Stanza del figlio, La) (2001)"
3679,5074,3,3.1666666666666665,3.24,Storytelling (2001)
3680,5075,3,3.6666666666666665,3.35,Waydowntown (2000)
3681,5076,3,2.5,3.09,"Adventures of Huck Finn, The (1993)"
3682,5077,1,3.0,3.24,Cousins (1989)
3683,5080,5,2.6,3.05,Slackers (2002)
3684,5081,5,2.8,3.11,Birthday Girl (2001)
3685,5083,2,3.5,3.3,Rare Birds (2001)
3686,5088,1,5.0,3.42,"Going Places (Valseuses, Les) (1974)"
3687,5092,5,3.0,3.18,Big Fat Liar (2002)
3688,5093,9,2.7777777777777777,3.04,Collateral Damage (2002)
3689,5094,7,1.7857142857142858,2.67,Rollerball (2002)
3690,5095,1,4.5,3.37,"Scotland, Pa. (2001)"
3691,5096,2,1.25,2.94,Baby's Day Out (1994)
3692,5099,4,2.5,3.05,Heidi (1937)
3693,5102,4,2.5,3.05,Rookie of the Year (1993)
3694,5103,24,3.4375,3.38,"Sandlot, The (1993)"
3695,5105,1,0.5,3.02,Don't Look Now (1973)
3696,5106,7,2.0714285714285716,2.78,Crossroads (2002)
3697,5107,5,3.1,3.21,Hart's War (2002)
3698,5108,11,2.909090909090909,3.08,John Q (2002)
3699,5109,1,4.0,3.33,Return to Never Land (2002)
3700,5110,24,3.6041666666666665,3.5,Super Troopers (2001)
3701,5111,1,1.5,3.11,"Good Son, The (1993)"
3702,5112,1,3.0,3.24,Last Orders (2001)
3703,5113,2,2.75,3.18,After the Fox (Caccia alla volpe) (1966)
3704,5114,1,4.0,3.33,"Bad and the Beautiful, The (1952)"
3705,5116,1,3.5,3.28,Designing Woman (1957)
3706,5120,3,4.166666666666667,3.47,Sleuth (1972)
3707,5121,1,4.0,3.33,Stroszek (1977)
3708,5127,3,3.5,3.32,Dragonfly (2002)
3709,5128,11,2.3636363636363638,2.8,Queen of the Damned (2002)
3710,5131,2,3.25,3.26,How to Kill Your Neighbor's Dog (2000)
3711,5134,2,3.0,3.22,Mean Machine (2001)
3712,5135,12,3.8333333333333335,3.57,Monsoon Wedding (2001)
3713,5136,2,2.5,3.14,Wendigo (2001)
3714,5137,3,3.8333333333333335,3.39,Scratch (2001)
3715,5139,9,3.2777777777777777,3.27,"Bad News Bears, The (1976)"
3716,5146,9,3.111111111111111,3.19,Vampire Hunter D: Bloodlust (Banpaia hantâ D) (2000)
3717,5147,4,3.75,3.4,Wild Strawberries (Smultronstället) (1957)
3718,5151,18,3.0,3.1,40 Days and 40 Nights (2002)
3719,5152,18,3.3333333333333335,3.31,We Were Soldiers (2002)
3720,5155,1,4.5,3.37,"Big Bird Cage, The (1972)"
3721,5156,1,2.5,3.2,"Big Doll House, The (1971)"
3722,5159,7,3.142857142857143,3.21,Ferngully: The Last Rainforest (1992)
3723,5165,2,4.0,3.38,Zombie (a.k.a. Zombie 2: The Dead Are Among Us) (Zombi 2) (1979)
3724,5168,1,3.0,3.24,Royal Wedding (1951)
3725,5170,2,2.5,3.14,All About the Benjamins (2002)
3726,5171,22,2.8636363636363638,2.99,"Time Machine, The (2002)"
3727,5177,2,3.5,3.3,"Magnificent Ambersons, The (1942)"
3728,5178,1,4.0,3.33,Fun (1994)
3729,5181,2,4.5,3.46,Hangar 18 (1980)
3730,5187,3,4.0,3.43,Hopscotch (1980)
3731,5189,1,1.5,3.11,Humanoids from the Deep (1980)
3732,5197,1,2.0,3.15,Little Darlings (1980)
3733,5198,1,3.5,3.28,"Long Good Friday, The (1980)"
3734,5202,2,3.25,3.26,Mon oncle d'Amérique (1980)
3735,5205,2,2.75,3.18,Motel Hell (1980)
3736,5209,1,2.0,3.15,Ffolkes (1979)
3737,5212,1,3.0,3.24,"Octagon, The (1980)"
3738,5213,1,1.5,3.11,"Oh, God! Book II (1980)"
3739,5214,4,2.5,3.05,"Oh, God! (1977)"
3740,5218,85,3.6882352941176473,3.64,Ice Age (2002)
3741,5219,30,3.0833333333333335,3.13,Resident Evil (2002)
3742,5220,10,2.4,2.84,Showtime (2002)
3743,5221,1,3.0,3.24,Harrison's Flowers (2000)
3744,5222,4,3.375,3.29,Kissing Jessica Stein (2001)
3745,5224,2,4.25,3.42,Promises (2001)
3746,5225,21,3.9523809523809526,3.72,And Your Mother Too (Y tu mamá también) (2001)
3747,5226,2,2.25,3.1,All the Right Moves (1983)
3748,5231,1,3.5,3.28,Road to Morocco (1942)
3749,5237,1,4.0,3.33,Taps (1981)
3750,5238,2,3.5,3.3,Return of the Secaucus 7 (1980)
3751,5239,1,4.0,3.33,Rude Boy (1980)
3752,5240,1,4.0,3.33,Running Scared (1980)
3753,5241,1,5.0,3.42,Seems Like Old Times (1980)
3754,5244,1,5.0,3.42,Shogun Assassin (1980)
3755,5246,4,2.125,2.95,Smokey and the Bandit II (1980)
3756,5247,9,2.7222222222222223,3.01,Smokey and the Bandit (1977)
3757,5248,4,1.375,2.74,Smokey and the Bandit III (1983)
3758,5250,3,4.0,3.43,Stir Crazy (1980)
3759,5254,34,3.2058823529411766,3.22,Blade II (2002)
3760,5255,4,2.375,3.02,Sorority Boys (2002)
3761,5256,2,2.75,3.18,Stolen Summer (2002)
3762,5258,2,2.0,3.06,George Washington (2000)
3763,5264,4,2.25,2.98,Clockstoppers (2002)
3764,5265,11,3.3181818181818183,3.29,Death to Smoochy (2002)
3765,5266,37,3.0,3.06,Panic Room (2002)
3766,5267,12,3.2916666666666665,3.28,"Rookie, The (2002)"
3767,5268,1,2.5,3.2,No Such Thing (2001)
3768,5269,1,4.0,3.33,"Piano Teacher, The (La pianiste) (2001)"
3769,5272,1,3.0,3.24,Time Out (L'emploi du temps) (2001)
3770,5275,1,1.5,3.11,Boxcar Bertha (1972)
3771,5278,1,1.0,3.06,Fraternity Vacation (1985)
3772,5279,2,4.25,3.42,Impromptu (1991)
3773,5282,2,3.25,3.26,High Crimes (2002)
3774,5283,22,2.909090909090909,3.02,National Lampoon's Van Wilder (2002)
3775,5284,1,2.5,3.2,Crush (2001)
3776,5285,1,4.0,3.33,Lucky Break (2001)
3777,5288,2,4.5,3.46,"Atomic Cafe, The (1982)"
3778,5291,18,3.9444444444444446,3.7,Rashomon (Rashômon) (1950)
3779,5292,7,3.857142857142857,3.5,Slap Shot (1977)
3780,5293,9,3.3333333333333335,3.3,Changing Lanes (2002)
3781,5294,11,3.8636363636363638,3.57,Frailty (2001)
3782,5296,10,2.9,3.08,"Sweetest Thing, The (2002)"
3783,5297,2,2.5,3.14,"Cat's Meow, The (2002)"
3784,5298,5,3.5,3.34,Human Nature (2001)
3785,5299,60,3.2666666666666666,3.27,My Big Fat Greek Wedding (2002)
3786,5300,1,4.0,3.33,3:10 to Yuma (1957)
3787,5303,7,3.4285714285714284,3.33,Joe Versus the Volcano (1990)
3788,5304,2,4.0,3.38,"Rome, Open City (a.k.a. Open City) (Roma, città aperta) (1945)"
3789,5307,1,3.0,3.24,Taking Care of Business (1990)
3790,5308,19,2.8157894736842106,2.97,Three Men and a Baby (1987)
3791,5309,8,2.5625,2.96,Three Men and a Little Lady (1990)
3792,5311,1,3.0,3.24,"Watcher in the Woods, The (1980)"
3793,5312,7,2.857142857142857,3.1,Murder by Numbers (2002)
3794,5313,22,2.2954545454545454,2.61,The Scorpion King (2002)
3795,5316,7,3.142857142857143,3.21,Enigma (2001)
3796,5319,6,3.5,3.35,Nine Queens (Nueve reinas) (2000)
3797,5321,1,2.0,3.15,"Triumph of Love, The (2001)"
3798,5322,1,4.0,3.33,World Traveler (2001)
3799,5323,8,1.1875,2.36,Jason X (2002)
3800,5324,2,2.75,3.18,Life or Something Like It (2002)
3801,5325,7,3.7857142857142856,3.47,Dogtown and Z-Boyz (2001)
3802,5328,1,5.0,3.42,Rain (2001)
3803,5329,10,3.35,3.31,"Salton Sea, The (2002)"
3804,5333,3,3.3333333333333335,3.28,Bob le Flambeur (1955)
3805,5334,2,1.5,2.98,Cadillac Man (1990)
3806,5337,3,2.8333333333333335,3.17,Delirious (1991)
3807,5338,1,2.0,3.15,Full Moon in Blue Water (1988)
3808,5339,6,3.9166666666666665,3.5,Husbands and Wives (1992)
3809,5341,2,3.75,3.34,Lenny (1974)
3810,5345,1,3.0,3.24,Triumph of the Spirit (1989)
3811,5346,2,1.75,3.02,Wild Orchid (1990)
3812,5347,2,2.5,3.14,Deuces Wild (2002)
3813,5348,1,4.0,3.33,Hollywood Ending (2002)
3814,5349,122,3.540983606557377,3.52,Spider-Man (2002)
3815,5353,1,3.0,3.24,Butterflies Are Free (1972)
3816,5356,1,0.5,3.02,"Giant Spider Invasion, The (1975)"
3817,5357,2,3.5,3.3,Iron Will (1994)
3818,5358,1,3.0,3.24,Mountains of the Moon (1990)
3819,5361,2,1.75,3.02,White Fang (1991)
3820,5363,9,2.5,2.91,"New Guy, The (2002)"
3821,5364,7,3.5,3.36,Unfaithful (2002)
3822,5365,1,4.0,3.33,"Lady and the Duke, The (Anglaise et le duc, L') (2001)"
3823,5372,1,3.5,3.28,Calamity Jane (1953)
3824,5373,1,4.0,3.33,"Cranes Are Flying, The (Letyat zhuravli) (1957)"
3825,5375,1,3.0,3.24,"Harvey Girls, The (1946)"
3826,5377,44,3.715909090909091,3.63,About a Boy (2002)
3827,5378,92,3.157608695652174,3.17,Star Wars: Episode II - Attack of the Clones (2002)
3828,5379,6,4.25,3.62,"Believer, The (2001)"
3829,5380,10,3.85,3.55,"Importance of Being Earnest, The (2002)"
3830,5382,3,3.0,3.2,Every Which Way But Loose (1978)
3831,5384,1,3.0,3.24,I Want to Live! (1958)
3832,5385,1,4.5,3.37,"Last Waltz, The (1978)"
3833,5387,3,4.0,3.43,Enough (2002)
3834,5388,33,3.303030303030303,3.29,Insomnia (2002)
3835,5389,2,3.5,3.3,Spirit: Stallion of the Cimarron (2002)
3836,5390,1,3.0,3.24,CQ (2001)
3837,5391,3,4.0,3.43,Thirteen Conversations About One Thing (a.k.a. 13 Conversations) (2001)
3838,5397,2,2.5,3.14,Monkey Business (1952)
3839,5398,2,4.0,3.38,Requiem for a Heavyweight (1962)
3840,5400,17,2.9705882352941178,3.08,"Sum of All Fears, The (2002)"
3841,5401,9,1.8333333333333333,2.6,Undercover Brother (2002)
3842,5404,3,4.5,3.54,84 Charing Cross Road (1987)
3843,5409,2,3.75,3.34,Rapid Fire (1992)
3844,5410,4,2.375,3.02,Silent Running (1972)
3845,5414,4,2.875,3.15,Bad Company (2002)
3846,5415,4,3.125,3.22,Divine Secrets of the Ya-Ya Sisterhood (2002)
3847,5416,1,5.0,3.42,Cherish (2002)
3848,5417,3,3.8333333333333335,3.39,"Fast Runner, The (Atanarjuat) (2001)"
3849,5418,112,3.8169642857142856,3.77,"Bourne Identity, The (2002)"
3850,5419,17,2.8529411764705883,3.01,Scooby-Doo (2002)
3851,5420,8,2.875,3.09,Windtalkers (2002)
3852,5421,6,3.5,3.35,"Dangerous Lives of Altar Boys, The (2002)"
3853,5422,1,4.0,3.33,"Emperor's New Clothes, The (2001)"
3854,5423,3,3.0,3.2,Gangster No. 1 (2000)
3855,5424,1,3.0,3.24,Harvard Man (2001)
3856,5425,2,4.25,3.42,Dark Blue World (Tmavomodrý svet) (2001)
3857,5427,3,2.5,3.09,Caveman (1981)
3858,5428,4,1.125,2.67,Cheech & Chong's The Corsican Brothers (1984)
3859,5433,3,2.6666666666666665,3.13,Silver Bullet (Stephen King's Silver Bullet) (1985)
3860,5434,5,3.8,3.44,"Sorry, Wrong Number (1948)"
3861,5435,1,3.0,3.24,Hombre (1967)
3862,5437,3,3.0,3.2,"Manhattan Project, The (1986)"
3863,5438,4,2.75,3.12,Men at Work (1990)
3864,5440,1,3.0,3.24,She Wore a Yellow Ribbon (1949)
3865,5442,1,2.0,3.15,V. I. Warshawski (1991)
3866,5443,2,1.5,2.98,Juwanna Mann (2002)
3867,5444,29,3.810344827586207,3.67,Lilo & Stitch (2002)
3868,5445,120,3.6375,3.61,Minority Report (2002)
3869,5446,7,3.642857142857143,3.42,Rabbit-Proof Fence (2002)
3870,5447,2,3.5,3.3,Sunshine State (2002)
3871,5448,1,2.0,3.15,Hey Arnold! The Movie (2002)
3872,5449,22,2.909090909090909,3.02,Mr. Deeds (2002)
3873,5450,5,3.2,3.24,Lovely & Amazing (2001)
3874,5451,5,3.0,3.18,Pumpkin (2002)
3875,5452,6,1.5833333333333333,2.65,Look Who's Talking Now (1993)
3876,5454,2,2.25,3.1,Mo' Money (1992)
3877,5455,1,1.5,3.11,"Object of Beauty, The (1991)"
3878,5456,1,2.0,3.15,Wagons East (1994)
3879,5458,1,2.5,3.2,Like Mike (2002)
3880,5459,61,2.959016393442623,3.0,Men in Black II (a.k.a. MIIB) (a.k.a. MIB 2) (2002)
3881,5460,3,3.6666666666666665,3.35,"Powerpuff Girls, The (2002)"
3882,5461,1,2.5,3.2,Me Without You (2001)
3883,5462,2,2.5,3.14,"Crocodile Hunter: Collision Course, The (2002)"
3884,5463,18,2.7222222222222223,2.92,Reign of Fire (2002)
3885,5464,49,3.520408163265306,3.48,Road to Perdition (2002)
3886,5465,1,3.0,3.24,All About Lily Chou-Chou (Riri Shushu no subete) (2001)
3887,5466,4,4.0,3.47,My Wife is an Actress (Ma Femme est une Actrice) (2001)
3888,5468,1,5.0,3.42,20 Million Miles to Earth (1957)
3889,5470,3,4.333333333333333,3.5,The Importance of Being Earnest (1952)
3890,5471,3,1.8333333333333333,2.94,Perfect (1985)
3891,5472,2,3.5,3.3,1776 (1972)
3892,5475,3,3.8333333333333335,3.39,Z (1969)
3893,5476,3,2.0,2.98,Halloween: Resurrection (Halloween 8) (2002)
3894,5477,4,3.875,3.43,Sex and Lucia (Lucía y el sexo) (2001)
3895,5478,8,2.75,3.04,Eight Legged Freaks (2002)
3896,5479,6,3.5,3.35,K-19: The Widowmaker (2002)
3897,5480,5,2.6,3.05,Stuart Little 2 (2002)
3898,5481,65,2.8461538461538463,2.9,Austin Powers in Goldmember (2002)
3899,5483,3,3.8333333333333335,3.39,"Kid Stays in the Picture, The (2002)"
3900,5485,3,3.3333333333333335,3.28,Tadpole (2002)
3901,5486,2,2.5,3.14,Who Is Cletis Tout? (2001)
3902,5489,1,4.0,3.33,Nosferatu the Vampyre (Nosferatu: Phantom der Nacht) (1979)
3903,5490,1,5.0,3.42,The Big Bus (1976)
3904,5493,1,4.0,3.33,In Like Flint (1967)
3905,5497,3,3.5,3.32,Our Man Flint (1965)
3906,5498,1,4.5,3.37,Red Beard (Akahige) (1965)
3907,5499,2,3.25,3.26,Robin and Marian (1976)
3908,5500,10,4.2,3.72,Top Secret! (1984)
3909,5501,7,1.8571428571428572,2.7,"Master of Disguise, The (2002)"
3910,5502,63,3.1666666666666665,3.18,Signs (2002)
3911,5503,1,4.0,3.33,"Last Kiss, The (Ultimo bacio, L') (2001)"
3912,5504,7,2.2142857142857144,2.84,Spy Kids 2: The Island of Lost Dreams (2002)
3913,5505,12,3.2083333333333335,3.23,"Good Girl, The (2002)"
3914,5506,3,3.3333333333333335,3.28,Blood Work (2002)
3915,5507,24,2.7708333333333335,2.92,xXx (2002)
3916,5508,7,3.5714285714285716,3.39,24 Hour Party People (2002)
3917,5512,2,3.25,3.26,Secret Ballot (Raye makhfi) (2001)
3918,5513,1,5.0,3.42,Martin Lawrence Live: Runteldat (2002)
3919,5515,1,3.5,3.28,Songs From the Second Floor (Sånger från andra våningen) (2000)
3920,5521,2,3.25,3.26,"Principal, The (1987)"
3921,5522,4,3.5,3.33,Rollerball (1975)
3922,5523,3,2.3333333333333335,3.05,"Adventures of Pluto Nash, The (2002)"
3923,5524,8,2.6875,3.01,Blue Crush (2002)
3924,5525,1,3.5,3.28,Mostly Martha (Bella Martha) (2001)
3925,5527,4,3.5,3.33,Possession (2002)
3926,5528,19,3.473684210526316,3.4,One Hour Photo (2002)
3927,5529,2,3.25,3.26,Serving Sara (2002)
3928,5530,7,2.142857142857143,2.81,Simone (S1m0ne) (2002)
3929,5531,2,2.75,3.18,Undisputed (2002)
3930,5532,1,4.0,3.33,Amy's O (a.k.a. Amy's Orgasm) (2001)
3931,5537,1,5.0,3.42,Satin Rouge (2002)
3932,5538,2,1.5,2.98,"Care Bears Movie, The (1985)"
3933,5539,2,1.5,2.98,Care Bears Movie II: A New Generation (1986)
3934,5540,9,3.611111111111111,3.42,Clash of the Titans (1981)
3935,5541,15,3.1333333333333333,3.19,Hot Shots! (1991)
3936,5543,2,2.25,3.1,"Swarm, The (1978)"
3937,5544,4,3.75,3.4,Time After Time (1979)
3938,5548,5,3.0,3.18,Down and Out in Beverly Hills (1986)
3939,5550,1,3.5,3.28,Love Me Tender (1956)
3940,5553,8,3.0,3.15,Stakeout (1987)
3941,5556,3,1.5,2.87,FearDotCom (a.k.a. Fear.com) (a.k.a. Fear Dot Com) (2002)
3942,5560,1,1.0,3.06,À nous la liberté (Freedom for Us) (1931)
3943,5562,1,2.5,3.2,Snipes (2001)
3944,5563,3,2.8333333333333335,3.17,City by the Sea (2002)
3945,5564,2,2.0,3.06,Swimfan (2002)
3946,5568,7,2.857142857142857,3.1,Johnny Dangerously (1984)
3947,5569,2,3.25,3.26,"Last House on the Left, The (1972)"
3948,5570,5,3.9,3.47,Thesis (Tesis) (1996)
3949,5572,7,2.7142857142857144,3.04,Barbershop (2002)
3950,5573,7,2.2857142857142856,2.87,Stealing Harvard (2002)
3951,5574,26,3.519230769230769,3.45,"Transporter, The (2002)"
3952,5575,1,2.0,3.15,Alias Betty (Betty Fisher et autres histoires) (2001)
3953,5577,12,3.6666666666666665,3.48,Igby Goes Down (2002)
3954,5580,1,3.5,3.28,Aspen Extreme (1993)
3955,5581,1,2.0,3.15,Betsy's Wedding (1990)
3956,5582,8,2.6875,3.01,Captain Ron (1992)
3957,5584,1,3.5,3.28,Ernest Goes to Jail (1990)
3958,5585,6,2.0833333333333335,2.83,Ernest Scared Stupid (1991)
3959,5588,2,3.5,3.3,"Hills Have Eyes, The (1977)"
3960,5589,3,3.0,3.2,Indian Summer (1993)
3961,5590,1,2.5,3.2,"Mack, The (1973)"
3962,5591,1,1.0,3.06,Monkey Trouble (1994)
3963,5596,1,1.5,3.11,Spaced Invaders (1990)
3964,5597,2,1.75,3.02,Suburban Commando (1991)
3965,5601,1,4.0,3.33,"Yearling, The (1946)"
3966,5602,1,3.5,3.28,"Ladykillers, The (1955)"
3967,5603,2,4.5,3.46,"Lavender Hill Mob, The (1951)"
3968,5604,1,3.5,3.28,"Man in the White Suit, The (1951)"
3969,5607,1,5.0,3.42,"Son of the Bride (Hijo de la novia, El) (2001)"
3970,5608,11,3.8636363636363638,3.57,"Das Experiment (Experiment, The) (2001)"
3971,5609,2,2.5,3.14,Ballistic: Ecks vs. Sever (2002)
3972,5610,3,2.0,2.98,"Banger Sisters, The (2002)"
3973,5611,2,2.75,3.18,"Four Feathers, The (2002)"
3974,5612,1,2.0,3.15,Trapped (2002)
3975,5613,3,3.8333333333333335,3.39,8 Women (2002)
3976,5614,1,4.5,3.37,"His Secret Life (a.k.a. Ignorant Fairies, The) (Fate ignoranti, Le) (2001)"
3977,5615,1,3.5,3.28,Invincible (2001)
3978,5617,25,3.9,3.71,Secretary (2002)
3979,5618,87,4.155172413793103,4.06,Spirited Away (Sen to Chihiro no kamikakushi) (2001)
3980,5619,2,4.0,3.38,"Trials of Henry Kissinger, The (2002)"
3981,5620,28,3.0535714285714284,3.11,Sweet Home Alabama (2002)
3982,5621,10,2.5,2.89,"Tuxedo, The (2002)"
3983,5625,3,3.5,3.32,Moonlight Mile (2002)
3984,5628,5,3.5,3.34,Wasabi (2001)
3985,5629,1,2.0,3.15,Jonah: A VeggieTales Movie (2002)
3986,5630,31,3.435483870967742,3.39,Red Dragon (2002)
3987,5632,5,3.6,3.37,Bloody Sunday (2002)
3988,5633,2,3.75,3.34,Heaven (2002)
3989,5635,1,3.0,3.24,"Man from Elysian Fields, The (2001)"
3990,5636,2,2.5,3.14,Welcome to Collinwood (2002)
3991,5637,2,4.5,3.46,Flirting (1991)
3992,5638,1,2.0,3.15,Godzilla vs. Mothra (Mosura tai Gojira) (1964)
3993,5640,1,3.0,3.24,"Godzilla, King of the Monsters! (Kaijû-ô Gojira) (1956)"
3994,5643,3,3.5,3.32,Powaqqatsi (1988)
3995,5644,3,3.5,3.32,"Pride of the Yankees, The (1942)"
3996,5646,4,4.0,3.47,Valmont (1989)
3997,5649,1,3.0,3.24,Horror of Dracula (Dracula) (1958)
3998,5650,11,3.5454545454545454,3.41,Strange Brew (1983)
3999,5651,1,3.0,3.24,"Incredible Mr. Limpet, The (1964)"
4000,5657,1,4.5,3.37,Flashback (1990)
4001,5663,1,3.5,3.28,Below (2002)
4002,5664,1,1.5,3.11,Brown Sugar (2002)
4003,5665,5,2.5,3.01,Knockaround Guys (2002)
4004,5666,5,3.6,3.37,"Rules of Attraction, The (2002)"
4005,5667,2,3.25,3.26,Tuck Everlasting (2002)
4006,5668,4,2.5,3.05,White Oleander (2002)
4007,5669,58,3.7758620689655173,3.7,Bowling for Columbine (2002)
4008,5670,2,3.0,3.22,Comedian (2002)
4009,5672,2,0.5,2.82,Pokemon 4 Ever (a.k.a. Pokémon 4: The Movie) (2002)
4010,5673,33,3.621212121212121,3.54,Punch-Drunk Love (2002)
4011,5675,1,1.0,3.06,Swept Away (2002)
4012,5678,3,2.6666666666666665,3.13,Formula 51 (2001)
4013,5679,47,3.202127659574468,3.21,"Ring, The (2002)"
4014,5680,3,3.1666666666666665,3.24,Auto Focus (2002)
4015,5682,2,3.25,3.26,"Grey Zone, The (2001)"
4016,5684,1,3.0,3.24,Naqoyqatsi (2002)
4017,5685,2,4.25,3.42,Real Women Have Curves (2002)
4018,5688,2,2.75,3.18,Tully (2000)
4019,5689,1,2.0,3.15,Billy Bathgate (1991)
4020,5690,16,4.15625,3.8,Grave of the Fireflies (Hotaru no haka) (1988)
4021,5693,11,3.3181818181818183,3.29,Saturday Night Fever (1977)
4022,5694,2,2.25,3.1,Staying Alive (1983)
4023,5696,3,2.3333333333333335,3.05,Urban Cowboy (1980)
4024,5699,1,4.0,3.33,Tom Horn (1980)
4025,5700,1,0.5,3.02,The Pumaman (1980)
4026,5704,1,2.0,3.15,Without Warning (a.k.a. Alien Warning) (a.k.a. It Came Without Warning) (1980)
4027,5706,1,2.0,3.15,...All the Marbles (1981)
4028,5707,2,3.25,3.26,Absence of Malice (1981)
4029,5710,2,2.75,3.18,Banana Joe (1981)
4030,5712,4,3.625,3.36,Blow Out (1981)
4031,5720,1,2.5,3.2,"Friend Is a Treasure, A (Chi Trova Un Amico, Trova un Tesoro) (Who Finds a Friend Finds a Treasure) (1981)"
4032,5723,1,5.0,3.42,Continental Divide (1981)
4033,5733,1,4.0,3.33,"Eyewitness (Janitor, The) (1981)"
4034,5735,2,1.75,3.02,Faces of Death (1978)
4035,5736,1,1.5,3.11,Faces of Death 3 (1985)
4036,5741,1,4.0,3.33,"Woman Next Door, The (Femme d'à côté, La) (1981)"
4037,5742,1,4.0,3.33,First Monday in October (1981)
4038,5745,1,5.0,3.42,"Four Seasons, The (1981)"
4039,5746,1,5.0,3.42,Galaxy of Terror (Quest) (1981)
4040,5747,7,4.285714285714286,3.67,Gallipoli (1981)
4041,5749,1,3.0,3.24,Ghost Story (1981)
4042,5752,1,3.0,3.24,Gregory's Girl (1981)
4043,5755,2,2.0,3.06,Happy Birthday to Me (1981)
4044,5764,1,4.5,3.37,Looker (1981)
4045,5767,1,3.5,3.28,Teddy Bear (Mis) (1981)
4046,5768,1,3.0,3.24,Modern Problems (1981)
4047,5771,1,0.5,3.02,My Bloody Valentine (1981)
4048,5772,2,4.75,3.5,My Dinner with André (1981)
4049,5773,1,3.0,3.24,Neighbors (1981)
4050,5779,1,2.0,3.15,Piranha II: The Spawning (1981)
4051,5780,1,3.0,3.24,Polyester (1981)
4052,5782,19,3.8684210526315788,3.65,"Professional, The (Le professionnel) (1981)"
4053,5784,9,2.5,2.91,Ghost Ship (2002)
4054,5785,17,3.5,3.41,Jackass: The Movie (2002)
4055,5786,1,4.5,3.37,Paid in Full (2002)
4056,5787,1,2.5,3.2,"Truth About Charlie, The (2002)"
4057,5788,3,3.6666666666666665,3.35,All or Nothing (2002)
4058,5791,16,3.78125,3.58,Frida (2002)
4059,5792,6,3.6666666666666665,3.41,Roger Dodger (2002)
4060,5796,5,2.5,3.01,Casino Royale (1967)
4061,5797,1,2.0,3.15,"Company of Wolves, The (1984)"
4062,5799,1,3.5,3.28,Exodus (1960)
4063,5801,1,2.5,3.2,"Russians Are Coming, the Russians Are Coming, The (1966)"
4064,5802,1,4.0,3.33,"World of Henry Orient, The (1964)"
4065,5803,7,2.5,2.96,I Spy (2002)
4066,5804,5,2.3,2.95,"Santa Clause 2, The (2002)"
4067,5809,4,3.375,3.29,Femme Fatale (2002)
4068,5810,41,3.292682926829268,3.29,8 Mile (2002)
4069,5812,11,3.8636363636363638,3.57,Far from Heaven (2002)
4070,5816,102,3.5980392156862746,3.57,Harry Potter and the Chamber of Secrets (2002)
4071,5817,1,4.5,3.37,Ararat (2002)
4072,5818,1,4.5,3.37,"Crime of Father Amaro, The (Crimen del padre Amaro, El) (2002)"
4073,5820,3,3.5,3.32,Standing in the Shadows of Motown (2002)
4074,5826,1,3.5,3.28,Rio Grande (1950)
4075,5828,1,2.5,3.2,Blackrock (1997)
4076,5829,1,4.0,3.33,Men with Brooms (2002)
4077,5833,3,4.666666666666667,3.58,Dog Soldiers (2002)
4078,5836,1,2.0,3.15,Houseboat (1958)
4079,5838,1,4.0,3.33,Madame Bovary (1991)
4080,5839,1,4.0,3.33,My Father's Glory (La gloire de mon père) (1990)
4081,5840,1,4.0,3.33,"My Mother's Castle (Château de ma mère, Le) (1990)"
4082,5841,3,1.6666666666666667,2.9,Return to the Blue Lagoon (1991)
4083,5843,4,2.5,3.05,Toy Soldiers (1991)
4084,5847,1,3.5,3.28,Ragtime (1981)
4085,5849,1,4.5,3.37,I'm Starting From Three (Ricomincio da Tre) (1981)
4086,5853,2,3.25,3.26,Scanners (1981)
4087,5856,1,4.0,3.33,"Do You Remember Dolly Bell? (Sjecas li se, Dolly Bell) (1981)"
4088,5863,1,1.0,3.06,Take This Job and Shove It (1981)
4089,5867,2,4.5,3.46,Thief (1981)
4090,5872,27,2.925925925925926,3.02,Die Another Day (2002)
4091,5873,4,3.875,3.43,The Emperor's Club (2002)
4092,5874,5,2.4,2.98,Friday After Next (2002)
4093,5875,1,2.5,3.2,Personal Velocity (2002)
4094,5876,5,3.9,3.47,"Quiet American, The (2002)"
4095,5878,14,4.035714285714286,3.71,Talk to Her (Hable con Ella) (2002)
4096,5879,4,1.5,2.77,Eight Crazy Nights (Adam Sandler's Eight Crazy Nights) (2002)
4097,5880,2,1.75,3.02,Extreme Ops (2002)
4098,5881,20,3.075,3.14,Solaris (2002)
4099,5882,8,3.5625,3.39,Treasure Planet (2002)
4100,5883,1,1.5,3.11,They (2002)
4101,5884,1,1.0,3.06,Chopper Chicks in Zombietown (1989)
4102,5888,1,5.0,3.42,Brother (Brat) (1997)
4103,5889,1,5.0,3.42,"Cruel Romance, A (Zhestokij Romans) (1984)"
4104,5890,2,4.5,3.46,Elling (2001)
4105,5891,4,2.625,3.09,I Spit on Your Grave (Day of the Woman) (1978)
4106,5893,2,3.25,3.26,"Last Seduction, The (1994)"
4107,5896,1,4.0,3.33,New Waterford Girl (1999)
4108,5899,4,4.0,3.47,Zulu (1964)
4109,5900,8,2.5625,2.96,Analyze That (2002)
4110,5901,1,4.5,3.37,Empire (2002)
4111,5902,46,3.9456521739130435,3.82,Adaptation (2002)
4112,5903,44,3.875,3.76,Equilibrium (2002)
4113,5909,5,3.3,3.27,Visitor Q (Bizita Q) (2001)
4114,5912,1,4.5,3.37,Hit the Bank (Vabank) (1981)
4115,5915,2,4.75,3.5,Victory (a.k.a. Escape to Victory) (1981)
4116,5919,2,4.5,3.46,Android (1982)
4117,5922,1,2.5,3.2,Attila (Attila Flagello di Dio) (1982)
4118,5925,2,2.0,3.06,"Beast Within, The (1982)"
4119,5927,1,3.0,3.24,"Best Little Whorehouse in Texas, The (1982)"
4120,5929,1,3.0,3.24,"Party 2, The (Boum 2, La) (1982)"
4121,5932,2,3.75,3.34,Burden of Dreams (1982)
4122,5938,2,4.5,3.46,Deathtrap (1982)
4123,5941,6,2.9166666666666665,3.14,Drumline (2002)
4124,5942,6,2.8333333333333335,3.11,"Hot Chick, The (2002)"
4125,5943,19,2.6052631578947367,2.84,Maid in Manhattan (2002)
4126,5944,19,3.1052631578947367,3.16,Star Trek: Nemesis (2002)
4127,5945,26,3.173076923076923,3.2,About Schmidt (2002)
4128,5947,1,3.0,3.24,Evelyn (2002)
4129,5949,2,4.25,3.42,Intact (Intacto) (2001)
4130,5951,4,3.25,3.26,Morvern Callar (2002)
4131,5952,188,4.0212765957446805,3.98,"Lord of the Rings: The Two Towers, The (2002)"
4132,5953,1,4.0,3.33,Devils on the Doorstep (Guizi lai le) (2000)
4133,5954,22,3.840909090909091,3.66,25th Hour (2002)
4134,5955,9,3.5555555555555554,3.4,Antwone Fisher (2002)
4135,5956,55,3.518181818181818,3.48,Gangs of New York (2002)
4136,5957,19,3.263157894736842,3.26,Two Weeks Notice (2002)
4137,5959,9,3.2777777777777777,3.27,Narc (2002)
4138,5961,1,1.5,3.11,Blue Steel (1990)
4139,5962,1,1.0,3.06,Body of Evidence (1993)
4140,5963,2,3.5,3.3,"Children's Hour, The (1961)"
4141,5965,3,4.166666666666667,3.47,"Duellists, The (1977)"
4142,5968,1,4.0,3.33,Miami Blues (1990)
4143,5969,1,2.5,3.2,My Girl 2 (1994)
4144,5970,10,3.2,3.23,My Girl (1991)
4145,5971,37,3.9594594594594597,3.81,My Neighbor Totoro (Tonari no Totoro) (1988)
4146,5974,1,3.0,3.24,"Thief of Bagdad, The (1940)"
4147,5975,1,3.5,3.28,War and Peace (1956)
4148,5979,1,3.0,3.24,Attack of the Crab Monsters (1957)
4149,5980,2,3.5,3.3,Black Christmas (1974)
4150,5984,2,3.5,3.3,"Story of O, The (Histoire d'O) (1975)"
4151,5986,1,4.0,3.33,Fat City (1972)
4152,5988,4,2.625,3.09,Quicksilver (1986)
4153,5989,115,3.9217391304347826,3.87,Catch Me If You Can (2002)
4154,5990,1,3.5,3.28,Pinocchio (2002)
4155,5991,49,3.7244897959183674,3.64,Chicago (2002)
4156,5992,15,3.7,3.52,"Hours, The (2002)"
4157,5993,5,2.9,3.14,Max (2002)
4158,5994,2,4.0,3.38,Nicholas Nickleby (2002)
4159,5995,46,4.108695652173913,3.95,"Pianist, The (2002)"
4160,5999,2,2.25,3.1,Heavy Metal 2000 (2000)
4161,6001,7,4.071428571428571,3.59,"King of Comedy, The (1983)"
4162,6002,3,3.3333333333333335,3.28,Love Liza (2002)
4163,6003,15,3.6,3.46,Confessions of a Dangerous Mind (2002)
4164,6005,3,3.0,3.2,Blue Collar Comedy Tour: The Movie (2003)
4165,6006,8,2.75,3.04,Just Married (2003)
4166,6009,1,3.0,3.24,"City of Lost Souls, The (Hyôryuu-gai) (2000)"
4167,6012,4,2.5,3.05,"Guy Thing, A (2003)"
4168,6013,2,1.75,3.02,Kangaroo Jack (2003)
4169,6014,5,2.5,3.01,National Security (2003)
4170,6016,75,4.1466666666666665,4.04,City of God (Cidade de Deus) (2002)
4171,6020,1,3.5,3.28,Alice Adams (1935)
4172,6021,1,5.0,3.42,"American Friend, The (Amerikanische Freund, Der) (1977)"
4173,6022,3,2.5,3.09,American Me (1992)
4174,6023,2,3.5,3.3,Band of Outsiders (Bande à part) (1964)
4175,6025,5,2.9,3.14,CB4 - The Movie (1993)
4176,6027,3,4.166666666666667,3.47,Dogfight (1991)
4177,6030,1,2.0,3.15,Girls! Girls! Girls! (1962)
4178,6031,2,3.5,3.3,Imitation of Life (1959)
4179,6033,1,3.0,3.24,Mystery Date (1991)
4180,6035,2,3.25,3.26,Pépé le Moko (1937)
4181,6036,1,3.0,3.24,Secret Admirer (1985)
4182,6039,4,2.375,3.02,"Woman in Red, The (1984)"
4183,6040,4,2.125,2.95,Darkness Falls (2003)
4184,6041,3,3.8333333333333335,3.39,Amen. (2002)
4185,6042,1,3.0,3.24,Blind Spot: Hitler's Secretary (Im toten Winkel - Hitlers Sekretärin) (2002)
4186,6044,1,2.0,3.15,Blind Date (1984)
4187,6049,1,4.0,3.33,Ethan Frome (1993)
4188,6051,3,4.166666666666667,3.47,"Harder They Come, The (1973)"
4189,6055,2,2.25,3.1,Sugar Hill (1994)
4190,6057,1,2.0,3.15,Biker Boyz (2003)
4191,6058,10,3.05,3.16,Final Destination 2 (2003)
4192,6059,17,3.3529411764705883,3.32,"Recruit, The (2003)"
4193,6060,2,3.0,3.22,"Guru, The (2002)"
4194,6062,6,3.0833333333333335,3.2,Lost in La Mancha (2002)
4195,6063,3,3.3333333333333335,3.28,May (2002)
4196,6064,1,4.0,3.33,"Harder They Fall, The (1956)"
4197,6067,1,4.0,3.33,Ordinary Decent Criminal (2000)
4198,6070,1,4.0,3.33,Tokyo Decadence (Topâzu) (1992)
4199,6078,2,2.75,3.18,Firefox (1982)
4200,6086,1,5.0,3.42,"I, the Jury (1982)"
4201,6090,1,3.5,3.28,Kiss Me Goodbye (1982)
4202,6093,4,3.375,3.29,"Last Unicorn, The (1982)"
4203,6095,1,3.5,3.28,Dragon Lord (a.k.a. Dragon Strike) (Long Xiao Ye) (1982)
4204,6100,3,4.0,3.43,"Midsummer Night's Sex Comedy, A (1982)"
4205,6101,1,4.0,3.33,Missing (1982)
4206,6104,9,4.166666666666667,3.68,Monty Python Live at the Hollywood Bowl (1982)
4207,6107,1,4.0,3.33,"Night of the Shooting Stars (Notte di San Lorenzo, La) (1982)"
4208,6111,1,3.5,3.28,Paradise (1982)
4209,6116,2,2.5,3.14,"Pirate Movie, The (1982)"
4210,6119,1,4.0,3.33,Santa Claus Is a Stinker (Le Père Noël est une ordure) (1982)
4211,6122,2,4.0,3.38,Richard Pryor Live on the Sunset Strip (1982)
4212,6123,1,4.0,3.33,Sunless (Sans Soleil) (1983)
4213,6124,2,2.75,3.18,Savannah Smiles (1982)
4214,6125,1,3.5,3.28,"Secret Policeman's Other Ball, The (1982)"
4215,6140,2,2.25,3.1,Tenebre (1982)
4216,6141,1,3.0,3.24,They Call Me Bruce? (a.k.a. A Fistful of Chopsticks) (1982)
4217,6143,2,3.0,3.22,Trail of the Pink Panther (1982)
4218,6145,1,2.0,3.15,Venom (1982)
4219,6148,3,2.8333333333333335,3.17,White Dog (1982)
4220,6153,2,1.5,2.98,Zapped! (1982)
4221,6155,29,3.2758620689655173,3.27,How to Lose a Guy in 10 Days (2003)
4222,6156,19,3.210526315789474,3.23,Shanghai Knights (2003)
4223,6157,32,2.5,2.69,Daredevil (2003)
4224,6158,1,3.0,3.24,"Jungle Book 2, The (2003)"
4225,6159,2,4.25,3.42,All the Real Girls (2003)
4226,6162,3,3.1666666666666665,3.24,Gerry (2002)
4227,6163,1,4.5,3.37,He Loves Me... He Loves Me Not (À la folie... pas du tout) (2002)
4228,6166,8,1.8125,2.63,Dennis the Menace (1993)
4229,6169,2,2.5,3.14,"Black Stallion Returns, The (1983)"
4230,6170,3,3.5,3.32,"Black Stallion, The (1979)"
4231,6178,1,4.0,3.33,"Patch of Blue, A (1965)"
4232,6181,1,4.0,3.33,"Red Badge of Courage, The (1951)"
4233,6182,1,3.0,3.24,"Thrill of It All, The (1963)"
4234,6183,3,3.8333333333333335,3.39,Pillow Talk (1959)
4235,6184,4,4.25,3.54,"Man Who Fell to Earth, The (1976)"
4236,6185,3,3.0,3.2,Dark Blue (2003)
4237,6186,1,3.0,3.24,Gods and Generals (2003)
4238,6187,8,3.8125,3.5,"Life of David Gale, The (2003)"
4239,6188,39,3.5128205128205128,3.46,Old School (2003)
4240,6192,1,5.0,3.42,Open Hearts (Elsker dig for evigt) (2002)
4241,6193,3,3.8333333333333335,3.39,Poolhall Junkies (2002)
4242,6195,2,4.0,3.38,Stone Reader (2002)
4243,6196,3,3.5,3.32,Cradle 2 the Grave (2003)
4244,6197,3,3.3333333333333335,3.28,Spider (2002)
4245,6201,1,5.0,3.42,Lady Jane (1986)
4246,6202,1,3.5,3.28,Late Marriage (Hatuna Meuheret) (2001)
4247,6203,2,1.5,2.98,Life Stinks (1991)
4248,6204,1,2.5,3.2,"Meteor Man, The (1993)"
4249,6210,1,3.0,3.24,Volcano High (Whasango) (2001)
4250,6212,6,1.9166666666666667,2.77,Bringing Down the House (2003)
4251,6213,7,2.642857142857143,3.01,Tears of the Sun (2003)
4252,6214,9,3.888888888888889,3.55,Irreversible (Irréversible) (2002)
4253,6215,3,3.0,3.2,Laurel Canyon (2002)
4254,6216,2,3.75,3.34,Nowhere in Africa (Nirgendwo in Afrika) (2001)
4255,6217,2,3.0,3.22,"Safety of Objects, The (2001)"
4256,6218,40,3.3,3.29,Bend It Like Beckham (2002)
4257,6219,3,3.0,3.2,"Hunted, The (2003)"
4258,6220,4,2.5,3.05,Willard (2003)
4259,6222,1,3.0,3.24,Prozac Nation (2001)
4260,6223,2,3.25,3.26,Spun (2001)
4261,6225,1,3.0,3.24,King of Kings (1961)
4262,6228,1,4.0,3.33,"Talk of the Town, The (1942)"
4263,6232,1,4.0,3.33,Born Free (1966)
4264,6234,1,3.5,3.28,Equus (1977)
4265,6235,3,4.333333333333333,3.5,Europa Europa (Hitlerjunge Salomon) (1990)
4266,6237,1,4.0,3.33,"Glenn Miller Story, The (1953)"
4267,6238,9,2.8333333333333335,3.06,Green Card (1990)
4268,6239,2,2.75,3.18,Journey to the Center of the Earth (1959)
4269,6241,1,4.0,3.33,Pauline at the Beach (Pauline à la Plage) (1983)
4270,6242,11,3.4545454545454546,3.36,Ringu (Ring) (1998)
4271,6244,2,3.5,3.3,Salaam Bombay! (1988)
4272,6245,1,3.5,3.28,Sweet Charity (1969)
4273,6246,1,4.0,3.33,Talent for the Game (1991)
4274,6249,4,2.375,3.02,Boat Trip (2003)
4275,6250,7,2.642857142857143,3.01,Dreamcatcher (2003)
4276,6251,1,2.0,3.15,Piglet's Big Movie (2003)
4277,6252,4,2.375,3.02,View from the Top (2003)
4278,6254,2,4.75,3.5,"Awful Truth, The (1937)"
4279,6263,2,3.75,3.34,Basic (2003)
4280,6264,8,2.375,2.88,"Core, The (2003)"
4281,6265,2,2.25,3.1,Head of State (2003)
4282,6266,8,3.0625,3.18,What a Girl Wants (2003)
4283,6267,1,2.0,3.15,Assassination Tango (2002)
4284,6268,2,3.75,3.34,Raising Victor Vargas (2002)
4285,6269,2,4.25,3.42,Stevie (2002)
4286,6270,3,4.333333333333333,3.5,Akira Kurosawa's Dreams (Dreams) (1990)
4287,6271,1,2.0,3.15,Day for Night (La Nuit Américaine) (1973)
4288,6273,1,3.5,3.28,In a Lonely Place (1950)
4289,6279,1,4.0,3.33,"Good Thief, The (2002)"
4290,6280,2,2.25,3.1,"Man Apart, A (2003)"
4291,6281,32,3.140625,3.17,Phone Booth (2002)
4292,6283,20,3.9,3.68,Cowboy Bebop: The Movie (Cowboy Bebop: Tengoku no Tobira) (2001)
4293,6285,1,4.0,3.33,Levity (2003)
4294,6286,4,3.875,3.43,"Man Without a Past, The (Mies vailla menneisyyttä) (2002)"
4295,6287,34,3.0588235294117645,3.11,Anger Management (2003)
4296,6288,4,3.875,3.43,Better Luck Tomorrow (2002)
4297,6289,1,3.5,3.28,Ghosts of the Abyss (2003)
4298,6290,7,2.7142857142857144,3.04,House of 1000 Corpses (2003)
4299,6291,3,3.5,3.32,Lilya 4-Ever (Lilja 4-ever) (2002)
4300,6294,11,2.409090909090909,2.82,Bulletproof Monk (2003)
4301,6295,1,2.0,3.15,Chasing Papi (a.k.a. Papi Chulo) (2003)
4302,6296,14,3.75,3.54,"Mighty Wind, A (2003)"
4303,6297,20,3.425,3.37,Holes (2003)
4304,6298,3,2.6666666666666665,3.13,Malibu's Most Wanted (2003)
4305,6299,9,3.5,3.37,"Winged Migration (Peuple migrateur, Le) (2001)"
4306,6300,3,4.5,3.54,Flickering Lights (Blinkende lygter) (2000)
4307,6301,5,4.0,3.5,Straw Dogs (1971)
4308,6302,1,1.0,3.06,Beginning of the End (1957)
4309,6303,8,3.625,3.42,"Andromeda Strain, The (1971)"
4310,6305,10,3.6,3.43,Fahrenheit 451 (1966)
4311,6306,3,4.166666666666667,3.47,I Am Trying to Break Your Heart (2002)
4312,6308,4,2.625,3.09,Legal Eagles (1986)
4313,6310,1,2.5,3.2,Memories of Me (1988)
4314,6313,2,2.5,3.14,Sibling Rivalry (1990)
4315,6314,2,2.0,3.06,Undercover Blues (1993)
4316,6315,3,1.8333333333333333,2.94,Wildcats (1986)
4317,6316,1,2.0,3.15,"Wiz, The (1978)"
4318,6319,3,2.1666666666666665,3.02,"My Father the Hero (Mon père, ce héros.) (1991)"
4319,6320,2,1.5,2.98,Scenes from a Mall (1991)
4320,6322,6,2.8333333333333335,3.11,Confidence (2003)
4321,6323,22,3.6818181818181817,3.55,Identity (2003)
4322,6324,2,2.5,3.14,It Runs in the Family (2003)
4323,6327,3,3.5,3.32,"Decade Under the Influence, A (2003)"
4324,6329,1,3.0,3.24,Manic (2001)
4325,6330,2,3.0,3.22,People I Know (2002)
4326,6331,13,3.923076923076923,3.63,Spellbound (2002)
4327,6332,4,3.0,3.19,"Lizzie McGuire Movie, The (2003)"
4328,6333,76,3.723684210526316,3.67,X2: X-Men United (2003)
4329,6334,3,3.5,3.32,Blue Car (2002)
4330,6335,3,3.8333333333333335,3.39,"Dancer Upstairs, The (2002)"
4331,6336,1,3.0,3.24,Marooned in Iraq (Gomgashtei dar Aragh) (2002)
4332,6337,4,3.5,3.33,Owning Mahowny (2003)
4333,6338,6,2.3333333333333335,2.92,Daddy Day Care (2003)
4334,6339,4,3.875,3.43,"Man on the Train (Homme du train, L') (2002)"
4335,6341,4,3.25,3.26,"Shape of Things, The (2003)"
4336,6342,1,2.0,3.15,"Trip, The (2002)"
4337,6344,1,3.5,3.28,101 Reykjavik (101 Reykjavík) (2000)
4338,6345,3,4.666666666666667,3.58,"Chorus Line, A (1985)"
4339,6347,1,1.0,3.06,Beat Street (1984)
4340,6348,3,1.6666666666666667,2.9,Breakin' 2: Electric Boogaloo (1984)
4341,6349,3,2.0,2.98,Breakin' (1984)
4342,6350,24,4.0625,3.82,Laputa: Castle in the Sky (Tenkû no shiro Rapyuta) (1986)
4343,6357,2,3.0,3.22,High Society (1956)
4344,6358,1,3.5,3.28,Kiss Me Kate (1953)
4345,6365,96,3.3541666666666665,3.35,"Matrix Reloaded, The (2003)"
4346,6367,10,2.9,3.08,Down with Love (2003)
4347,6368,4,4.0,3.47,Cinemania (2002)
4348,6370,5,4.0,3.5,"Spanish Apartment, The (L'auberge espagnole) (2002)"
4349,6371,1,0.5,3.02,Pokémon Heroes (2003)
4350,6373,71,3.316901408450704,3.31,Bruce Almighty (2003)
4351,6374,3,2.1666666666666665,3.02,"In-Laws, The (2003)"
4352,6375,4,4.0,3.47,Gigantic (A Tale of Two Johns) (2002)
4353,6376,2,3.5,3.3,Respiro (2002)
4354,6377,141,3.9609929078014185,3.91,Finding Nemo (2003)
4355,6378,59,3.6186440677966103,3.57,"Italian Job, The (2003)"
4356,6379,2,3.0,3.22,Wrong Turn (2003)
4357,6380,7,3.9285714285714284,3.53,Capturing the Friedmans (2003)
4358,6382,1,3.0,3.24,Together (Han ni Zai Yiki) (2002)
4359,6383,19,2.6052631578947367,2.84,"2 Fast 2 Furious (Fast and the Furious 2, The) (2003)"
4360,6385,14,3.75,3.54,Whale Rider (2002)
4361,6386,1,4.0,3.33,Nevada Smith (1966)
4362,6387,3,3.6666666666666665,3.35,Once a Thief (Zong heng si hai) (1991)
4363,6390,1,3.5,3.28,Silk Stockings (1957)
4364,6395,1,3.5,3.28,"Crazies, The (a.k.a. Code Name: Trixie) (1973)"
4365,6400,1,3.5,3.28,Murder on a Sunday Morning (Un coupable idéal) (2001)
4366,6402,1,5.0,3.42,Siam Sunset (1999)
4367,6405,2,3.25,3.26,Treasure Island (1950)
4368,6407,1,2.0,3.15,"Walk, Don't Run (1966)"
4369,6408,1,5.0,3.42,Animals are Beautiful People (1974)
4370,6410,2,3.75,3.34,Car Wash (1976)
4371,6412,2,3.75,3.34,Destry Rides Again (1939)
4372,6415,1,4.0,3.33,Intervista (1987)
4373,6417,1,4.0,3.33,Live Wire (1992)
4374,6422,1,4.0,3.33,Shenandoah (1965)
4375,6424,1,1.0,3.06,Oscar (1991)
4376,6425,2,1.5,2.98,"6th Man, The (Sixth Man, The) (1997)"
4377,6427,1,4.0,3.33,"Railway Children, The (1970)"
4378,6428,2,3.0,3.22,Two Mules for Sister Sara (1970)
4379,6429,1,4.0,3.33,Winchester '73 (1950)
4380,6433,3,3.3333333333333335,3.28,"Man with the Movie Camera, The (Chelovek s kino-apparatom) (1929)"
4381,6434,1,3.0,3.24,"Objective, Burma! (1945)"
4382,6436,3,3.3333333333333335,3.28,This Boy's Life (1993)
4383,6440,14,4.035714285714286,3.71,Barton Fink (1991)
4384,6442,2,5.0,3.54,Belle époque (1992)
4385,6448,2,4.0,3.38,"Flight of the Phoenix, The (1965)"
4386,6449,1,3.0,3.24,From the Terrace (1960)
4387,6452,1,4.0,3.33,"Long, Hot Summer, The (1958)"
4388,6453,1,3.5,3.28,Man of Aran (1934)
4389,6454,1,3.5,3.28,Music Box (1989)
4390,6460,5,4.9,3.8,"Trial, The (Procès, Le) (1962)"
4391,6461,6,3.8333333333333335,3.47,"Unforgiven, The (1960)"
4392,6464,2,2.0,3.06,Good Burger (1997)
4393,6465,1,3.0,3.24,Jubilee (1977)
4394,6466,3,3.5,3.32,Mississippi Masala (1991)
4395,6476,1,3.0,3.24,Shattered (1991)
4396,6477,1,3.0,3.24,"Song of Bernadette, The (1943)"
4397,6480,1,3.0,3.24,Thoroughly Modern Millie (1967)
4398,6482,11,1.9545454545454546,2.59,Dumb and Dumberer: When Harry Met Lloyd (2003)
4399,6483,3,0.8333333333333334,2.72,From Justin to Kelly (2003)
4400,6484,7,2.9285714285714284,3.13,Hollywood Homicide (2003)
4401,6493,1,2.0,3.15,Alex and Emma (2003)
4402,6502,58,3.9741379310344827,3.87,28 Days Later (2002)
4403,6503,27,2.3703703703703702,2.62,Charlie's Angels: Full Throttle (2003)
4404,6506,1,3.5,3.28,Fulltime Killer (Chuen jik sat sau) (2001)
4405,6509,2,4.0,3.38,Ali: Fear Eats the Soul (Angst essen Seele auf) (1974)
4406,6510,1,3.0,3.24,"Bodies, Rest & Motion (1993)"
4407,6514,1,0.5,3.02,Ring of Terror (1962)
4408,6515,1,4.5,3.37,You Only Live Once (1937)
4409,6516,1,3.5,3.28,Anastasia (1956)
4410,6517,2,2.25,3.1,"Babe, The (1992)"
4411,6523,2,2.5,3.14,Mr. Baseball (1992)
4412,6527,1,3.0,3.24,Scaramouche (1952)
4413,6528,1,2.0,3.15,Start the Revolution Without Me (1970)
4414,6530,2,4.25,3.42,"Tenant, The (Locataire, Le) (1976)"
4415,6533,1,4.5,3.37,"What's Up, Doc? (1972)"
4416,6534,33,2.5606060606060606,2.73,Hulk (2003)
4417,6535,11,2.409090909090909,2.82,"Legally Blonde 2: Red, White & Blonde (2003)"
4418,6536,6,3.6666666666666665,3.41,Sinbad: Legend of the Seven Seas (2003)
4419,6537,45,3.0444444444444443,3.09,Terminator 3: Rise of the Machines (2003)
4420,6538,5,3.6,3.37,Swimming Pool (2003)
4421,6539,149,3.778523489932886,3.74,Pirates of the Caribbean: The Curse of the Black Pearl (2003)
4422,6541,32,2.625,2.78,"League of Extraordinary Gentlemen, The (a.k.a. LXG) (2003)"
4423,6542,1,3.5,3.28,"Cuckoo, The (Kukushka) (2002)"
4424,6545,1,4.5,3.37,I Capture the Castle (2003)
4425,6547,2,2.25,3.1,Northfork (2003)
4426,6548,17,2.8823529411764706,3.03,Bad Boys II (2003)
4427,6549,3,3.5,3.32,How to Deal (2003)
4428,6550,13,2.9615384615384617,3.1,Johnny English (2003)
4429,6551,1,4.0,3.33,"Anarchist Cookbook, The (2002)"
4430,6552,12,3.625,3.46,Dirty Pretty Things (2002)
4431,6553,1,4.0,3.33,"Embalmer, The (Imbalsamatore, L') (2002)"
4432,6554,2,1.25,2.94,Garage Days (2002)
4433,6557,1,0.5,3.02,Born to Be Wild (1995)
4434,6558,3,2.3333333333333335,3.05,Curly Sue (1991)
4435,6559,4,2.5,3.05,Little Giants (1994)
4436,6560,1,2.0,3.15,Loose Cannons (1990)
4437,6561,1,3.0,3.24,"Mouse That Roared, The (1959)"
4438,6563,1,2.5,3.2,Masked & Anonymous (2003)
4439,6564,17,2.6470588235294117,2.88,Lara Croft Tomb Raider: The Cradle of Life (2003)
4440,6565,18,3.6944444444444446,3.54,Seabiscuit (2003)
4441,6566,3,2.0,2.98,Spy Kids 3-D: Game Over (2003)
4442,6567,3,3.5,3.32,Buffalo Soldiers (2001)
4443,6568,2,3.25,3.26,Camp (2003)
4444,6571,1,4.0,3.33,"Mondays in the Sun (Lunes al sol, Los) (2002)"
4445,6572,2,3.5,3.3,Scorched (2003)
4446,6573,1,4.0,3.33,Avanti! (1972)
4447,6574,1,1.0,3.06,Eve of Destruction (1991)
4448,6577,2,3.5,3.3,Kickboxer 2: The Road Back (1991)
4449,6578,1,3.5,3.28,"Kiss Me, Stupid (1964)"
4450,6579,2,4.0,3.38,"One, Two, Three (1961)"
4451,6581,2,2.5,3.14,"Private Life of Sherlock Holmes, The (1970)"
4452,6582,3,2.3333333333333335,3.05,Remo Williams: The Adventure Begins (1985)
4453,6583,1,4.0,3.33,"Blood of Heroes, The (Salute of the Jugger, The) (1989)"
4454,6584,3,3.1666666666666665,3.24,"What's Up, Tiger Lily? (1966)"
4455,6586,16,3.09375,3.16,American Wedding (American Pie 3) (2003)
4456,6587,1,1.5,3.11,Gigli (2003)
4457,6588,1,4.0,3.33,And Now... Ladies and Gentlemen... (2002)
4458,6591,6,4.333333333333333,3.65,"Magdalene Sisters, The (2002)"
4459,6592,1,4.0,3.33,"Secret Lives of Dentists, The (2002)"
4460,6593,24,3.2083333333333335,3.22,Freaky Friday (2003)
4461,6595,14,3.3214285714285716,3.3,S.W.A.T. (2003)
4462,6596,1,3.5,3.28,"Divorce, Le (2003)"
4463,6597,1,3.0,3.24,"Princess Blade, The (Shura Yukihime) (2001)"
4464,6598,1,3.5,3.28,Step Into Liquid (2002)
4465,6603,1,2.5,3.2,"Double Life, A (1947)"
4466,6604,1,4.0,3.33,Hawks and Sparrows (Uccellacci e Uccellini) (1966)
4467,6609,1,3.5,3.28,"Gospel According to St. Matthew, The (Vangelo secondo Matteo, Il) (1964)"
4468,6611,1,5.0,3.42,Umberto D. (1952)
4469,6612,2,4.25,3.42,Brother's Keeper (1992)
4470,6614,3,2.6666666666666665,3.13,I Love You to Death (1990)
4471,6615,9,2.3333333333333335,2.83,Freddy vs. Jason (2003)
4472,6616,2,2.75,3.18,Grind (2003)
4473,6617,9,3.9444444444444446,3.58,Open Range (2003)
4474,6618,17,3.823529411764706,3.61,Shaolin Soccer (Siu lam juk kau) (2001)
4475,6619,6,2.9166666666666665,3.14,Uptown Girls (2003)
4476,6620,18,3.8333333333333335,3.62,American Splendor (2003)
4477,6624,5,1.9,2.82,Agent Cody Banks (2003)
4478,6625,4,2.5,3.05,Camp Nowhere (1994)
4479,6628,1,2.0,3.15,Hot Dog... The Movie (1984)
4480,6629,3,3.5,3.32,House of Wax (1953)
4481,6631,2,1.5,2.98,Man's Best Friend (1993)
4482,6636,4,3.75,3.4,"Sure Thing, The (1985)"
4483,6638,3,2.1666666666666665,3.02,Valley Girl (1983)
4484,6639,7,3.4285714285714284,3.33,Wait Until Dark (1967)
4485,6643,4,2.625,3.09,Tokyo Story (Tôkyô monogatari) (1953)
4486,6644,1,4.0,3.33,"Green Ray, The (Rayon vert, Le) (1986)"
4487,6645,7,3.7857142857142856,3.47,THX 1138 (1971)
4488,6650,3,3.3333333333333335,3.28,Kind Hearts and Coronets (1949)
4489,6654,1,3.5,3.28,Atragon (Kaitei Gunkan) (1963)
4490,6656,1,4.0,3.33,Attack of the Puppet People (1958)
4491,6658,4,3.375,3.29,10 (1979)
4492,6659,16,3.4375,3.37,Tremors (1990)
4493,6660,1,3.5,3.28,"Red Shoes, The (1948)"
4494,6662,11,3.4545454545454546,3.36,"Pink Panther, The (1963)"
4495,6663,5,3.4,3.31,"Pink Panther Strikes Again, The (1976)"
4496,6664,6,3.5,3.35,Commando (1985)
4497,6665,1,4.5,3.37,Dracula (1979)
4498,6666,5,4.3,3.6,"Discreet Charm of the Bourgeoisie, The (Charme discret de la bourgeoisie, Le) (1972)"
4499,6667,1,3.5,3.28,Waco: The Rules of Engagement (1997)
4500,6669,6,3.4166666666666665,3.32,Ikiru (1952)
4501,6670,2,2.25,3.1,Comic Book Villains (2002)
4502,6671,1,4.0,3.33,"Angel at My Table, An (1990)"
4503,6678,1,3.5,3.28,"Handmaid's Tale, The (1990)"
4504,6679,1,4.0,3.33,Revolution OS (2001)
4505,6684,2,4.0,3.38,Death in Venice (Morte a Venezia) (1971)
4506,6686,5,2.7,3.08,"Medallion, The (2003)"
4507,6687,4,2.0,2.91,My Boss's Daughter (2003)
4508,6688,1,3.5,3.28,Autumn Spring (Babí léto) (2001)
4509,6689,1,4.0,3.33,"Battle of Shaker Heights, The (2003)"
4510,6691,1,2.5,3.2,Dust (2001)
4511,6692,1,2.0,3.15,Stoked: The Rise and Fall of Gator (2002)
4512,6695,4,1.875,2.88,Jeepers Creepers 2 (2003)
4513,6696,1,2.5,3.2,Bollywood/Hollywood (2002)
4514,6699,1,3.0,3.24,Once Upon a Time in the Midlands (2002)
4515,6702,5,2.3,2.95,Dickie Roberts: Former Child Star (2003)
4516,6705,1,2.5,3.2,Party Monster (2003)
4517,6706,1,3.5,3.28,Taking Sides (2001)
4518,6707,8,2.875,3.09,Cabin Fever (2002)
4519,6708,34,3.7205882352941178,3.61,Matchstick Men (2003)
4520,6709,14,3.2142857142857144,3.23,Once Upon a Time in Mexico (2003)
4521,6710,4,3.625,3.36,Dummy (2002)
4522,6711,74,4.033783783783784,3.94,Lost in Translation (2003)
4523,6713,5,3.8,3.44,Millennium Actress (Sennen joyû) (2001)
4524,6715,1,3.5,3.28,Children of the Night (1991)
4525,6718,1,2.5,3.2,Gotcha! (1985)
4526,6720,2,2.5,3.14,Kuffs (1992)
4527,6721,7,3.357142857142857,3.3,Once Upon a Time in China (Wong Fei Hung) (1991)
4528,6722,1,2.5,3.2,Once Upon a Time in China II (Wong Fei-hung Ji Yi: Naam yi dong ji keung) (1992)
4529,6723,2,3.0,3.22,Once Upon a Time in China III (Wong Fei-hung tsi sam: Siwong tsangba) (1993)
4530,6724,5,3.6,3.37,Paper Moon (1973)
4531,6731,8,3.625,3.42,Day of the Dead (1985)
4532,6732,2,3.75,3.34,"Hello, Dolly! (1969)"
4533,6734,2,2.0,3.06,Memoirs of an Invisible Man (1992)
4534,6744,4,2.25,2.98,Once Bitten (1985)
4535,6746,1,2.0,3.15,Squirm (1976)
4536,6748,1,3.0,3.24,"Brood, The (1979)"
4537,6750,3,2.8333333333333335,3.17,Anything Else (2003)
4538,6751,1,2.5,3.2,Cold Creek Manor (2003)
4539,6752,1,3.5,3.28,"Fighting Temptations, The (2003)"
4540,6753,12,3.5,3.39,Secondhand Lions (2003)
4541,6754,33,3.5,3.44,Underworld (2003)
4542,6755,14,3.3214285714285716,3.3,Bubba Ho-tep (2002)
4543,6760,2,3.0,3.22,In This World (2002)
4544,6763,7,2.4285714285714284,2.93,Duplex (2003)
4545,6764,17,3.1470588235294117,3.19,"Rundown, The (2003)"
4546,6765,9,3.2777777777777777,3.27,Under the Tuscan Sun (2003)
4547,6768,1,4.0,3.33,Luther (2003)
4548,6769,1,3.0,3.24,Mambo Italiano (2003)
4549,6770,2,3.5,3.3,My Life Without Me (2003)
4550,6772,1,3.0,3.24,To Be and to Have (Être et avoir) (2002)
4551,6773,22,3.7045454545454546,3.56,"Triplets of Belleville, The (Les triplettes de Belleville) (2003)"
4552,6774,8,3.6875,3.45,Videodrome (1983)
4553,6775,1,4.0,3.33,Life and Debt (2001)
4554,6776,3,4.166666666666667,3.47,Lagaan: Once Upon a Time in India (2001)
4555,6777,5,3.6,3.37,Judgment at Nuremberg (1961)
4556,6780,2,3.25,3.26,"Brief History of Time, A (1991)"
4557,6782,1,4.0,3.33,Leningrad Cowboys Go America (1989)
4558,6783,3,3.5,3.32,"Rules of the Game, The (La règle du jeu) (1939)"
4559,6785,4,3.75,3.4,Seven Brides for Seven Brothers (1954)
4560,6786,4,3.875,3.43,Kiss of the Spider Woman (1985)
4561,6787,27,4.018518518518518,3.81,All the President's Men (1976)
4562,6788,1,2.0,3.15,Angie (1994)
4563,6789,1,4.0,3.33,"Apartment, The (Appartement, L') (1996)"
4564,6790,3,3.5,3.32,Avalon (2001)
4565,6791,5,4.4,3.63,Babette's Feast (Babettes gæstebud) (1987)
4566,6793,11,1.7727272727272727,2.5,Beethoven (1992)
4567,6794,5,1.5,2.69,Beethoven's 2nd (1993)
4568,6796,18,3.7222222222222223,3.55,Boyz N the Hood (1991)
4569,6797,1,3.0,3.24,Bugsy (1991)
4570,6798,2,2.75,3.18,Bugsy Malone (1976)
4571,6800,3,2.3333333333333335,3.05,Cobra (1986)
4572,6803,1,3.5,3.28,Phenomena (a.k.a. Creepers) (1985)
4573,6804,1,2.0,3.15,Crimewave (1985)
4574,6807,40,3.95,3.81,Monty Python's The Meaning of Life (1983)
4575,6808,4,4.0,3.47,Where Eagles Dare (1968)
4576,6809,1,3.0,3.24,Tightrope (1984)
4577,6810,5,2.5,3.01,Sleeping with the Enemy (1991)
4578,6811,5,2.5,3.01,PCU (1994)
4579,6812,2,2.25,3.1,"Rookie, The (1990)"
4580,6814,1,3.0,3.24,City Heat (1984)
4581,6816,1,4.0,3.33,Three O'Clock High (1987)
4582,6817,1,3.0,3.24,"White Hunter, Black Heart (1990)"
4583,6818,2,5.0,3.54,Come and See (Idi i smotri) (1985)
4584,6820,6,4.0,3.53,Ginger Snaps (2000)
4585,6821,1,3.0,3.24,More American Graffiti (1979)
4586,6827,3,0.8333333333333334,2.72,It's Pat (1994)
4587,6832,5,3.6,3.37,Regarding Henry (1991)
4588,6835,1,5.0,3.42,Alien Contamination (1980)
4589,6836,1,3.5,3.28,"Amazing Transparent Man, The (1960)"
4590,6837,1,3.0,3.24,Love Affair (1939)
4591,6850,3,2.3333333333333335,3.05,Leap of Faith (1992)
4592,6851,2,2.75,3.18,"Gas, Food, Lodging (1992)"
4593,6852,4,3.625,3.36,In Cold Blood (1967)
4594,6853,1,1.0,3.06,Campus Man (1987)
4595,6856,2,4.0,3.38,Yankee Doodle Dandy (1942)
4596,6857,13,3.769230769230769,3.54,Ninja Scroll (Jûbei ninpûchô) (1995)
4597,6858,2,3.75,3.34,Knife in the Water (Nóz w wodzie) (1962)
4598,6860,1,2.0,3.15,Mobsters (1991)
4599,6862,2,3.5,3.3,Out of Time (2003)
4600,6863,66,3.4015151515151514,3.38,School of Rock (2003)
4601,6867,12,3.5833333333333335,3.43,"Station Agent, The (2003)"
4602,6868,7,3.4285714285714284,3.33,Wonderland (2003)
4603,6869,3,3.8333333333333335,3.39,Bus 174 (Ônibus 174) (2002)
4604,6870,52,3.7115384615384617,3.64,Mystic River (2003)
4605,6872,4,1.125,2.67,"House of the Dead, The (2003)"
4606,6873,20,3.175,3.2,Intolerable Cruelty (2003)
4607,6874,131,3.9618320610687023,3.91,Kill Bill: Vol. 1 (2003)
4608,6879,17,3.4411764705882355,3.37,Runaway Jury (2003)
4609,6880,7,1.8571428571428572,2.7,"Texas Chainsaw Massacre, The (2003)"
4610,6881,7,3.0714285714285716,3.19,Pieces of April (2003)
4611,6882,1,2.5,3.2,Returner (Ritaanaa) (2002)
4612,6883,1,3.0,3.24,Sylvia (2003)
4613,6884,2,3.0,3.22,Veronica Guerin (2003)
4614,6885,3,2.8333333333333335,3.17,In the Cut (2003)
4615,6886,1,3.5,3.28,Beyond Borders (2003)
4616,6887,5,4.1,3.53,Radio (2003)
4617,6888,20,2.275,2.61,Scary Movie 3 (2003)
4618,6889,2,3.0,3.22,Brother Bear (2003)
4619,6890,9,3.5555555555555554,3.4,Elephant (2003)
4620,6893,10,3.85,3.55,"Italian Job, The (1969)"
4621,6898,3,3.3333333333333335,3.28,Sweet Sixteen (2002)
4622,6899,1,3.5,3.28,Alien from L.A. (1988)
4623,6902,2,4.0,3.38,Interstate 60 (2002)
4624,6909,2,3.25,3.26,"Eye, The (Gin gwai) (Jian gui) (2002)"
4625,6911,1,3.5,3.28,"Jolson Story, The (1946)"
4626,6912,1,3.5,3.28,You'll Never Get Rich (1941)
4627,6918,2,3.75,3.34,"Unvanquished, The (Aparajito) (1957)"
4628,6920,3,3.5,3.32,"Cercle Rouge, Le (Red Circle, The) (1970)"
4629,6927,1,4.0,3.33,"Human Stain, The (2003)"
4630,6932,7,3.5,3.36,Shattered Glass (2003)
4631,6934,79,3.151898734177215,3.16,"Matrix Revolutions, The (2003)"
4632,6935,1,4.0,3.33,"Revolution Will Not Be Televised, The (a.k.a. Chavez: Inside the Coup) (2003)"
4633,6936,39,3.6923076923076925,3.6,Elf (2003)
4634,6938,1,4.0,3.33,Billabong Odyssey (2003)
4635,6939,1,4.0,3.33,Gloomy Sunday (Ein Lied von Liebe und Tod) (1999)
4636,6942,59,3.788135593220339,3.71,Love Actually (2003)
4637,6944,13,3.5,3.39,Father of the Bride (1991)
4638,6945,2,4.25,3.42,My Architect: A Son's Journey (2003)
4639,6946,2,2.75,3.18,Looney Tunes: Back in Action (2003)
4640,6947,36,3.638888888888889,3.55,Master and Commander: The Far Side of the World (2003)
4641,6948,1,4.0,3.33,Tupac: Resurrection (2003)
4642,6949,1,3.5,3.28,"Big Empty, The (2003)"
4643,6950,3,3.6666666666666665,3.35,"Missing, The (2003)"
4644,6951,5,2.1,2.88,"Cat in the Hat, The (2003)"
4645,6952,9,3.111111111111111,3.19,Gothika (2003)
4646,6953,25,3.3,3.29,21 Grams (2003)
4647,6954,3,4.0,3.43,"Barbarian Invasions, The (Les invasions barbares) (2003)"
4648,6957,26,3.3653846153846154,3.34,Bad Santa (2003)
4649,6958,10,2.5,2.89,"Haunted Mansion, The (2003)"
4650,6959,3,2.0,2.98,Timeline (2003)
4651,6961,1,4.0,3.33,Damage (Fatale) (1992)
4652,6962,1,3.5,3.28,OT: Our Town (2002)
4653,6963,2,4.25,3.42,Devil's Playground (2002)
4654,6965,1,3.5,3.28,Journeys with George (2002)
4655,6966,3,3.8333333333333335,3.39,Darkman (1990)
4656,6967,1,0.5,3.02,Dead of Night (1945)
4657,6969,1,4.5,3.37,"Dernier Combat, Le (Last Battle, The) (1983)"
4658,6970,2,3.75,3.34,Desk Set (1957)
4659,6971,1,4.0,3.33,Europa (Zentropa) (1991)
4660,6973,1,2.5,3.2,Final Analysis (1992)
4661,6974,6,3.0,3.17,"Freshman, The (1990)"
4662,6975,5,3.2,3.24,Funny Games (1997)
4663,6978,4,3.25,3.26,Slacker (1991)
4664,6979,21,3.3095238095238093,3.29,WarGames (1983)
4665,6981,2,3.75,3.34,"Ordet (Word, The) (1955)"
4666,6982,1,3.5,3.28,Forbidden Games (Jeux interdits) (1952)
4667,6983,1,5.0,3.42,Jane Eyre (1944)
4668,6984,1,4.0,3.33,"Tale of Two Cities, A (1935)"
4669,6985,5,3.9,3.47,"Passion of Joan of Arc, The (Passion de Jeanne d'Arc, La) (1928)"
4670,6986,1,3.0,3.24,Ben-Hur: A Tale of the Christ (1925)
4671,6987,7,3.857142857142857,3.5,"Cabinet of Dr. Caligari, The (Cabinet des Dr. Caligari., Das) (1920)"
4672,6989,4,3.5,3.33,Gorky Park (1983)
4673,6990,1,3.5,3.28,The Great Train Robbery (1978)
4674,6992,2,2.75,3.18,Guarding Tess (1994)
4675,6993,13,3.769230769230769,3.54,Hannah and Her Sisters (1986)
4676,6994,2,3.25,3.26,"Hard Way, The (1991)"
4677,6996,7,1.8571428571428572,2.7,Highlander II: The Quickening (1991)
4678,6997,2,3.0,3.22,Hoffa (1992)
4679,6998,1,2.0,3.15,House of Cards (1993)
4680,6999,2,2.25,3.1,Housesitter (1992)
4681,7000,4,3.0,3.19,Hudson Hawk (1991)
4682,7001,6,3.75,3.44,Invasion of the Body Snatchers (1978)
4683,7004,17,2.8823529411764706,3.03,Kindergarten Cop (1990)
4684,7005,1,1.5,3.11,King Ralph (1991)
4685,7007,8,3.5,3.37,"Last Boy Scout, The (1991)"
4686,7008,5,4.5,3.67,Last Tango in Paris (Ultimo tango a Parigi) (1972)
4687,7009,3,3.3333333333333335,3.28,Lorenzo's Oil (1992)
4688,7010,3,3.5,3.32,"Lover, The (Amant, L') (1992)"
4689,7012,1,3.0,3.24,Mr. Destiny (1990)
4690,7013,7,4.0,3.56,"Night of the Hunter, The (1955)"
4691,7015,3,3.1666666666666665,3.24,Only the Lonely (1991)
4692,7016,3,1.5,2.87,Over the Top (1987)
4693,7017,3,3.5,3.32,Passenger 57 (1992)
4694,7018,5,3.9,3.47,Presumed Innocent (1990)
4695,7019,2,2.75,3.18,Project X (1987)
4696,7022,30,3.933333333333333,3.76,Battle Royale (Batoru rowaiaru) (2000)
4697,7023,1,4.5,3.37,"Wedding Banquet, The (Xi yan) (1993)"
4698,7024,3,3.6666666666666665,3.35,"Salo, or The 120 Days of Sodom (Salò o le 120 giornate di Sodoma) (1976)"
4699,7025,2,3.75,3.34,"Midnight Clear, A (1992)"
4700,7026,4,2.375,3.02,Summer School (1987)
4701,7027,5,3.2,3.24,Silverado (1985)
4702,7028,7,3.5714285714285716,3.39,Quick Change (1990)
4703,7030,2,2.75,3.18,Radio Flyer (1992)
4704,7031,1,4.0,3.33,"Real McCoy, The (1993)"
4705,7032,1,4.0,3.33,Revenge (1990)
4706,7033,4,3.125,3.22,"Secret of My Succe$s, The (a.k.a. The Secret of My Success) (1987)"
4707,7034,8,3.8125,3.5,Show Me Love (Fucking Åmål) (1998)
4708,7036,7,3.142857142857143,3.21,Teen Wolf (1985)
4709,7037,1,4.5,3.37,High Heels (Tacones lejanos) (1991)
4710,7038,1,4.0,3.33,Things You Can Tell Just by Looking at Her (2000)
4711,7040,1,2.5,3.2,To Live and Die in L.A. (1985)
4712,7041,1,2.5,3.2,Trapped in Paradise (1994)
4713,7044,5,3.8,3.44,Wild at Heart (1990)
4714,7045,3,3.1666666666666665,3.24,"Witches, The (1990)"
4715,7046,11,2.5,2.87,"Witches of Eastwick, The (1987)"
4716,7047,1,2.5,3.2,Year of the Dragon (1985)
4717,7048,4,3.375,3.29,Nothing to Lose (1997)
4718,7049,1,3.0,3.24,Flying Down to Rio (1933)
4719,7050,2,3.75,3.34,Follow the Fleet (1936)
4720,7051,2,3.5,3.3,"What's New, Pussycat (1965)"
4721,7052,1,3.0,3.24,Mary of Scotland (1936)
4722,7053,1,4.0,3.33,Roberta (1935)
4723,7054,2,3.5,3.3,Little Women (1949)
4724,7055,1,4.0,3.33,Swing Time (1936)
4725,7056,2,4.25,3.42,"Public Enemy, The (1931)"
4726,7057,1,3.5,3.28,"Midsummer Night's Dream, A (1935)"
4727,7058,1,3.5,3.28,Life with Father (1947)
4728,7059,2,3.75,3.34,National Velvet (1944)
4729,7060,3,4.0,3.43,Jesus Christ Superstar (1973)
4730,7061,1,4.0,3.33,Dark Victory (1939)
4731,7062,1,4.0,3.33,Birdman of Alcatraz (1962)
4732,7063,8,4.0,3.58,"Aguirre: The Wrath of God (Aguirre, der Zorn Gottes) (1972)"
4733,7064,6,3.25,3.26,Beauty and the Beast (La belle et la bête) (1946)
4734,7065,1,2.0,3.15,"Birth of a Nation, The (1915)"
4735,7067,2,3.25,3.26,Juliet of the Spirits (Giulietta degli spiriti) (1965)
4736,7069,4,3.5,3.33,"Macbeth (a.k.a. Tragedy of Macbeth, The) (1971)"
4737,7070,1,4.0,3.33,Red River (1948)
4738,7071,1,5.0,3.42,"Woman Under the Influence, A (1974)"
4739,7072,3,3.5,3.32,Stagecoach (1939)
4740,7073,1,2.5,3.2,"Shot in the Dark, A (1964)"
4741,7074,1,3.5,3.28,"Navigator, The (1924)"
4742,7075,1,3.5,3.28,"Court Jester, The (1956)"
4743,7076,8,3.875,3.53,Bullitt (1968)
4744,7078,3,3.8333333333333335,3.39,Jezebel (1938)
4745,7079,2,3.5,3.3,"Hunchback of Notre Dame, The (1939)"
4746,7080,3,4.0,3.43,42nd Street (1933)
4747,7082,2,3.75,3.34,That Touch of Mink (1962)
4748,7083,1,3.0,3.24,Sweet Dreams (1985)
4749,7084,4,3.75,3.4,"Play It Again, Sam (1972)"
4750,7085,2,3.25,3.26,Send Me No Flowers (1964)
4751,7086,1,3.5,3.28,Pygmalion (1938)
4752,7087,2,4.0,3.38,"Passage to India, A (1984)"
4753,7088,1,4.0,3.33,Black Orpheus (Orfeu Negro) (1959)
4754,7089,2,4.0,3.38,Amarcord (1973)
4755,7090,38,3.9210526315789473,3.78,Hero (Ying xiong) (2002)
4756,7091,2,4.0,3.38,Horse Feathers (1932)
4757,7092,2,3.5,3.3,Anna Karenina (1935)
4758,7093,2,3.75,3.34,"Front Page, The (1974)"
4759,7096,1,5.0,3.42,Rivers and Tides (2001)
4760,7099,23,4.0,3.77,Nausicaä of the Valley of the Wind (Kaze no tani no Naushika) (1984)
4761,7101,6,3.0,3.17,Doc Hollywood (1991)
4762,7102,4,2.5,3.05,Dragnet (1987)
4763,7103,1,3.5,3.28,Madhouse (1990)
4764,7104,3,2.6666666666666665,3.13,1941 (1979)
4765,7107,2,2.75,3.18,Foul Play (1978)
4766,7108,2,3.25,3.26,Crime Story (Zhong an zu) (1993)
4767,7109,1,3.0,3.24,Beyond the Clouds (Al di là delle nuvole) (1996)
4768,7114,1,0.5,3.02,"Collector, The (1965)"
4769,7115,5,2.6,3.05,Deep Red (Profondo rosso) (1975)
4770,7116,4,3.125,3.22,Diabolique (Les diaboliques) (1955)
4771,7117,5,2.3,2.95,Leprechaun (1993)
4772,7118,2,3.75,3.34,Wings of Honneamise (Ôritsu uchûgun Oneamisu no tsubasa) (1987)
4773,7121,4,4.75,3.68,Adam's Rib (1949)
4774,7122,1,5.0,3.42,King of Hearts (1966)
4775,7123,9,3.4444444444444446,3.35,Naked Lunch (1991)
4776,7124,3,3.1666666666666665,3.24,Grass (1999)
4777,7125,1,2.0,3.15,Spring Forward (1999)
4778,7127,1,3.5,3.28,Run (1991)
4779,7131,1,3.0,3.24,"Summer Place, A (1959)"
4780,7132,9,4.111111111111111,3.66,"Night at the Opera, A (1935)"
4781,7134,1,4.0,3.33,"Element of Crime, The (Forbrydelsens Element) (1984)"
4782,7137,10,3.55,3.4,"Cooler, The (2003)"
4783,7139,7,3.857142857142857,3.5,In America (2002)
4784,7141,1,4.0,3.33,My Flesh and Blood (2003)
4785,7142,3,3.0,3.2,Honey (2003)
4786,7143,62,3.903225806451613,3.81,"Last Samurai, The (2003)"
4787,7147,69,3.8333333333333335,3.76,Big Fish (2003)
4788,7149,17,3.6470588235294117,3.5,Something's Gotta Give (2003)
4789,7150,10,2.8,3.04,Stuck on You (2003)
4790,7151,12,3.375,3.32,Girl with a Pearl Earring (2003)
4791,7153,185,4.118918918918919,4.07,"Lord of the Rings: The Return of the King, The (2003)"
4792,7154,10,2.8,3.04,Mona Lisa Smile (2003)
4793,7155,8,2.625,2.98,Calendar Girls (2003)
4794,7156,13,4.3076923076923075,3.84,"Fog of War: Eleven Lessons from the Life of Robert S. McNamara, The (2003)"
4795,7158,9,3.7777777777777777,3.5,House of Sand and Fog (2003)
4796,7160,17,3.5294117647058822,3.43,Monster (2003)
4797,7161,8,1.9375,2.69,Cheaper by the Dozen (2003)
4798,7162,12,3.2916666666666665,3.28,Cold Mountain (2003)
4799,7163,17,2.911764705882353,3.04,Paycheck (2003)
4800,7164,6,3.0833333333333335,3.2,Peter Pan (2003)
4801,7165,1,3.0,3.24,"Company, The (2003)"
4802,7167,1,3.0,3.24,Japanese Story (2003)
4803,7169,8,3.9375,3.56,Chasing Liberty (2004)
4804,7171,2,3.5,3.3,Aileen: Life and Death of a Serial Killer (2003)
4805,7173,24,3.0416666666666665,3.11,Along Came Polly (2004)
4806,7175,2,2.25,3.1,Torque (2004)
4807,7176,1,3.5,3.28,Crimson Gold (Talaye sorgh) (2003)
4808,7177,1,3.5,3.28,Osama (2003)
4809,7178,1,3.0,3.24,"Great Gatsby, The (1974)"
4810,7179,1,2.5,3.2,Wuthering Heights (1992)
4811,7181,1,3.5,3.28,Ship of Fools (1965)
4812,7184,1,4.5,3.37,This Property is Condemned (1966)
4813,7190,1,3.5,3.28,Jane Eyre (1970)
4814,7191,1,2.0,3.15,Blame It on the Bellboy (1992)
4815,7192,2,3.0,3.22,Only the Strong (1993)
4816,7193,2,3.0,3.22,"Adventures of Ford Fairlane, The (1990)"
4817,7202,1,3.0,3.24,Beyond Re-Animator (2003)
4818,7205,1,3.0,3.24,"Wind and the Lion, The (1975)"
4819,7206,3,3.8333333333333335,3.39,Mon Oncle (My Uncle) (1958)
4820,7208,2,3.75,3.34,Dr. Jekyll and Mr. Hyde (1941)
4821,7209,3,3.5,3.32,"M. Hulot’s Holiday (Mr. Hulot's Holiday) (Vacances de Monsieur Hulot, Les) (1953)"
4822,7211,1,3.5,3.28,People Will Talk (1951)
4823,7212,2,4.25,3.42,I Was a Male War Bride (1949)
4824,7215,4,3.5,3.33,To Have and Have Not (1944)
4825,7216,3,4.166666666666667,3.47,High Sierra (1941)
4826,7217,1,4.0,3.33,Dark Passage (1947)
4827,7218,1,4.5,3.37,"Ox-Bow Incident, The (1943)"
4828,7219,1,4.0,3.33,They Drive by Night (1940)
4829,7222,2,3.25,3.26,Reefer Madness (a.k.a. Tell Your Children) (1938)
4830,7223,1,2.5,3.2,D.O.A. (1950)
4831,7225,3,3.6666666666666665,3.35,Pumping Iron (1977)
4832,7228,4,2.5,3.05,Cool World (1992)
4833,7234,6,4.25,3.62,"Strada, La (1954)"
4834,7235,6,3.4166666666666665,3.32,Ichi the Killer (Koroshiya 1) (2001)
4835,7236,3,4.0,3.43,"Boy and His Dog, A (1975)"
4836,7238,1,4.0,3.33,Ashes and Diamonds (Popiól i diament) (1958)
4837,7243,1,3.5,3.28,Intolerance: Love's Struggle Throughout the Ages (1916)
4838,7245,1,1.0,3.06,Tormented (1960)
4839,7247,11,3.4545454545454546,3.36,Chitty Chitty Bang Bang (1968)
4840,7248,1,3.5,3.28,"Suriyothai (a.k.a. Legend of Suriyothai, The) (2001)"
4841,7251,1,4.0,3.33,Where the Day Takes You (1992)
4842,7254,46,3.630434782608696,3.56,The Butterfly Effect (2004)
4843,7255,8,2.8125,3.07,Win a Date with Tad Hamilton! (2004)
4844,7256,8,4.0,3.58,Touching the Void (2003)
4845,7257,4,2.0,2.91,"Big Bounce, The (2004)"
4846,7258,4,2.75,3.12,"Perfect Score, The (2004)"
4847,7259,4,2.125,2.95,You Got Served (2004)
4848,7260,1,3.5,3.28,Latter Days (2003)
4849,7261,3,2.1666666666666665,3.02,Barbershop 2: Back in Business (2004)
4850,7262,1,2.0,3.15,Catch That Kid (2004)
4851,7263,10,3.35,3.31,Miracle (2004)
4852,7264,1,4.0,3.33,An Amazing Couple (2002)
4853,7265,13,3.730769230769231,3.52,"Dreamers, The (2003)"
4854,7266,1,4.0,3.33,"Lost Skeleton of Cadavra, The (2002)"
4855,7282,1,1.0,3.06,"Hip Hop Witch, Da (2000)"
4856,7285,9,3.611111111111111,3.42,Thirteen (2003)
4857,7292,1,2.5,3.2,Best Defense (1984)
4858,7293,47,3.5531914893617023,3.5,50 First Dates (2004)
4859,7294,4,3.25,3.26,Welcome to Mooseport (2004)
4860,7297,3,3.6666666666666665,3.35,Kitchen Stories (Salmer fra kjøkkenet) (2003)
4861,7299,3,3.6666666666666665,3.35,Monsieur Ibrahim (Monsieur Ibrahim et les fleurs du Coran) (2003)
4862,7301,3,3.5,3.32,Diary of a Country Priest (Journal d'un curé de campagne) (1951)
4863,7302,1,3.5,3.28,"Thief of Bagdad, The (1924)"
4864,7303,4,4.0,3.47,The Diary of Anne Frank (1959)
4865,7304,1,4.0,3.33,Allegro non troppo (1977)
4866,7305,2,2.5,3.14,Black Widow (1987)
4867,7306,1,3.0,3.24,"Herod's Law (Ley de Herodes, La) (2000)"
4868,7307,2,3.0,3.22,Flesh & Blood (1985)
4869,7308,1,2.5,3.2,King Solomon's Mines (1985)
4870,7310,3,3.3333333333333335,3.28,Raw Deal (1986)
4871,7311,3,3.6666666666666665,3.35,"Goodbye, Mr. Chips (1939)"
4872,7312,1,0.5,3.02,"Follow Me, Boys! (1966)"
4873,7315,2,2.0,3.06,Against the Ropes (2004)
4874,7316,4,2.375,3.02,Confessions of a Teenage Drama Queen (2004)
4875,7317,15,3.1333333333333333,3.19,EuroTrip (2004)
4876,7318,13,2.6153846153846154,2.9,"Passion of the Christ, The (2004)"
4877,7319,6,2.0833333333333335,2.83,Club Dread (2004)
4878,7320,5,3.4,3.31,Dirty Dancing: Havana Nights (2004)
4879,7321,2,2.75,3.18,Twisted (2004)
4880,7323,23,3.8043478260869565,3.64,"Good bye, Lenin! (2003)"
4881,7324,11,3.3181818181818183,3.29,Hidalgo (2004)
4882,7325,21,3.2857142857142856,3.28,Starsky & Hutch (2004)
4883,7326,1,3.5,3.28,"Reckoning, The (2004)"
4884,7327,6,3.75,3.44,Persona (1966)
4885,7328,1,3.5,3.28,"Passion of Anna, The (Passion, En) (1969)"
4886,7333,2,4.25,3.42,"Corbeau, Le (Raven, The) (1943)"
4887,7335,1,4.0,3.33,Pickup on South Street (1953)
4888,7336,1,3.5,3.28,"Damned, The (La Caduta degli dei) (1969)"
4889,7340,4,2.75,3.12,Just One of the Guys (1985)
4890,7344,1,3.5,3.28,"Wrong Arm of the Law, The (1963)"
4891,7345,1,4.0,3.33,Agent Cody Banks 2: Destination London (2004)
4892,7346,20,3.125,3.17,"Girl Next Door, The (2004)"
4893,7347,15,3.3,3.28,Secret Window (2004)
4894,7348,3,3.5,3.32,Spartan (2004)
4895,7349,1,3.0,3.24,Broken Wings (Knafayim Shvurot) (2002)
4896,7352,2,4.0,3.38,Wilbur Wants to Kill Himself (2002)
4897,7354,3,3.3333333333333335,3.28,Mad Dog and Glory (1993)
4898,7357,1,3.5,3.28,Peyton Place (1957)
4899,7360,16,3.90625,3.65,Dawn of the Dead (2004)
4900,7361,131,4.1603053435114505,4.09,Eternal Sunshine of the Spotless Mind (2004)
4901,7362,4,3.25,3.26,Taking Lives (2004)
4902,7364,1,4.0,3.33,Intermission (2003)
4903,7366,8,2.9375,3.12,Jersey Girl (2004)
4904,7367,14,2.5714285714285716,2.87,"Ladykillers, The (2004)"
4905,7368,1,3.5,3.28,Never Die Alone (2004)
4906,7369,4,2.25,2.98,Scooby-Doo 2: Monsters Unleashed (2004)
4907,7371,20,4.025,3.76,Dogville (2003)
4908,7372,1,3.0,3.24,Ned Kelly (2003)
4909,7373,41,3.3780487804878048,3.35,Hellboy (2004)
4910,7375,7,3.0714285714285716,3.19,"Prince & Me, The (2004)"
4911,7376,6,3.0,3.17,Walking Tall (2004)
4912,7377,1,3.5,3.28,"United States of Leland, The (2003)"
4913,7379,6,3.5,3.35,The Alamo (2004)
4914,7380,7,3.357142857142857,3.3,Ella Enchanted (2004)
4915,7381,7,3.142857142857143,3.21,"Whole Ten Yards, The (2004)"
4916,7382,2,4.25,3.42,I'm Not Scared (Io non ho paura) (2003)
4917,7386,4,3.75,3.4,"Ten Commandments, The (1956)"
4918,7387,20,3.975,3.73,Dawn of the Dead (1978)
4919,7390,1,1.5,3.11,Prey for Rock & Roll (2003)
4920,7394,1,2.5,3.2,Those Magnificent Men in Their Flying Machines (1965)
4921,7395,2,2.75,3.18,Cheaper by the Dozen (1950)
4922,7396,7,4.0,3.56,Scenes From a Marriage (Scener ur ett äktenskap) (1973)
4923,7411,1,1.5,3.11,Munchies (1987)
4924,7414,1,2.5,3.2,Going in Style (1979)
4925,7419,7,3.7857142857142856,3.47,After Hours (1985)
4926,7438,110,3.868181818181818,3.82,Kill Bill: Vol. 2 (2004)
4927,7439,14,3.5,3.4,"Punisher, The (2004)"
4928,7440,2,3.25,3.26,Paper Clips (2004)
4929,7443,1,3.5,3.28,This So-Called Disaster (2003)
4930,7444,21,3.1904761904761907,3.21,13 Going on 30 (2004)
4931,7445,35,3.6285714285714286,3.54,Man on Fire (2004)
4932,7448,4,2.75,3.12,Envy (2004)
4933,7449,2,2.5,3.14,Godsend (2004)
4934,7450,4,2.75,3.12,Laws of Attraction (2004)
4935,7451,39,3.7564102564102564,3.65,Mean Girls (2004)
4936,7454,24,2.7083333333333335,2.88,Van Helsing (2004)
4937,7455,1,3.0,3.24,"Mudge Boy, The (2003)"
4938,7457,1,3.5,3.28,Breakin' All the Rules (2004)
4939,7458,48,3.4270833333333335,3.4,Troy (2004)
4940,7459,1,4.5,3.37,Carandiru (2003)
4941,7460,6,3.5833333333333335,3.38,Coffee and Cigarettes (2003)
4942,7477,1,2.5,3.2,Eye See You (D-Tox) (2002)
4943,7479,1,4.0,3.33,Watch on the Rhine (1943)
4944,7481,4,4.0,3.47,Enemy Mine (1985)
4945,7482,13,4.038461538461538,3.69,Enter the Dragon (1973)
4946,7486,2,4.75,3.5,Happy Together (a.k.a. Buenos Aires Affair) (Chun gwong cha sit) (1997)
4947,7487,1,4.0,3.33,Henry & June (1990)
4948,7492,1,4.0,3.33,Martin (1977)
4949,7493,2,4.0,3.38,"Three Faces of Eve, The (1957)"
4950,7541,4,3.25,3.26,100 Girls (2000)
4951,7560,1,4.0,3.33,Fail-Safe (1964)
4952,7561,1,3.5,3.28,Paperhouse (1988)
4953,7562,1,2.5,3.2,Dobermann (1997)
4954,7564,2,2.5,3.14,Kwaidan (Kaidan) (1964)
4955,7566,3,4.0,3.43,28 Up (1985)
4956,7569,12,3.8333333333333335,3.57,You Only Live Twice (1967)
4957,7570,8,3.3125,3.28,Octopussy (1983)
4958,7572,1,4.5,3.37,Wit (2001)
4959,7573,8,3.125,3.2,Never Say Never Again (1983)
4960,7579,3,3.6666666666666665,3.35,Pride and Prejudice (1940)
4961,7581,2,3.25,3.26,"Fountainhead, The (1949)"
4962,7584,2,4.0,3.38,Woman of the Year (1942)
4963,7587,4,4.0,3.47,"Samouraï, Le (Godson, The) (1967)"
4964,7614,2,4.5,3.46,Oklahoma! (1955)
4965,7615,1,4.5,3.37,Desert Hearts (1985)
4966,7616,1,2.5,3.2,Body Double (1984)
4967,7618,2,3.5,3.3,Chaplin (1992)
4968,7619,3,3.6666666666666665,3.35,"Miracle Worker, The (1962)"
4969,7620,1,4.0,3.33,Monster in a Box (1992)
4970,7624,6,2.75,3.07,School Ties (1992)
4971,7636,1,0.5,3.02,Raising Cain (1992)
4972,7646,2,3.0,3.22,Rose Red (2002)
4973,7647,2,3.75,3.34,Noises Off... (1992)
4974,7649,5,2.8,3.11,Babylon 5: In the Beginning (1998)
4975,7650,3,2.0,2.98,"Witchfinder General (Conquerer Worm, The) (1968)"
4976,7657,2,3.75,3.34,Versus (2000)
4977,7669,9,3.5555555555555554,3.4,Pride and Prejudice (1995)
4978,7698,5,3.7,3.4,"China Syndrome, The (1979)"
4979,7700,5,3.3,3.27,"Wages of Fear, The (Salaire de la peur, Le) (1953)"
4980,7701,7,1.7857142857142858,2.67,Look Who's Talking Too (1990)
4981,7702,1,3.5,3.28,"Bells of St. Mary's, The (1945)"
4982,7704,1,2.0,3.15,"Delta Force, The (1986)"
4983,7705,2,4.0,3.38,Pat and Mike (1952)
4984,7706,4,4.125,3.5,Animal Crackers (1930)
4985,7707,1,2.0,3.15,"He Said, She Said (1991)"
4986,7708,1,2.0,3.15,Bedazzled (1967)
4987,7713,1,4.0,3.33,Cat People (1942)
4988,7714,1,4.0,3.33,Camelot (1967)
4989,7716,1,3.5,3.28,"Lonely Guy, The (1984)"
4990,7720,4,2.75,3.12,"Four Musketeers, The (1974)"
4991,7727,1,3.0,3.24,Protocol (1984)
4992,7728,3,3.6666666666666665,3.35,"Postman Always Rings Twice, The (1946)"
4993,7730,1,3.0,3.24,Matinee (1993)
4994,7742,1,0.5,3.02,Baxter (1989)
4995,7743,2,3.5,3.3,Explorers (1985)
4996,7745,1,4.0,3.33,"Scent of Green Papaya, The (Mùi du du xhan - L'odeur de la papaye verte) (1993)"
4997,7748,4,3.875,3.43,Pierrot le fou (1965)
4998,7749,1,4.0,3.33,Weekend (a.k.a. Le Week-end) (Week End) (1967)
4999,7753,2,3.5,3.3,Tuesdays with Morrie (1999)
5000,7756,2,4.0,3.38,Alexander Nevsky (Aleksandr Nevskiy) (1938)
5001,7757,6,3.5,3.35,Jason and the Argonauts (1963)
5002,7762,4,3.625,3.36,"Tinker, Tailor, Soldier, Spy (1979)"
5003,7766,4,4.0,3.47,Throne of Blood (Kumonosu jô) (1957)
5004,7767,2,4.75,3.5,"Best of Youth, The (La meglio gioventù) (2003)"
5005,7772,1,3.5,3.28,Undercurrent (1946)
5006,7773,2,4.0,3.38,"Bang, Bang, You're Dead (2002)"
5007,7781,1,1.5,3.11,Twister (1990)
5008,7782,2,3.0,3.22,Sniper (1993)
5009,7786,1,3.5,3.28,Genghis Blues (1999)
5010,7789,2,4.0,3.38,"11'09""01 - September 11 (2002)"
5011,7802,8,3.9375,3.56,"Warriors, The (1979)"
5012,7810,3,3.3333333333333335,3.28,Babylon 5: A Call to Arms (1999)
5013,7811,1,4.0,3.33,Babylon 5: The River of Souls (1998)
5014,7812,3,3.6666666666666665,3.35,Babylon 5: Thirdspace (1998)
5015,7815,1,5.0,3.42,True Stories (1986)
5016,7820,2,3.75,3.34,"Virgin Spring, The (Jungfrukällan) (1960)"
5017,7822,1,3.0,3.24,Mogambo (1953)
5018,7826,1,3.5,3.28,"Secret Life of Walter Mitty, The (1947)"
5019,7831,1,3.5,3.28,Another Thin Man (1939)
5020,7832,1,3.5,3.28,"Thin Man Goes Home, The (1945)"
5021,7833,1,3.5,3.28,Shadow of the Thin Man (1941)
5022,7834,3,2.8333333333333335,3.17,After the Thin Man (1936)
5023,7835,1,3.5,3.28,Song of the Thin Man (1947)
5024,7839,1,3.5,3.28,Love Crazy (1941)
5025,7840,3,3.1666666666666665,3.24,Gunga Din (1939)
5026,7841,2,3.75,3.34,Children of Dune (2003)
5027,7842,4,4.375,3.57,Dune (2000)
5028,7843,1,4.5,3.37,Lammbock (2001)
5029,7844,2,3.5,3.3,"Legend, The (Legend of Fong Sai-Yuk, The) (Fong Sai Yuk) (1993)"
5030,7845,5,2.7,3.08,Tremors II: Aftershocks (1996)
5031,7846,3,3.0,3.2,Tremors 3: Back to Perfection (2001)
5032,7879,1,3.5,3.28,Notorious C.H.O. (2002)
5033,7882,1,3.0,3.24,The Plague of the Zombies (1966)
5034,7883,2,2.0,3.06,I Walked with a Zombie (1943)
5035,7884,2,3.25,3.26,Highway 61 (1991)
5036,7888,2,4.25,3.42,How to Succeed in Business Without Really Trying (1967)
5037,7889,2,3.75,3.34,Pat Garrett and Billy the Kid (1973)
5038,7891,1,3.0,3.24,"Last Man on Earth, The (Ultimo uomo della Terra, L') (1964)"
5039,7894,4,3.5,3.33,"Duck, You Sucker (1971)"
5040,7895,2,3.5,3.3,Bring Me the Head of Alfredo Garcia (1974)
5041,7896,1,3.5,3.28,Ride the High Country (1962)
5042,7899,1,4.5,3.37,Master of the Flying Guillotine (Du bi quan wang da po xue di zi) (1975)
5043,7900,1,3.0,3.24,Frankenstein Must Be Destroyed (1969)
5044,7916,1,3.5,3.28,Gidget (1959)
5045,7920,1,3.5,3.28,Desperate Living (1977)
5046,7924,1,3.5,3.28,Stray Dog (Nora inu) (1949)
5047,7925,2,4.25,3.42,"Hidden Fortress, The (Kakushi-toride no san-akunin) (1958)"
5048,7926,1,4.0,3.33,High and Low (Tengoku to jigoku) (1963)
5049,7930,2,3.75,3.34,"People Under the Stairs, The (1991)"
5050,7932,3,3.6666666666666665,3.35,Dark Days (2000)
5051,7934,7,4.0,3.56,Zelig (1983)
5052,7936,1,4.0,3.33,Shame (Skammen) (1968)
5053,7937,2,3.5,3.3,"Silence, The (Tystnaden) (1963)"
5054,7938,1,3.5,3.28,Winter Light (Nattvardsgästerna) (1963)
5055,7939,1,4.5,3.37,Through a Glass Darkly (Såsom i en spegel) (1961)
5056,7940,1,4.5,3.37,The Magician (1958)
5057,7943,1,4.0,3.33,"Killers, The (1946)"
5058,7944,1,3.0,3.24,"Night of the Iguana, The (1964)"
5059,7951,1,2.0,3.15,Nightbreed (1990)
5060,7976,1,4.5,3.37,Ken Park (2002)
5061,7979,1,3.5,3.28,Monterey Pop (1968)
5062,7980,7,3.7857142857142856,3.47,"Bridge Too Far, A (1977)"
5063,7981,9,4.333333333333333,3.76,Infernal Affairs (Mou gaan dou) (2002)
5064,7982,4,3.25,3.26,"Tale of Two Sisters, A (Janghwa, Hongryeon) (2003)"
5065,7983,5,4.2,3.57,Broadway Danny Rose (1984)
5066,7984,1,4.0,3.33,From Beyond (1986)
5067,7986,1,1.0,3.06,Robot Jox (1990)
5068,7987,1,2.5,3.2,Dolls (1987)
5069,7988,1,2.0,3.15,Space Truckers (1996)
5070,7991,3,3.6666666666666665,3.35,Death Race 2000 (1975)
5071,7993,1,2.5,3.2,"Bucket Of Blood, A (1959)"
5072,8008,3,4.0,3.43,Brigadoon (1954)
5073,8010,1,4.0,3.33,"Power of One, The (1992)"
5074,8011,4,4.0,3.47,"Weather Underground, The (2002)"
5075,8012,3,3.6666666666666665,3.35,Kikujiro (Kikujirô no natsu) (1999)
5076,8014,10,4.25,3.75,"Spring, Summer, Fall, Winter... and Spring (Bom yeoreum gaeul gyeoul geurigo bom) (2003)"
5077,8015,1,3.5,3.28,"Phantom Tollbooth, The (1970)"
5078,8016,2,4.0,3.38,"Getaway, The (1972)"
5079,8019,1,4.0,3.33,Dark Water (Honogurai mizu no soko kara) (2002)
5080,8024,2,3.5,3.3,"Thing Called Love, The (1993)"
5081,8025,1,4.5,3.37,The Thief (1997)
5082,8033,3,3.6666666666666665,3.35,How to Steal a Million (1966)
5083,8035,2,2.0,3.06,"Stendhal Syndrome, The (Sindrome di Stendhal, La) (1996)"
5084,8042,7,4.0,3.56,Mean Streets (1973)
5085,8043,1,1.5,3.11,Jack the Bear (1993)
5086,8044,3,3.6666666666666665,3.35,I Am a Fugitive from a Chain Gang (1932)
5087,8045,1,2.0,3.15,Hamburger Hill (1987)
5088,8057,1,3.0,3.24,Sweet Bird of Youth (1962)
5089,8092,1,3.0,3.24,Frankenstein Unbound (1990)
5090,8093,1,3.5,3.28,Shiri (Swiri) (1999)
5091,8094,1,3.5,3.28,Bad Day at Black Rock (1955)
5092,8117,1,4.0,3.33,In China They Eat Dogs (I Kina spiser de hunde) (1999)
5093,8118,1,4.0,3.33,Delta Force 2 (Delta Force 2: The Colombian Connection) (1990)
5094,8119,3,3.0,3.2,Crossroads (1986)
5095,8121,2,2.0,3.06,"Seducing Doctor Lewis (Grande séduction, La) (2003)"
5096,8125,1,4.0,3.33,Sunrise: A Song of Two Humans (1927)
5097,8126,1,3.5,3.28,Shock Corridor (1963)
5098,8128,5,4.1,3.53,Au revoir les enfants (1987)
5099,8131,1,3.5,3.28,Pursuit of Happiness (2001)
5100,8132,9,4.333333333333333,3.76,Gladiator (1992)
5101,8136,1,0.5,3.02,Indestructible Man (1956)
5102,8137,1,0.5,3.02,"Wasp Woman, The (1959)"
5103,8138,2,2.25,3.1,Attack of the Giant Leeches (1959)
5104,8142,2,4.25,3.42,Dead or Alive: Hanzaisha (1999)
5105,8143,1,3.5,3.28,Lola Montès (1955)
5106,8147,1,4.0,3.33,Charly (1968)
5107,8153,1,2.5,3.2,Lust for Life (1956)
5108,8154,6,3.75,3.44,"Dolce Vita, La (1960)"
5109,8157,5,3.5,3.34,Jin Roh: The Wolf Brigade (Jin-Rô) (1998)
5110,8158,1,4.0,3.33,Rush (1991)
5111,8167,2,4.0,3.38,Captain Blood (1935)
5112,8169,7,3.2857142857142856,3.27,*batteries not included (1987)
5113,8183,3,3.1666666666666665,3.24,Educating Rita (1983)
5114,8188,1,3.5,3.28,Sansho the Bailiff (Sanshô dayû) (1954)
5115,8189,1,3.0,3.24,Zazie dans le métro (1960)
5116,8190,1,4.0,3.33,"Americanization of Emily, The (1964)"
5117,8191,1,4.0,3.33,Anne of the Thousand Days (1969)
5118,8195,2,4.0,3.38,"Avventura, L' (Adventure, The) (1960)"
5119,8196,1,3.5,3.28,Beyond the Valley of the Dolls (1970)
5120,8197,1,4.0,3.33,Hiroshima Mon Amour (1959)
5121,8199,2,2.5,3.14,Ugetsu (Ugetsu monogatari) (1953)
5122,8207,6,4.083333333333333,3.56,"Day of the Jackal, The (1973)"
5123,8225,1,4.0,3.33,Night of the Living Dead (1990)
5124,8228,17,3.6176470588235294,3.48,"Maltese Falcon, The (a.k.a. Dangerous Female) (1931)"
5125,8232,1,3.5,3.28,I Love You Again (1940)
5126,8235,2,4.0,3.38,Safety Last! (1923)
5127,8236,1,0.5,3.02,While the City Sleeps (1956)
5128,8238,1,5.0,3.42,Little Murders (1971)
5129,8239,1,4.0,3.33,Viridiana (1961)
5130,8241,1,4.0,3.33,Masterminds (1997)
5131,8253,5,3.4,3.31,Lupin III: The Castle Of Cagliostro (Rupan sansei: Kariosutoro no shiro) (1979)
5132,8254,6,4.25,3.62,Arizona Dream (1993)
5133,8261,3,4.166666666666667,3.47,3 Women (Three Women) (1977)
5134,8264,1,3.5,3.28,Grey Gardens (1975)
5135,8266,5,2.7,3.08,Purple Rain (1984)
5136,8268,2,4.25,3.42,Point of No Return (1993)
5137,8270,2,3.75,3.34,"Hairdresser's Husband, The (Le mari de la coiffeuse) (1990)"
5138,8275,1,3.5,3.28,College (1927)
5139,8290,2,0.75,2.86,Mitchell (1975)
5140,8293,1,3.5,3.28,Used People (1992)
5141,8302,1,3.5,3.28,"Front Page, The (1931)"
5142,8327,2,4.25,3.42,Dolls (2002)
5143,8331,1,4.0,3.33,"Man Who Came to Dinner, The (1942)"
5144,8335,1,3.5,3.28,Make Way for Tomorrow (1937)
5145,8336,1,3.5,3.28,"Major and the Minor, The (1942)"
5146,8337,2,4.0,3.38,"Caine Mutiny, The (1954)"
5147,8338,1,4.0,3.33,Black Narcissus (1947)
5148,8340,7,3.7857142857142856,3.47,Escape from Alcatraz (1979)
5149,8341,3,3.8333333333333335,3.39,Oliver Twist (1948)
5150,8360,92,3.5760869565217392,3.54,Shrek 2 (2004)
5151,8361,50,3.05,3.09,"Day After Tomorrow, The (2004)"
5152,8362,4,2.75,3.12,Raising Helen (2004)
5153,8363,2,3.75,3.34,Soul Plane (2004)
5154,8364,4,3.375,3.29,Baadasssss! (How to Get the Man's Foot Outta Your Ass) (2003)
5155,8366,14,3.892857142857143,3.62,Saved! (2004)
5156,8368,93,3.913978494623656,3.85,Harry Potter and the Prisoner of Azkaban (2004)
5157,8369,3,2.6666666666666665,3.13,Mindhunters (2004)
5158,8370,12,3.9583333333333335,3.64,"Blind Swordsman: Zatoichi, The (Zatôichi) (2003)"
5159,8371,23,3.3043478260869565,3.29,"Chronicles of Riddick, The (2004)"
5160,8372,5,2.3,2.95,Garfield: The Movie (2004)
5161,8373,12,2.25,2.72,"Stepford Wives, The (2004)"
5162,8375,1,2.5,3.2,"Hunting of the President, The (2004)"
5163,8376,37,3.324324324324324,3.31,Napoleon Dynamite (2004)
5164,8378,1,4.0,3.33,"Doctor, The (1991)"
5165,8379,1,3.0,3.24,"Dresser, The (1983)"
5166,8380,1,2.5,3.2,Father Hood (1993)
5167,8382,1,2.5,3.2,Hello Again (1987)
5168,8383,1,1.0,3.06,Hope Springs (2003)
5169,8385,1,3.0,3.24,Lover Come Back (1961)
5170,8387,5,0.8,2.46,Police Academy: Mission to Moscow (1994)
5171,8391,1,3.0,3.24,Big Wednesday (1978)
5172,8402,1,2.0,3.15,Book of Love (1990)
5173,8405,2,4.5,3.46,Hour of the Wolf (Vargtimmen) (1968)
5174,8410,1,3.5,3.28,Suddenly (1954)
5175,8424,1,4.0,3.33,"Divorcee, The (1930)"
5176,8425,1,2.0,3.15,Meet the Applegates (1991)
5177,8426,1,4.0,3.33,Robot Carnival (Roboto kânibauru) (1987)
5178,8427,1,1.5,3.11,Americathon (1979)
5179,8446,1,2.5,3.2,Sands of Iwo Jima (1949)
5180,8447,1,1.0,3.06,This Island Earth (1955)
5181,8450,1,3.0,3.24,Anthony Adverse (1936)
5182,8451,2,3.25,3.26,Blackboard Jungle (1955)
5183,8454,1,3.5,3.28,Luna Papa (1999)
5184,8456,1,4.0,3.33,Investigation of a Citizen Above Suspicion (Indagine su un cittadino al di sopra di ogni sospetto) (1970)
5185,8458,1,3.5,3.28,To Each His Own (1946)
5186,8459,1,3.5,3.28,"Heiress, The (1949)"
5187,8461,1,3.5,3.28,Dragon Seed (1944)
5188,8462,1,3.0,3.24,Executive Suite (1954)
5189,8463,1,4.0,3.33,Johnny Belinda (1948)
5190,8464,50,3.51,3.47,Super Size Me (2004)
5191,8465,1,3.5,3.28,Johnny Eager (1942)
5192,8477,2,4.5,3.46,"Jetée, La (1962)"
5193,8481,1,3.0,3.24,Northwest Passage (1940)
5194,8482,2,2.0,3.06,"Picture of Dorian Gray, The (1945)"
5195,8484,1,4.5,3.37,"Human Condition I, The (Ningen no joken I) (1959)"
5196,8487,2,3.5,3.3,Please Don't Eat the Daisies (1960)
5197,8491,3,3.6666666666666665,3.35,White Heat (1949)
5198,8492,2,3.25,3.26,"Christmas Carol, A (Scrooge) (1951)"
5199,8493,6,3.0833333333333335,3.2,Memphis Belle (1990)
5200,8494,1,0.5,3.02,"Cincinnati Kid, The (1965)"
5201,8495,1,2.5,3.2,Animal Factory (2000)
5202,8500,1,2.5,3.2,Godzilla vs. Mechagodzilla (Gojira tai Mekagojira) (1974)
5203,8501,4,3.625,3.36,"Hitcher, The (1986)"
5204,8502,1,3.0,3.24,Show Boat (1951)
5205,8506,2,2.25,3.1,Fear X (2003)
5206,8507,9,3.1666666666666665,3.22,Freaks (1932)
5207,8511,1,4.5,3.37,"Immigrant, The (1917)"
5208,8512,1,3.5,3.28,Silent Movie (1976)
5209,8518,1,3.5,3.28,Anna Christie (1930)
5210,8521,2,2.0,3.06,Dr. Jekyll and Mr. Hyde (1931)
5211,8526,3,2.5,3.09,Around the World in 80 Days (2004)
5212,8528,39,3.551282051282051,3.49,Dodgeball: A True Underdog Story (2004)
5213,8529,47,3.3191489361702127,3.31,"Terminal, The (2004)"
5214,8530,2,3.75,3.34,Dear Frankie (2004)
5215,8531,6,2.8333333333333335,3.11,White Chicks (2004)
5216,8532,1,2.5,3.2,"Door in the Floor, The (2004)"
5217,8533,38,3.5657894736842106,3.5,"Notebook, The (2004)"
5218,8534,1,3.5,3.28,Two Brothers (Deux frères) (2004)
5219,8535,1,4.0,3.33,De-Lovely (2004)
5220,8542,3,4.0,3.43,"Day at the Races, A (1937)"
5221,8571,1,3.5,3.28,Bob & Carol & Ted & Alice (1969)
5222,8574,2,1.5,2.98,"Claymation Christmas Celebration, A (1987)"
5223,8575,1,3.0,3.24,"Happenstance (Battement d'ailes du papillon, Le) (2001)"
5224,8577,1,4.0,3.33,Comandante (2003)
5225,8578,2,3.25,3.26,Undead (2003)
5226,8580,1,5.0,3.42,Into the Woods (1991)
5227,8581,4,4.0,3.47,Pirates of Silicon Valley (1999)
5228,8582,2,4.25,3.42,Manufacturing Consent: Noam Chomsky and the Media (1992)
5229,8587,1,3.5,3.28,Mayor of the Sunset Strip (2003)
5230,8588,1,4.0,3.33,Killing Me Softly (2002)
5231,8591,1,3.5,3.28,"Philadelphia Experiment, The (1984)"
5232,8593,1,4.0,3.33,Juice (1992)
5233,8596,2,3.25,3.26,Revenge of the Pink Panther (1978)
5234,8600,2,3.75,3.34,Angels with Dirty Faces (1938)
5235,8601,1,4.0,3.33,Zero de conduite (Zero for Conduct) (Zéro de conduite: Jeunes diables au collège) (1933)
5236,8604,5,3.2,3.24,Taxi (1998)
5237,8605,2,3.25,3.26,Taxi 3 (2003)
5238,8607,5,3.9,3.47,Tokyo Godfathers (2003)
5239,8609,2,3.25,3.26,Our Hospitality (1923)
5240,8610,2,2.5,3.14,All of Me (1984)
5241,8611,1,3.5,3.28,"Farmer's Daughter, The (1947)"
5242,8614,6,3.0,3.17,Overboard (1987)
5243,8617,1,3.0,3.24,Butterfield 8 (1960)
5244,8620,2,1.5,2.98,"Exterminating Angel, The (Ángel exterminador, El) (1962)"
5245,8622,37,3.4864864864864864,3.44,Fahrenheit 9/11 (2004)
5246,8623,11,3.272727272727273,3.27,Roxanne (1987)
5247,8626,1,1.5,3.11,Dr. Terror's House of Horrors (1965)
5248,8632,1,0.5,3.02,Secret Society (2002)
5249,8633,7,3.5714285714285716,3.39,"Last Starfighter, The (1984)"
5250,8636,79,3.8037974683544302,3.74,Spider-Man 2 (2004)
5251,8638,15,3.7,3.52,Before Sunset (2004)
5252,8640,13,2.9615384615384617,3.1,King Arthur (2004)
5253,8641,57,3.7719298245614037,3.69,Anchorman: The Legend of Ron Burgundy (2004)
5254,8643,9,3.2777777777777777,3.27,"Cinderella Story, A (2004)"
5255,8644,61,3.4918032786885247,3.46,"I, Robot (2004)"
5256,8645,8,3.9375,3.56,"Maria Full of Grace (Maria, Llena eres de gracia) (2004)"
5257,8650,1,3.5,3.28,Long Day's Journey Into Night (1962)
5258,8656,2,3.75,3.34,"Short Film About Killing, A (Krótki film o zabijaniu) (1988)"
5259,8665,75,3.7866666666666666,3.72,"Bourne Supremacy, The (2004)"
5260,8666,9,1.3333333333333333,2.37,Catwoman (2004)
5261,8667,1,3.5,3.28,A Home at the End of the World (2004)
5262,8670,1,4.0,3.33,"Testament of Dr. Mabuse, The (Das Testament des Dr. Mabuse) (1933)"
5263,8677,2,1.25,2.94,Flash Gordon Conquers the Universe (1940)
5264,8684,1,3.5,3.28,"Man Escaped, A (Un  condamné à mort s'est échappé ou Le vent souffle où il veut) (1956)"
5265,8685,1,3.5,3.28,"Miracle of Marcelino, The (Marcelino pan y vino) (1955)"
5266,8690,1,4.0,3.33,Slaughterhouse-Five (1972)
5267,8695,3,3.0,3.2,"Bachelor and the Bobby-Soxer, The (1947)"
5268,8711,1,3.0,3.24,Mr. Blandings Builds His Dream House (1948)
5269,8712,1,3.0,3.24,My Favorite Wife (1940)
5270,8713,1,3.0,3.24,"New Adventures of Pippi Longstocking, The (1988)"
5271,8714,1,2.5,3.2,Night and Day (1946)
5272,8718,2,3.5,3.3,"Snake Pit, The (1948)"
5273,8720,1,2.0,3.15,"Super, The (1991)"
5274,8724,2,4.25,3.42,"Leopard, The (Gattopardo, Il) (1963)"
5275,8727,1,2.0,3.15,"Day of the Locust, The (1975)"
5276,8730,2,4.0,3.38,To End All Wars (2001)
5277,8738,1,5.0,3.42,"Woman Is a Woman, A (femme est une femme, Une) (1961)"
5278,8743,2,3.0,3.22,Biggles (1986)
5279,8748,2,4.0,3.38,"Yesterday, Today and Tomorrow (Ieri, oggi, domani) (1963)"
5280,8753,1,3.5,3.28,Unprecedented: The 2000 Presidential Election (2002)
5281,8754,1,4.0,3.33,"Prime of Miss Jean Brodie, The (1969)"
5282,8755,1,3.0,3.24,My Voyage to Italy (Il mio viaggio in Italia) (1999)
5283,8771,1,3.0,3.24,Sherlock Holmes: Terror by Night (1946)
5284,8772,1,0.5,3.02,"Spy Who Came in from the Cold, The (1965)"
5285,8773,1,3.0,3.24,Sherlock Holmes and the Secret Weapon (1942)
5286,8774,1,3.5,3.28,Sherlock Holmes: The Woman in Green (1945)
5287,8778,2,3.75,3.34,Sherlock Holmes: Dressed to Kill (1946)
5288,8781,12,3.0416666666666665,3.14,"Manchurian Candidate, The (2004)"
5289,8782,2,2.75,3.18,Thunderbirds (2004)
5290,8783,26,3.1923076923076925,3.21,"Village, The (2004)"
5291,8784,48,3.7083333333333335,3.63,Garden State (2004)
5292,8795,1,4.5,3.37,Musa the Warrior (Musa) (2001)
5293,8796,5,3.1,3.21,"Funny Thing Happened on the Way to the Forum, A (1966)"
5294,8798,44,3.7613636363636362,3.67,Collateral (2004)
5295,8799,3,2.1666666666666665,3.02,Little Black Book (2004)
5296,8800,1,4.5,3.37,Code 46 (2003)
5297,8804,1,5.0,3.42,"Story of Women (Affaire de femmes, Une) (1988)"
5298,8807,34,3.4558823529411766,3.41,Harold and Kumar Go to White Castle (2004)
5299,8808,7,2.5,2.96,"Princess Diaries 2: Royal Engagement, The (2004)"
5300,8809,2,3.25,3.26,Danny Deckchair (2003)
5301,8810,17,2.823529411764706,2.99,AVP: Alien vs. Predator (2004)
5302,8813,2,4.0,3.38,We Don't Live Here Anymore (2004)
5303,8814,7,2.0,2.75,Without a Paddle (2004)
5304,8815,3,2.5,3.09,Exorcist: The Beginning (2004)
5305,8827,5,4.0,3.5,"Bill Cosby, Himself (1983)"
5306,8830,2,1.75,3.02,Anacondas: The Hunt for the Blood Orchid (2004)
5307,8831,1,3.5,3.28,Suspect Zero (2004)
5308,8832,2,3.25,3.26,Warriors of Heaven and Earth (Tian di ying xiong) (2003)
5309,8833,3,3.5,3.32,Vanity Fair (2004)
5310,8835,3,2.3333333333333335,3.05,Paparazzi (2004)
5311,8836,3,3.3333333333333335,3.28,Wicker Park (2004)
5312,8838,3,4.166666666666667,3.47,Alice Doesn't Live Here Anymore (1974)
5313,8840,1,1.0,3.06,Who's That Knocking at My Door? (1967)
5314,8844,1,3.0,3.24,Camera Buff (Amator) (1979)
5315,8848,2,3.5,3.3,"Vitelloni, I (a.k.a. The Young and the Passionate) (1953)"
5316,8860,7,2.857142857142857,3.1,Cellular (2004)
5317,8861,14,2.9285714285714284,3.07,Resident Evil: Apocalypse (2004)
5318,8864,3,2.6666666666666665,3.13,Mr. 3000 (2004)
5319,8865,18,2.638888888888889,2.87,Sky Captain and the World of Tomorrow (2004)
5320,8866,9,3.111111111111111,3.19,Wimbledon (2004)
5321,8869,6,3.3333333333333335,3.29,First Daughter (2004)
5322,8870,5,2.5,3.01,"Forgotten, The (2004)"
5323,8873,27,3.7962962962962963,3.65,"Motorcycle Diaries, The (Diarios de motocicleta) (2004)"
5324,8874,77,4.0064935064935066,3.92,Shaun of the Dead (2004)
5325,8875,1,4.0,3.33,"Come Back, Little Sheba (1952)"
5326,8879,6,3.25,3.26,Murder on the Orient Express (1974)
5327,8880,7,3.4285714285714284,3.33,Mask (1985)
5328,8894,1,1.5,3.11,Orca: The Killer Whale (1977)
5329,8905,1,2.5,3.2,1492: Conquest of Paradise (1992)
5330,8906,3,2.6666666666666665,3.13,Cannibal Holocaust (1980)
5331,8907,13,2.3461538461538463,2.75,Shark Tale (2004)
5332,8908,6,3.6666666666666665,3.41,Ladder 49 (2004)
5333,8910,21,3.4523809523809526,3.39,I Heart Huckabees (2004)
5334,8911,1,5.0,3.42,Raise Your Voice (2004)
5335,8912,2,1.75,3.02,Taxi (2004)
5336,8914,17,3.7941176470588234,3.59,Primer (2004)
5337,8915,1,3.5,3.28,Stage Beauty (2004)
5338,8916,3,3.0,3.2,Shall We Dance? (2004)
5339,8917,32,3.46875,3.42,Team America: World Police (2004)
5340,8918,1,3.0,3.24,Eulogy (2004)
5341,8919,2,4.25,3.42,P.S. (2004)
5342,8920,1,3.5,3.28,"Country Girl, The (1954)"
5343,8921,1,3.5,3.28,"Rose Tattoo, The (1955)"
5344,8928,3,3.6666666666666665,3.35,"Fearless Vampire Killers, The (1967)"
5345,8933,1,4.0,3.33,"Decline of the American Empire, The (Déclin de l'empire américain, Le) (1986)"
5346,8934,1,1.0,3.06,Bebe's Kids (1992)
5347,8937,8,3.5625,3.39,Friday Night Lights (2004)
5348,8938,1,4.0,3.33,Tarnation (2003)
5349,8939,3,3.6666666666666665,3.35,"Final Cut, The (2004)"
5350,8943,2,1.75,3.02,Being Julia (2004)
5351,8946,2,2.75,3.18,Surviving Christmas (2004)
5352,8947,10,2.3,2.79,"Grudge, The (2004)"
5353,8948,3,2.3333333333333335,3.05,Alfie (2004)
5354,8949,39,3.7435897435897436,3.64,Sideways (2004)
5355,8950,38,3.986842105263158,3.83,The Machinist (2004)
5356,8951,4,3.0,3.19,Vera Drake (2004)
5357,8952,1,3.5,3.28,Falling Angels (2003)
5358,8954,1,4.0,3.33,Lightning in a Bottle (2004)
5359,8955,1,3.0,3.24,Undertow (2004)
5360,8957,33,3.1818181818181817,3.2,Saw (2004)
5361,8958,19,3.6842105263157894,3.54,Ray (2004)
5362,8959,3,2.5,3.09,Birth (2004)
5363,8961,125,3.836,3.79,"Incredibles, The (2004)"
5364,8964,1,3.0,3.24,Callas Forever (2002)
5365,8965,11,3.1363636363636362,3.2,"Polar Express, The (2004)"
5366,8966,8,3.125,3.2,Kinsey (2004)
5367,8967,4,1.75,2.84,Seed of Chucky (Child's Play 5) (2004)
5368,8968,6,3.5833333333333335,3.38,After the Sunset (2004)
5369,8969,20,3.025,3.11,Bridget Jones: The Edge of Reason (2004)
5370,8970,32,3.609375,3.52,Finding Neverland (2004)
5371,8972,38,3.263157894736842,3.26,National Treasure (2004)
5372,8973,8,3.75,3.47,Bad Education (La mala educación) (2004)
5373,8974,2,3.0,3.22,"SpongeBob SquarePants Movie, The (2004)"
5374,8977,10,2.2,2.74,Alexander (2004)
5375,8978,2,2.5,3.14,Christmas with the Kranks (2004)
5376,8979,1,4.0,3.33,Guerrilla: The Taking of Patty Hearst (2004)
5377,8981,16,3.71875,3.54,Closer (2004)
5378,8982,3,3.0,3.2,I Am David (2003)
5379,8983,25,3.52,3.44,House of Flying Daggers (Shi mian mai fu) (2004)
5380,8984,43,3.2906976744186047,3.29,Ocean's Twelve (2004)
5381,8985,14,2.857142857142857,3.03,Blade: Trinity (2004)
5382,8987,1,3.0,3.24,Bush's Brain (2004)
5383,8989,1,3.5,3.28,Damn Yankees! (1958)
5384,8998,1,4.0,3.33,That's Entertainment (1974)
5385,9004,1,2.0,3.15,D.A.R.Y.L. (1985)
5386,9005,2,2.0,3.06,Fire in the Sky (1993)
5387,9008,1,2.5,3.2,"Invisible Man Returns, The (1940)"
5388,9010,5,4.1,3.53,Love Me If You Dare (Jeux d'enfants) (2003)
5389,9018,3,4.333333333333333,3.5,Control Room (2004)
5390,25746,1,3.0,3.24,"Hunchback of Notre Dame, The (1923)"
5391,25750,2,3.0,3.22,Sherlock Jr. (1924)
5392,25752,1,4.0,3.33,"Freshman, The (1925)"
5393,25753,1,4.0,3.33,Greed (1924)
5394,25757,1,4.0,3.33,"Jazz Singer, The (1927)"
5395,25769,1,4.5,3.37,"Steamboat Bill, Jr. (1928)"
5396,25771,4,4.5,3.61,"Andalusian Dog, An (Chien andalou, Un) (1929)"
5397,25773,1,4.0,3.33,Little Caesar (1931)
5398,25782,1,0.5,3.02,Boudu Saved From Drowning (Boudu sauvé des eaux) (1932)
5399,25788,2,3.75,3.34,Scarface (1932)
5400,25795,1,3.5,3.28,Dinner at Eight (1933)
5401,25797,1,3.5,3.28,Gold Diggers of 1933 (1933)
5402,25805,1,4.5,3.37,"Atalante, L' (1934)"
5403,25825,4,3.375,3.29,Fury (1936)
5404,25826,1,3.5,3.28,Libeled Lady (1936)
5405,25827,2,3.5,3.3,Mr. Deeds Goes to Town (1936)
5406,25833,1,4.0,3.33,Camille (1936)
5407,25834,1,4.0,3.33,Captains Courageous (1937)
5408,25841,3,4.166666666666667,3.47,Stage Door (1937)
5409,25850,3,3.0,3.2,Holiday (1938)
5410,25856,2,3.25,3.26,Wuthering Heights (1939)
5411,25865,1,4.0,3.33,"Letter, The (1940)"
5412,25870,1,3.5,3.28,Here Comes Mr. Jordan (1941)
5413,25886,2,4.0,3.38,Random Harvest (1942)
5414,25887,1,5.0,3.42,Tales of Manhattan (1942)
5415,25898,2,4.0,3.38,Day of Wrath (Vredens dag) (1943)
5416,25905,1,3.5,3.28,"Miracle of Morgan's Creek, The (1944)"
5417,25906,1,5.0,3.42,Mr. Skeffington (1944)
5418,25923,1,3.5,3.28,Great Expectations (1946)
5419,25927,1,3.0,3.24,"Stranger, The (1946)"
5420,25937,3,3.3333333333333335,3.28,Easter Parade (1948)
5421,25940,1,3.5,3.28,"Lady from Shanghai, The (1947)"
5422,25946,1,3.5,3.28,"Three Musketeers, The (1948)"
5423,25947,1,5.0,3.42,Unfaithfully Yours (1948)
5424,25952,1,4.0,3.33,"Letter to Three Wives, A (1949)"
5425,25959,1,2.5,3.2,Annie Get Your Gun (1950)
5426,25962,1,3.0,3.24,King Solomon's Mines (1950)
5427,25963,1,4.0,3.33,"Young and the Damned, The (Olvidados, Los) (1950)"
5428,25996,1,3.5,3.28,"Star Is Born, A (1954)"
5429,25999,1,3.5,3.28,The Wild One (1953)
5430,26002,1,3.5,3.28,Confidential Report (1955)
5431,26003,1,4.5,3.37,Night and Fog (Nuit et brouillard) (1955)
5432,26038,1,4.0,3.33,Teacher's Pet (1958)
5433,26048,1,4.5,3.37,"Human Condition II, The (Ningen no joken II) (1959)"
5434,26052,2,2.75,3.18,Pickpocket (1959)
5435,26059,1,4.5,3.37,When a Woman Ascends the Stairs (Onna ga kaidan wo agaru toki) (1960)
5436,26073,1,5.0,3.42,"Human Condition III, The (Ningen no joken III) (1961)"
5437,26078,1,5.0,3.42,Advise and Consent (1962)
5438,26082,3,4.5,3.54,Harakiri (Seppuku) (1962)
5439,26084,5,3.9,3.47,"Music Man, The (1962)"
5440,26095,1,0.5,3.02,"Carabineers, The (Carabiniers, Les) (1963)"
5441,26116,2,4.5,3.46,"Hush... Hush, Sweet Charlotte (1964)"
5442,26122,1,4.5,3.37,Onibaba (1964)
5443,26124,1,2.0,3.15,Robinson Crusoe on Mars (1964)
5444,26131,5,4.3,3.6,"Battle of Algiers, The (La battaglia di Algeri) (1966)"
5445,26133,6,4.0,3.53,"Charlie Brown Christmas, A (1965)"
5446,26142,1,2.0,3.15,Major Dundee (1965)
5447,26147,1,5.0,3.42,"Thousand Clowns, A (1965)"
5448,26150,1,4.5,3.37,Andrei Rublev (Andrey Rublyov) (1969)
5449,26151,2,3.5,3.3,Au Hasard Balthazar (1966)
5450,26152,5,3.0,3.18,Batman (1966)
5451,26158,1,4.0,3.33,Closely Watched Trains (Ostre sledované vlaky) (1966)
5452,26159,2,3.75,3.34,Tokyo Drifter (Tôkyô nagaremono) (1966)
5453,26169,1,5.0,3.42,Branded to Kill (Koroshi no rakuin) (1967)
5454,26171,3,3.1666666666666665,3.24,Play Time (a.k.a. Playtime) (1967)
5455,26172,2,3.0,3.22,Point Blank (1967)
5456,26176,1,2.5,3.2,Titicut Follies (1967)
5457,26183,2,4.25,3.42,Asterix and Cleopatra (Astérix et Cléopâtre) (1968)
5458,26184,2,3.5,3.3,"Diamond Arm, The (Brilliantovaya ruka) (1968)"
5459,26195,1,3.0,3.24,Sympathy for the Devil (1968)
5460,26198,2,2.75,3.18,"Yours, Mine and Ours (1968)"
5461,26225,1,4.5,3.37,"Claire's Knee (Genou de Claire, Le) (1970)"
5462,26231,1,4.0,3.33,Performance (1970)
5463,26236,1,4.0,3.33,"White Sun of the Desert, The (Beloe solntse pustyni) (1970)"
5464,26237,1,4.0,3.33,Zabriskie Point (1970)
5465,26242,5,3.2,3.24,Duel (1971)
5466,26249,2,3.75,3.34,They Call Me Trinity (1971)
5467,26258,5,3.9,3.47,"Topo, El (1970)"
5468,26265,1,4.5,3.37,Dr. Phibes Rises Again (1972)
5469,26283,1,3.0,3.24,Charley Varrick (1973)
5470,26285,1,2.5,3.2,Dark Star (1974)
5471,26303,1,4.0,3.33,Sisters (1973)
5472,26308,1,4.0,3.33,Turkish Delight (Turks fruit) (1973)
5473,26313,1,4.0,3.33,California Split (1974)
5474,26317,1,3.5,3.28,Emmanuelle (1974)
5475,26322,4,3.125,3.22,Gone in 60 Seconds (1974)
5476,26326,2,4.5,3.46,"Holy Mountain, The (Montaña sagrada, La) (1973)"
5477,26340,3,3.6666666666666665,3.35,"Twelve Tasks of Asterix, The (Les douze travaux d'Astérix) (1976)"
5478,26344,1,3.0,3.24,French Connection II (1975)
5479,26347,1,4.0,3.33,"Irony of Fate, or Enjoy Your Bath! (Ironiya sudby, ili S legkim parom!) (1975)"
5480,26350,1,5.0,3.42,"Passenger, The (Professione: reporter) (1975)"
5481,26357,1,4.0,3.33,Trilogy of Terror (1975)
5482,26359,1,4.5,3.37,1900 (Novecento) (1976)
5483,26365,1,2.5,3.2,Futureworld (1976)
5484,26366,1,5.0,3.42,Harlan County U.S.A. (1976)
5485,26375,3,3.6666666666666665,3.35,Silver Streak (1976)
5486,26386,1,3.5,3.28,High Anxiety (1977)
5487,26391,1,2.5,3.2,"New York, New York (1977)"
5488,26394,1,4.0,3.33,"Turning Point, The (1977)"
5489,26399,1,3.5,3.28,Five Deadly Venoms (1978)
5490,26401,1,5.0,3.42,Last Hurrah for Chivalry (Hao xia) (1979)
5491,26409,2,2.75,3.18,"Clonus Horror, The (1979)"
5492,26413,2,3.25,3.26,Snake in the Eagle's Shadow (Se ying diu sau) (1978)
5493,26422,3,3.1666666666666665,3.24,Hair (1979)
5494,26429,1,4.0,3.33,Love at First Bite (1979)
5495,26444,2,4.0,3.38,"Hitch Hikers Guide to the Galaxy, The (1981)"
5496,26453,1,4.0,3.33,Smiley's People (1982)
5497,26464,1,3.0,3.24,Blue Thunder (1983)
5498,26467,1,3.0,3.24,"Day After, The (1983)"
5499,26471,4,4.375,3.57,Eddie Murphy Delirious (1983)
5500,26472,1,3.5,3.28,"Norte, El (1984)"
5501,26492,3,3.0,3.2,Twilight Zone: The Movie (1983)
5502,26498,1,3.0,3.24,Boy Meets Girl (1984)
5503,26504,2,3.25,3.26,Cloak & Dagger (1984)
5504,26510,2,2.25,3.1,"Ewok Adventure, The (a.k.a. Caravan of Courage: An Ewok Adventure) (1984)"
5505,26523,1,3.5,3.28,"Silent Night, Deadly Night (1984)"
5506,26524,2,4.5,3.46,"Times of Harvey Milk, The (1984)"
5507,26527,1,4.0,3.33,What Have I Done to Deserve This? (¿Qué he hecho yo para merecer esto!!) (1984)
5508,26528,3,4.5,3.54,Anne of Green Gables (1985)
5509,26539,1,3.0,3.24,Death of a Salesman (1985)
5510,26542,2,3.0,3.22,Ewoks: The Battle for Endor (1985)
5511,26547,2,4.25,3.42,Police Story (Ging chaat goo si) (1985)
5512,26554,2,4.25,3.42,"Quiet Earth, The (1985)"
5513,26555,2,2.75,3.18,Spies Like Us (1985)
5514,26562,1,3.0,3.24,White Nights (1985)
5515,26564,2,3.5,3.3,'Round Midnight (1986)
5516,26567,1,2.0,3.15,Club Paradise (1986)
5517,26578,3,4.166666666666667,3.47,"Sacrifice, The (Offret - Sacraficatio) (1986)"
5518,26585,3,3.8333333333333335,3.39,"Better Tomorrow, A (Ying hung boon sik) (1986)"
5519,26587,1,5.0,3.42,"Decalogue, The (Dekalog) (1989)"
5520,26590,1,2.0,3.15,G.I. Joe: The Movie (1987)
5521,26593,1,2.0,3.15,Hell Comes to Frogtown (1988)
5522,26599,1,4.0,3.33,"Law of Desire (Ley del deseo, La) (1987)"
5523,26603,1,4.5,3.37,Prince of Darkness (1987)
5524,26606,2,4.25,3.42,"Chinese Ghost Story, A (Sinnui yauwan) (1987)"
5525,26612,2,4.0,3.38,"Better Tomorrow II, A (Ying hung boon sik II) (1987)"
5526,26614,9,3.388888888888889,3.32,"Bourne Identity, The (1988)"
5527,26622,1,3.0,3.24,Dominick and Eugene (1988)
5528,26629,3,2.0,2.98,Killer Klowns from Outer Space (1988)
5529,26630,1,3.0,3.24,Moonwalker (1988)
5530,26631,2,3.75,3.34,Alice (Neco z Alenky) (1988)
5531,26645,1,4.0,3.33,Life Is a Long Quiet River (La vie est un long fleuve tranquille) (1988)
5532,26649,2,3.75,3.34,Lonesome Dove (1989)
5533,26662,17,4.0588235294117645,3.76,Kiki's Delivery Service (Majo no takkyûbin) (1989)
5534,26676,1,2.5,3.2,Almost an Angel (1990)
5535,26680,5,3.8,3.44,Cry-Baby (1990)
5536,26681,2,4.0,3.38,Bullet in the Head (1990)
5537,26686,3,1.5,2.87,Ghost Dad (1990)
5538,26693,1,4.0,3.33,It (1990)
5539,26694,1,3.5,3.28,Ju Dou (1990)
5540,26695,1,3.5,3.28,"Krays, The (1990)"
5541,26696,1,0.5,3.02,Lionheart (1990)
5542,26700,2,2.25,3.1,Nuns on the Run (1990)
5543,26701,1,3.0,3.24,Patlabor: The Movie (Kidô keisatsu patorebâ: The Movie) (1989)
5544,26704,2,4.0,3.38,State of Grace (1990)
5545,26712,3,4.0,3.43,35 Up (1991)
5546,26713,1,4.5,3.37,Days of Being Wild (A Fei jingjyuhn) (1990)
5547,26717,1,0.5,3.02,Begotten (1990)
5548,26726,1,2.5,3.2,Dutch (1991)
5549,26729,5,3.8,3.44,Hearts of Darkness: A Filmmakers Apocalypse (1991)
5550,26732,1,4.0,3.33,Johnny Stecchino (1991)
5551,26736,1,4.5,3.37,Riki-Oh: The Story of Ricky (Lik Wong) (1991)
5552,26741,1,1.5,3.11,Mannequin 2: On the Move (1991)
5553,26743,1,2.5,3.2,Only Yesterday (Omohide poro poro) (1991)
5554,26745,1,2.5,3.2,Other People's Money (1991)
5555,26750,2,3.25,3.26,Quigley Down Under (1990)
5556,26761,1,3.0,3.24,Prime Suspect 2 (1992)
5557,26764,2,1.25,2.94,Captain America (1990)
5558,26765,2,2.75,3.18,City Hunter (Sing si lip yan) (1993)
5559,26776,14,3.892857142857143,3.62,Porco Rosso (Crimson Pig) (Kurenai no buta) (1992)
5560,26777,1,4.0,3.33,"Stolen Children (Ladro di bambini, Il) (1992)"
5561,26778,3,3.0,3.2,Ladybugs (1992)
5562,26782,1,2.0,3.15,"Mambo Kings, The (1992)"
5563,26791,1,1.5,3.11,Shining Through (1992)
5564,26792,2,1.5,2.98,Sidekicks (1992)
5565,26796,1,3.5,3.28,"Heart in Winter, A (Un coeur en hiver) (1992)"
5566,26797,1,3.0,3.24,Visions of Light: The Art of Cinematography (1992)
5567,26810,3,4.833333333333333,3.61,Bad Boy Bubby (1993)
5568,26812,2,2.75,3.18,Barbarians at the Gate (1993)
5569,26819,1,2.5,3.2,Fortress (1992)
5570,26828,1,1.5,3.11,Mr. Nanny (1993)
5571,26838,1,3.0,3.24,"Snapper, The (1993)"
5572,26840,1,5.0,3.42,Sonatine (Sonachine) (1993)
5573,26849,1,5.0,3.42,"Stand, The (1994)"
5574,26854,1,2.5,3.2,"Darkman II: Return of Durant, The (1995)"
5575,26861,1,3.5,3.28,Freaked (1993)
5576,26865,4,3.375,3.29,Fist of Legend (Jing wu ying xiong) (1994)
5577,26870,3,2.6666666666666665,3.13,Major League II (1994)
5578,26871,2,2.25,3.1,My Father the Hero (1994)
5579,26875,1,4.0,3.33,"Pure Formality, A (Pura formalità, Una) (1994)"
5580,26887,1,3.0,3.24,"Langoliers, The (1995)"
5581,26900,1,3.0,3.24,"Last Wedding, The (Kivenpyörittäjän kylä) (1995)"
5582,26901,1,2.5,3.2,Last of the Dogmen (1995)
5583,26903,5,3.8,3.44,Whisper of the Heart (Mimi wo sumaseba) (1995)
5584,26913,1,1.5,3.11,Street Fighter II: The Animated Movie (Sutorîto Faitâ II gekijô-ban) (1994)
5585,26928,1,5.0,3.42,"Summer's Tale, A (Conte d'été) (1996)"
5586,26940,1,2.5,3.2,"Late Shift, The (1996)"
5587,26947,1,2.5,3.2,Pusher (1996)
5588,26958,1,3.5,3.28,Emma (1996)
5589,26965,2,3.5,3.3,"Boxer, The (1997)"
5590,26974,3,3.1666666666666665,3.24,Gummo (1997)
5591,26985,1,4.5,3.37,Nirvana (1997)
5592,26999,2,3.0,3.22,"Lion King II: Simba's Pride, The (1998)"
5593,27002,1,3.5,3.28,From the Earth to the Moon (1998)
5594,27003,1,3.0,3.24,Beowulf (1999)
5595,27006,1,3.5,3.28,RKO 281 (1999)
5596,27008,1,1.0,3.06,From Dusk Till Dawn 2: Texas Blood Money (1999) 
5597,27020,5,3.4,3.31,Gia (1998)
5598,27022,1,4.0,3.33,Thursday (1998)
5599,27032,2,3.5,3.3,Who Am I? (Wo shi shei) (1998)
5600,27036,1,3.0,3.24,Merlin (1998)
5601,27074,1,1.5,3.11,Brave New World (1998)
5602,27075,1,3.0,3.24,Addams Family Reunion (1998)
5603,27105,1,2.5,3.2,Purgatory (1999)
5604,27124,1,2.0,3.15,Bleeder (1999)
5605,27134,1,4.0,3.33,Dark Portals: The Chronicles of Vidocq  (Vidocq) (2001)
5606,27140,1,3.0,3.24,Candyman 3: Day of the Dead (1999)
5607,27155,1,2.0,3.15,"Batman/Superman Movie, The (1998)"
5608,27156,5,4.3,3.6,"Neon Genesis Evangelion: The End of Evangelion (Shin seiki Evangelion Gekijô-ban: Air/Magokoro wo, kimi ni) (1997)"
5609,27176,1,4.5,3.37,Style Wars (1983)
5610,27178,1,4.0,3.33,In July (Im Juli) (2000)
5611,27186,2,4.0,3.38,Kirikou and the Sorceress (Kirikou et la sorcière) (1998)
5612,27193,4,3.875,3.43,Taxi 2 (2000)
5613,27246,1,4.0,3.33,If These Walls Could Talk 2 (2000)
5614,27251,2,2.75,3.18,"10th Kingdom, The (2000)"
5615,27255,1,3.5,3.28,"Wind Will Carry Us, The (Bad ma ra khahad bord) (1999)"
5616,27266,7,4.071428571428571,3.59,2046 (2004)
5617,27306,1,1.5,3.11,Bartleby (2001)
5618,27311,3,3.5,3.32,Batman Beyond: Return of the Joker (2000)
5619,27317,6,3.75,3.44,Audition (Ôdishon) (1999)
5620,27320,1,5.0,3.42,"Nine Lives of Tomas Katz, The (2000)"
5621,27328,1,4.5,3.37,Monday (2000)
5622,27329,1,4.0,3.33,Paradise Lost 2: Revelations (2000)
5623,27368,3,4.0,3.43,Asterix & Obelix: Mission Cleopatra (Astérix & Obélix: Mission Cléopâtre) (2002)
5624,27369,1,4.0,3.33,Daria: Is It Fall Yet? (2000)
5625,27370,1,4.5,3.37,Late Night Shopping (2001)
5626,27373,1,5.0,3.42,61* (2001)
5627,27397,4,4.25,3.54,Joint Security Area (Gongdong gyeongbi guyeok JSA) (2000)
5628,27408,3,3.3333333333333335,3.28,Ripley's Game (2002)
5629,27416,2,3.75,3.34,Jalla! Jalla! (2000)
5630,27420,1,2.0,3.15,Teknolust (2002)
5631,27426,1,2.5,3.2,"Accidental Spy, The (Dak miu mai shing) (2001)"
5632,27434,3,1.5,2.87,Darkness (2002)
5633,27441,2,3.25,3.26,Blood: The Last Vampire (2000)
5634,27450,1,2.5,3.2,Blueberry (2004)
5635,27473,1,2.5,3.2,American Psycho II: All American Girl (2002)
5636,27478,3,3.0,3.2,Ali G Indahouse (2002)
5637,27480,1,4.5,3.37,Dead or Alive 2: Tôbôsha (2000)
5638,27482,2,3.75,3.34,Cube 2: Hypercube (2002)
5639,27491,1,3.0,3.24,Pulse (Kairo) (2001)
5640,27513,1,3.0,3.24,Dog Days (Hundstage) (2001)
5641,27523,1,5.0,3.42,My Sassy Girl (Yeopgijeogin geunyeo) (2001)
5642,27537,1,3.5,3.28,Nothing (2003)
5643,27539,1,2.5,3.2,Undertaking Betty (Plots with a View) (2002)
5644,27549,1,1.5,3.11,Dead or Alive: Final (2002)
5645,27555,2,3.75,3.34,Fubar (2002)
5646,27563,3,4.333333333333333,3.5,"Happiness of the Katakuris, The (Katakuri-ke no kôfuku) (2001)"
5647,27584,2,3.5,3.3,Dead End (2003)
5648,27592,5,3.8,3.44,Sympathy for Mr. Vengeance (Boksuneun naui geot) (2002)
5649,27595,1,0.5,3.02,Jesus Christ Vampire Hunter (2001)
5650,27604,4,3.125,3.22,Suicide Club (Jisatsu saakuru) (2001)
5651,27611,19,3.8157894736842106,3.62,Battlestar Galactica (2003)
5652,27618,2,2.75,3.18,"Sound of Thunder, A (2005)"
5653,27619,2,4.5,3.46,"Lion King 1½, The (2004)"
5654,27627,1,4.5,3.37,Oasis (2002)
5655,27644,1,3.5,3.28,Remember Me (Ricordati di me) (2003)
5656,27660,20,3.7,3.55,"Animatrix, The (2003)"
5657,27664,2,3.25,3.26,"Brown Bunny, The (2003)"
5658,27667,1,3.0,3.24,Ju-on: The Curse (2000)
5659,27674,4,3.75,3.4,11:14 (2003)
5660,27683,1,2.0,3.15,Tremors 4: The Legend Begins (2004)
5661,27685,2,1.75,3.02,Bring It On Again (2004)
5662,27689,1,2.5,3.2,"Crimson Rivers 2: Angels of the Apocalypse (Rivières pourpres II - Les anges de l'apocalypse, Les) (2004)"
5663,27692,1,3.5,3.28,And Starring Pancho Villa as Himself (2003)
5664,27695,1,3.0,3.24,Nicotina (2003)
5665,27704,1,5.0,3.42,Battle Royale 2: Requiem (Batoru rowaiaru II: Chinkonka) (2003)
5666,27705,1,1.5,3.11,In Hell (2003)
5667,27706,25,3.16,3.19,Lemony Snicket's A Series of Unfortunate Events (2004)
5668,27708,1,4.0,3.33,Helen of Troy (2003)
5669,27716,1,4.5,3.37,"Green Butchers, The (Grønne slagtere, De) (2003)"
5670,27721,6,3.6666666666666665,3.41,"Very Long Engagement, A (Un long dimanche de fiançailles) (2004)"
5671,27722,3,4.166666666666667,3.47,Last Life in the Universe (Ruang rak noi nid mahasan) (2003)
5672,27728,3,2.1666666666666665,3.02,Ghost in the Shell 2: Innocence (a.k.a. Innocence) (Inosensu) (2004)
5673,27731,8,3.75,3.47,"Cat Returns, The (Neko no ongaeshi) (2002)"
5674,27741,6,3.8333333333333335,3.47,"Twilight Samurai, The (Tasogare Seibei) (2002)"
5675,27744,1,4.5,3.37,"Facing Windows (Finestra di fronte, La) (2003)"
5676,27746,1,3.0,3.24,Ginger Snaps: Unleashed (2004)
5677,27751,1,5.0,3.42,'Salem's Lot (2004)
5678,27762,1,2.5,3.2,Comic Book: The Movie (2004)
5679,27768,2,3.75,3.34,Intimate Strangers (Confidences trop intimes) (2004)
5680,27769,1,3.0,3.24,Down to the Bone (2004)
5681,27772,6,2.5833333333333335,3.01,Ju-on: The Grudge (2002)
5682,27773,39,4.089743589743589,3.92,Old Boy (2003)
5683,27776,1,4.5,3.37,Red Lights (Feux rouges) (2004)
5684,27778,1,3.0,3.24,Ginger Snaps Back: The Beginning (2004)
5685,27784,1,1.5,3.11,One Missed Call (Chakushin ari) (2003)
5686,27788,8,3.0,3.15,"Jacket, The (2005)"
5687,27790,4,3.5,3.33,Millions (2004)
5688,27793,2,1.5,2.98,Starship Troopers 2: Hero of the Federation (2004)
5689,27801,12,4.0,3.66,Ong-Bak: The Thai Warrior (Ong Bak) (2003)
5690,27802,1,3.0,3.24,Infernal Affairs 2 (Mou gaan dou II) (2003)
5691,27803,8,4.0,3.58,"Sea Inside, The (Mar adentro) (2004)"
5692,27808,11,3.3636363636363638,3.31,Spanglish (2004)
5693,27815,11,3.909090909090909,3.6,"Chorus, The (Choristes, Les) (2004)"
5694,27816,1,2.5,3.2,Saints and Soldiers (2003)
5695,27820,2,4.0,3.38,"Story of the Weeping Camel, The (Geschichte vom weinenden Kamel, Die) (2003)"
5696,27821,6,3.25,3.26,"Interpreter, The (2005)"
5697,27822,5,2.7,3.08,Open Water (2003)
5698,27826,1,4.0,3.33,Touch of Pink (2004)
5699,27829,1,3.5,3.28,Slasher (2004)
5700,27830,1,2.5,3.2,"Bobby Jones, Stroke of Genius (2004)"
5701,27831,19,3.8157894736842106,3.62,Layer Cake (2004)
5702,27834,3,4.333333333333333,3.5,"Return, The (Vozvrashcheniye) (2003)"
5703,27837,4,2.875,3.15,Flight of the Phoenix (2004)
5704,27838,2,3.75,3.34,Mean Creek (2004)
5705,27839,5,2.3,2.95,"Ring Two, The (2005)"
5706,27846,10,3.9,3.58,"Corporation, The (2003)"
5707,27850,2,3.75,3.34,"Yes Men, The (2003)"
5708,27865,2,2.75,3.18,Azumi (2003)
5709,27866,1,3.5,3.28,In My Father's Den (2004)
5710,27869,1,4.5,3.37,Tae Guk Gi: The Brotherhood of War (Taegukgi hwinalrimyeo) (2004)
5711,27873,3,3.1666666666666665,3.24,Metallica: Some Kind of Monster (2004)
5712,27878,4,3.875,3.43,Born into Brothels (2004)
5713,27879,4,4.125,3.5,DiG! (2004)
5714,27882,4,4.0,3.47,Riding Giants (2004)
5715,27899,2,2.75,3.18,What the #$*! Do We Know!? (a.k.a. What the Bleep Do We Know!?) (2004)
5716,27904,22,3.6136363636363638,3.5,"Scanner Darkly, A (2006)"
5717,27905,1,3.5,3.28,Casshern (2004)
5718,27912,5,3.3,3.27,Outfoxed: Rupert Murdoch's War on Journalism (2004)
5719,30707,52,3.8461538461538463,3.75,Million Dollar Baby (2004)
5720,30745,2,4.75,3.5,Gozu (Gokudô kyôfu dai-gekijô: Gozu) (2003)
5721,30749,48,3.7916666666666665,3.7,Hotel Rwanda (2004)
5722,30793,61,3.0,3.04,Charlie and the Chocolate Factory (2005)
5723,30803,3,4.5,3.54,3-Iron (Bin-jip) (2004)
5724,30810,37,3.4864864864864864,3.44,"Life Aquatic with Steve Zissou, The (2004)"
5725,30812,35,3.5285714285714285,3.47,"Aviator, The (2004)"
5726,30816,12,3.1666666666666665,3.21,"Phantom of the Opera, The (2004)"
5727,30818,1,2.0,3.15,Beyond the Sea (2004)
5728,30820,3,3.8333333333333335,3.39,"Woodsman, The (2004)"
5729,30822,11,3.4545454545454546,3.36,In Good Company (2004)
5730,30825,33,3.106060606060606,3.14,Meet the Fockers (2004)
5731,30846,2,3.5,3.3,"Assassination of Richard Nixon, The (2004)"
5732,30848,3,3.1666666666666665,3.24,"Love Song for Bobby Long, A (2004)"
5733,30850,4,3.75,3.4,"Merchant of Venice, The (2004)"
5734,30883,2,1.5,2.98,Fat Albert (2004)
5735,30890,1,3.0,3.24,"Keys to the House, The (Chiavi di casa, Le) (2004)"
5736,30894,8,2.5,2.93,White Noise (2005)
5737,30898,3,3.1666666666666665,3.24,"Upside of Anger, The (2005)"
5738,30994,1,4.0,3.33,Little Miss Marker (1980)
5739,31000,1,2.5,3.2,Sweet Liberty (1986)
5740,31030,1,4.0,3.33,I Remember Mama (1948)
5741,31038,1,4.0,3.33,Smooth Talk (1985)
5742,31049,1,2.5,3.2,Out Cold (1989)
5743,31083,1,2.0,3.15,Man Trouble (1992)
5744,31086,1,3.5,3.28,Battles Without Honor & Humanity (Jingi naki tatakai) (1973)
5745,31101,2,3.5,3.3,Stander (2003)
5746,31114,2,3.0,3.22,Imaginary Heroes (2004)
5747,31116,3,3.8333333333333335,3.39,Sergeant York (1941)
5748,31123,1,2.5,3.2,Ruby & Quentin (Tais-toi!) (2003)
5749,31150,1,2.0,3.15,Wizards (1977)
5750,31162,1,3.0,3.24,"Life and Death of Peter Sellers, The (2004)"
5751,31184,3,3.8333333333333335,3.39,Appleseed (Appurushîdo) (2004)
5752,31193,1,3.5,3.28,"Many Adventures of Winnie the Pooh, The (1977)"
5753,31221,10,2.05,2.67,Elektra (2005)
5754,31223,1,2.0,3.15,Racing Stripes (2005)
5755,31225,7,3.0714285714285716,3.19,Coach Carter (2005)
5756,31260,1,3.5,3.28,Boys Town (1938)
5757,31297,1,3.5,3.28,Gold Diggers of 1935 (1935)
5758,31309,1,3.5,3.28,Rocco and His Brothers (Rocco e i suoi fratelli) (1960)
5759,31364,5,4.7,3.73,Memories of Murder (Salinui chueok) (2003)
5760,31367,1,2.0,3.15,"Chase, The (1994)"
5761,31410,20,3.875,3.67,"Downfall (Untergang, Der) (2004)"
5762,31420,8,3.1875,3.23,Assault on Precinct 13 (2005)
5763,31422,1,0.5,3.02,Are We There Yet? (2005)
5764,31424,1,0.5,3.02,Alone in the Dark (2005)
5765,31427,6,2.3333333333333335,2.92,Hide and Seek (2005)
5766,31431,2,2.0,3.06,Boogeyman (2005)
5767,31433,11,3.1363636363636362,3.2,"Wedding Date, The (2005)"
5768,31435,1,4.5,3.37,Rory O'Shea Was Here (Inside I'm Dancing) (2004)
5769,31437,2,4.25,3.42,Nobody Knows (Dare mo shiranai) (2004)
5770,31445,2,2.25,3.1,Employee of the Month (2004)
5771,31522,1,5.0,3.42,"Marriage of Maria Braun, The (Ehe der Maria Braun, Die) (1979)"
5772,31545,1,4.0,3.33,"Trou, Le (Hole, The) (Night Watch, The) (1960)"
5773,31553,1,1.0,3.06,Double Dragon (1994)
5774,31590,1,3.0,3.24,Hands Off the Loot (Touchez pas au grisbi) (1954)
5775,31610,1,4.0,3.33,Purple Butterfly (Zi hudie) (2003)
5776,31617,1,3.0,3.24,El Cid (1961)
5777,31658,40,4.075,3.91,Howl's Moving Castle (Hauru no ugoku shiro) (2004)
5778,31660,2,3.0,3.22,Steamboy (Suchîmubôi) (2004)
5779,31664,1,3.5,3.28,Gorgeous (Boh lee chun) (1999)
5780,31685,45,3.1666666666666665,3.18,Hitch (2005)
5781,31692,1,0.5,3.02,Uncle Nino (2003)
5782,31694,2,3.25,3.26,Bride & Prejudice (2004)
5783,31696,35,3.4714285714285715,3.42,Constantine (2005)
5784,31698,1,1.0,3.06,Son of the Mask (2005)
5785,31700,3,3.1666666666666665,3.24,Because of Winn-Dixie (2005)
5786,31702,1,4.0,3.33,Turtles Can Fly (Lakposhtha hâm parvaz mikonand) (2004)
5787,31737,1,3.5,3.28,Bunny Lake Is Missing (1965)
5788,31804,4,3.25,3.26,Night Watch (Nochnoy dozor) (2004)
5789,31851,1,3.0,3.24,Sons of the Desert (1933)
5790,31867,1,3.0,3.24,Man of the House (2005)
5791,31878,19,3.5789473684210527,3.47,Kung Fu Hustle (Gong fu) (2004)
5792,31903,1,4.0,3.33,Zelary (2003)
5793,31909,1,4.0,3.33,Dr. Giggles (1992)
5794,31921,1,2.5,3.2,"Seven-Per-Cent Solution, The (1976)"
5795,31923,3,4.0,3.43,"Three Musketeers, The (1973)"
5796,31925,1,4.0,3.33,Royal Flash (1975)
5797,31952,1,3.5,3.28,Control (Kontroll) (2003)
5798,31973,1,3.5,3.28,Germany Year Zero (Germania anno zero) (Deutschland im Jahre Null) (1948)
5799,32009,3,2.6666666666666665,3.13,Tyler Perry's Diary of a Mad Black Woman (2005)
5800,32011,6,2.1666666666666665,2.86,Cursed (2005)
5801,32017,7,2.7142857142857144,3.04,"Pacifier, The (2005)"
5802,32019,8,2.4375,2.9,Be Cool (2005)
5803,32022,3,3.6666666666666665,3.35,Gunner Palace (2004)
5804,32029,10,3.05,3.16,Hostage (2005)
5805,32031,19,3.026315789473684,3.11,Robots (2005)
5806,32058,1,2.0,3.15,Class Action (1991)
5807,32060,1,3.0,3.24,"Cat and the Canary, The (1927)"
5808,32116,1,2.5,3.2,"Oh, God! You Devil (1984)"
5809,32139,1,4.0,3.33,"Agony and the Ecstasy, The (1965)"
5810,32179,1,4.0,3.33,Elevator to the Gallows (a.k.a. Frantic) (Ascenseur pour l'échafaud) (1958)
5811,32213,3,2.6666666666666665,3.13,Cube Zero (2004)
5812,32234,1,4.0,3.33,Julia (1977)
5813,32243,1,3.5,3.28,Stealing Rembrandt (Rembrandt) (2003)
5814,32289,4,3.375,3.29,Ice Princess (2005)
5815,32291,5,3.1,3.21,Melinda and Melinda (2004)
5816,32294,1,3.5,3.28,Milk and Honey (2003)
5817,32296,8,2.25,2.82,Miss Congeniality 2: Armed and Fabulous (2005)
5818,32298,3,2.3333333333333335,3.05,Guess Who (2005)
5819,32300,3,2.8333333333333335,3.17,D.E.B.S. (2004)
5820,32302,1,4.0,3.33,"League of Ordinary Gentlemen, A (2004)"
5821,32314,1,3.5,3.28,Incident at Loch Ness (2004)
5822,32387,2,4.25,3.42,"Sword of Doom, The (Dai-bosatsu tôge) (1966)"
5823,32392,1,2.5,3.2,800 Bullets (800 Balas) (2002)
5824,32440,1,2.0,3.15,If Looks Could Kill (1991)
5825,32442,1,2.5,3.2,Greedy (1994)
5826,32456,2,4.25,3.42,"Pom Poko (a.k.a. Raccoon War, The) (Heisei tanuki gassen pompoko) (1994)"
5827,32460,4,4.25,3.54,Knockin' on Heaven's Door (1997)
5828,32469,1,4.5,3.37,We're No Angels (1955)
5829,32511,1,4.5,3.37,"Touch of Zen, A (Xia nu) (1971)"
5830,32515,1,2.5,3.2,Walker (1987)
5831,32554,3,3.8333333333333335,3.39,Memories (Memorîzu) (1995)
5832,32582,2,4.75,3.5,"Wild Parrots of Telegraph Hill, The (2003)"
5833,32584,4,3.125,3.22,"Ballad of Jack and Rose, The (2005)"
5834,32587,84,3.857142857142857,3.79,Sin City (2005)
5835,32589,1,2.0,3.15,Beauty Shop (2005)
5836,32596,7,3.0714285714285716,3.19,Sahara (2005)
5837,32598,8,2.9375,3.12,Fever Pitch (2005)
5838,32600,1,3.5,3.28,Eros (2004)
5839,32620,1,3.5,3.28,Not on the Lips (Pas sur la bouche) (2003)
5840,32632,1,3.5,3.28,Electra Glide in Blue (1973)
5841,32649,1,4.0,3.33,"Special Day, A (Giornata particolare, Una) (1977)"
5842,32657,4,4.25,3.54,"Man Who Planted Trees, The (Homme qui plantait des arbres, L') (1987)"
5843,32659,1,2.5,3.2,Tanguy (2001)
5844,32666,1,1.0,3.06,National Lampoon's Lady Killers (National Lampoon's Gold Diggers) (2003)
5845,32728,1,4.0,3.33,"Little Girl Who Lives Down the Lane, The (1976)"
5846,32743,1,3.0,3.24,Ringu 0: Bâsudei (2000)
5847,32770,2,4.25,3.42,Brothers (Brødre) (2004)
5848,32799,1,3.5,3.28,Maidens in Uniform (Mädchen in Uniform) (1931)
5849,32862,1,4.0,3.33,With Six You Get Eggroll (1968)
5850,32875,1,3.0,3.24,Holiday (Jour de fête) (1949)
5851,32892,2,2.75,3.18,Ivan's Childhood (a.k.a. My Name is Ivan) (Ivanovo detstvo) (1962)
5852,32898,5,3.5,3.34,"Trip to the Moon, A (Voyage dans la lune, Le) (1902)"
5853,32906,1,3.5,3.28,"Ascent, The (Voskhozhdeniye) (1977)"
5854,32914,1,3.0,3.24,Carrie (2002)
5855,32917,1,4.0,3.33,Boccaccio '70 (1962)
5856,33004,44,3.4204545454545454,3.39,"Hitchhiker's Guide to the Galaxy, The (2005)"
5857,33085,6,2.25,2.89,"Amityville Horror, The (2005)"
5858,33090,2,4.0,3.38,Mutant Aliens (2001)
5859,33124,1,3.5,3.28,Before the Fall (NaPolA - Elite für den Führer) (2004)
5860,33126,1,2.5,3.2,"Frisco Kid, The (1979)"
5861,33132,1,1.5,3.11,State Property 2 (2005)
5862,33138,1,5.0,3.42,Palindromes (2004)
5863,33145,6,3.0,3.17,"Lot Like Love, A (2005)"
5864,33148,1,2.5,3.2,King's Ransom (2005)
5865,33154,6,4.0,3.53,Enron: The Smartest Guys in the Room (2005)
5866,33158,5,2.0,2.85,xXx: State of the Union (2005)
5867,33162,17,3.5,3.41,Kingdom of Heaven (2005)
5868,33164,6,1.8333333333333333,2.74,House of Wax (2005)
5869,33166,50,3.89,3.78,Crash (2004)
5870,33171,2,2.0,3.06,Mysterious Skin (2004)
5871,33188,1,2.5,3.2,Mischief (1985)
5872,33201,1,4.5,3.37,Between Your Legs (Entre las piernas) (1999)
5873,33237,1,4.0,3.33,San Francisco (1936)
5874,33294,1,2.5,3.2,Vampire Hunter D (1985)
5875,33310,1,4.5,3.37,"Common Thread, A (a.k.a. Sequins) (Brodeuses) (2004)"
5876,33312,1,3.5,3.28,"Cocoanuts, The (1929)"
5877,33421,3,3.6666666666666665,3.35,Dear Wendy (2005)
5878,33435,1,3.5,3.28,Los Angeles Plays Itself (2003)
5879,33437,9,3.4444444444444446,3.35,Unleashed (Danny the Dog) (2005)
5880,33493,78,3.4294871794871793,3.41,Star Wars: Episode III - Revenge of the Sith (2005)
5881,33495,7,2.642857142857143,3.01,Kicking & Screaming (2005)
5882,33499,4,2.5,3.05,Monster-in-Law (2005)
5883,33558,1,3.0,3.24,"Snow Walker, The (2003)"
5884,33564,2,4.5,3.46,Divorce - Italian Style (Divorzio all'italiana) (1961)
5885,33615,40,3.375,3.35,Madagascar (2005)
5886,33629,1,2.5,3.2,Airborne (1993)
5887,33639,3,3.3333333333333335,3.28,Mad Hot Ballroom (2005)
5888,33644,1,2.5,3.2,Dominion: Prequel to the Exorcist (2005)
5889,33646,9,3.111111111111111,3.19,"Longest Yard, The (2005)"
5890,33649,1,5.0,3.42,Saving Face (2004)
5891,33660,17,4.088235294117647,3.78,Cinderella Man (2005)
5892,33669,7,3.0714285714285716,3.19,"Sisterhood of the Traveling Pants, The (2005)"
5893,33672,7,3.0,3.16,Lords of Dogtown (2005)
5894,33677,3,3.5,3.32,Rock School (2005)
5895,33679,59,3.2796610169491527,3.28,Mr. & Mrs. Smith (2005)
5896,33681,2,1.75,3.02,"Adventures of Sharkboy and Lavagirl 3-D, The (2005)"
5897,33683,2,3.75,3.34,High Tension (Haute tension) (Switchblade Romance) (2003)
5898,33725,3,3.1666666666666665,3.24,It's All Gone Pete Tong (2004)
5899,33779,2,4.5,3.46,Eddie Izzard: Dress to Kill (1999)
5900,33781,2,3.0,3.22,Quo Vadis (1951)
5901,33794,116,3.8620689655172415,3.81,Batman Begins (2005)
5902,33801,1,3.0,3.24,Godzilla: Final Wars (Gojira: Fainaru uôzu) (2004)
5903,33815,2,3.0,3.22,"Perfect Man, The (2005)"
5904,33826,1,2.5,3.2,Saint Ralph (2004)
5905,33830,3,3.1666666666666665,3.24,Herbie: Fully Loaded (2005)
5906,33834,4,3.125,3.22,Land of the Dead (2005)
5907,33836,13,2.269230769230769,2.71,Bewitched (2005)
5908,33838,1,3.5,3.28,Rize (2005)
5909,33880,4,3.75,3.4,Me and You and Everyone We Know (2005)
5910,33893,1,4.5,3.37,"Perfect Crime, The (Crimen Ferpecto) (Ferpect Crime) (2004)"
5911,33896,3,3.3333333333333335,3.28,3 Extremes (Three... Extremes) (Saam gaang yi) (2004)
5912,33903,5,4.0,3.5,"Edukators, The (Die Fetten Jahre sind vorbei) (2004)"
5913,33966,1,1.5,3.11,Cop and ½ (1993)
5914,34018,1,3.0,3.24,At the Circus (1939)
5915,34048,50,3.15,3.17,War of the Worlds (2005)
5916,34072,18,3.5555555555555554,3.45,"March of the Penguins (Marche de l'empereur, La) (2005)"
5917,34129,1,3.0,3.24,Rebound (2005)
5918,34143,3,2.0,2.98,Dark Water (2005)
5919,34148,2,3.0,3.22,"Beat That My Heart Skipped, The (battre mon coeur s'est arrêté, De) (2005)"
5920,34150,36,2.763888888888889,2.88,Fantastic Four (2005)
5921,34153,3,3.8333333333333335,3.39,Murderball (2005)
5922,34162,58,3.5086206896551726,3.47,Wedding Crashers (2005)
5923,34164,1,3.5,3.28,Happy Endings (2005)
5924,34271,4,3.75,3.4,Hustle & Flow (2005)
5925,34292,1,1.5,3.11,Hardware (1990)
5926,34312,1,5.0,3.42,"Calcium Kid, The (2004)"
5927,34319,31,3.3548387096774195,3.33,"Island, The (2005)"
5928,34321,3,3.0,3.2,Bad News Bears (2005)
5929,34323,7,3.7142857142857144,3.44,"Devil's Rejects, The (2005)"
5930,34326,2,3.0,3.22,Last Days (2005)
5931,34330,1,3.0,3.24,November (2004)
5932,34332,6,2.9166666666666665,3.14,Sky High (2005)
5933,34334,5,2.5,3.01,Stealth (2005)
5934,34336,4,2.0,2.91,Must Love Dogs (2005)
5935,34338,10,3.35,3.31,"Aristocrats, The (2005)"
5936,34359,1,4.0,3.33,Georgy Girl (1966)
5937,34397,1,3.0,3.24,"Order, The (2001)"
5938,34405,50,3.94,3.82,Serenity (2005)
5939,34437,21,3.4761904761904763,3.41,Broken Flowers (2005)
5940,34450,1,4.5,3.37,Miracles - Mr. Canton and Lady Rose (1989)
5941,34520,12,2.0833333333333335,2.63,"Dukes of Hazzard, The (2005)"
5942,34523,3,2.0,2.98,The Chumscrubber (2005)
5943,34528,3,3.6666666666666665,3.35,Junebug (2005)
5944,34530,3,2.8333333333333335,3.17,Deuce Bigalow: European Gigolo (2005)
5945,34532,4,3.0,3.19,"Skeleton Key, The (2005)"
5946,34534,7,3.5714285714285716,3.39,Four Brothers (2005)
5947,34536,3,3.1666666666666665,3.24,The Great Raid (2005)
5948,34540,1,3.0,3.24,Pretty Persuasion (2005)
5949,34542,5,3.7,3.4,Grizzly Man (2005)
5950,34800,1,1.5,3.11,Private Resort (1985)
5951,34811,1,2.5,3.2,Pusher II: With Blood on My Hands (2004)
5952,35015,1,3.5,3.28,Duma (2005)
5953,35347,1,1.0,3.06,Animal Farm (1954)
5954,35807,1,4.0,3.33,"Teahouse of the August Moon, The (1956)"
5955,35836,74,3.5472972972972974,3.51,"40-Year-Old Virgin, The (2005)"
5956,35957,9,3.388888888888889,3.32,Red Eye (2005)
5957,36276,2,2.5,3.14,Hidden (a.k.a. Cache) (Caché) (2005)
5958,36289,1,4.0,3.33,Asterix & Obelix vs. Caesar (Astérix et Obélix contre César) (1999)
5959,36363,2,3.75,3.34,Kin-Dza-Dza! (1986)
5960,36397,1,1.5,3.11,Valiant (2005)
5961,36401,20,2.625,2.84,"Brothers Grimm, The (2005)"
5962,36477,1,4.0,3.33,"Baxter, The (2005)"
5963,36509,3,2.6666666666666665,3.13,"Cave, The (2005)"
5964,36517,13,3.4615384615384617,3.37,"Constant Gardener, The (2005)"
5965,36519,16,3.21875,3.24,Transporter 2 (2005)
5966,36525,8,2.6875,3.01,Just Like Heaven (2005)
5967,36527,7,3.5714285714285716,3.39,Proof (2005)
5968,36529,35,3.7142857142857144,3.61,Lord of War (2005)
5969,36533,2,2.25,3.1,Cry_Wolf (a.k.a. Cry Wolf) (2005)
5970,36535,9,3.7777777777777777,3.5,Everything Is Illuminated (2005)
5971,36537,3,3.3333333333333335,3.28,Thumbsucker (2005)
5972,36708,12,3.7083333333333335,3.5,Family Guy Presents Stewie Griffin: The Untold Story (2005)
5973,36850,2,3.75,3.34,Police Story 2 (Ging chaat goo si juk jaap) (1988)
5974,36931,1,3.5,3.28,New Police Story (Xin jing cha gu shi) (2004)
5975,37211,1,3.0,3.24,Go West (1940)
5976,37240,4,3.5,3.33,Why We Fight (2005)
5977,37380,10,2.15,2.72,Doom (2005)
5978,37382,8,2.875,3.09,Domino (2005)
5979,37384,13,3.269230769230769,3.27,Waiting... (2005)
5980,37386,21,2.761904761904762,2.93,Aeon Flux (2005)
5981,37444,1,4.0,3.33,Frankenstein 90 (1984)
5982,37475,1,3.0,3.24,"Unfinished Life, An (2005)"
5983,37477,1,2.5,3.2,"Man, The (2005)"
5984,37495,1,3.5,3.28,Survive Style 5+ (2004)
5985,37545,2,3.25,3.26,Woyzeck (1979)
5986,37720,6,2.9166666666666665,3.14,"Exorcism of Emily Rose, The (2005)"
5987,37727,11,2.8636363636363638,3.06,Flightplan (2005)
5988,37729,44,3.534090909090909,3.48,Corpse Bride (2005)
5989,37731,9,3.7222222222222223,3.48,Green Street Hooligans (a.k.a. Hooligans) (2005)
5990,37733,27,3.5,3.43,"History of Violence, A (2005)"
5991,37736,3,3.5,3.32,Oliver Twist (2005)
5992,37739,5,3.3,3.27,"Greatest Game Ever Played, The (2005)"
5993,37741,23,3.869565217391304,3.68,Capote (2005)
5994,37830,10,3.55,3.4,Final Fantasy VII: Advent Children (2004)
5995,37844,1,2.0,3.15,Roll Bounce (2005)
5996,37853,2,2.5,3.14,Into the Blue (2005)
5997,37857,9,3.611111111111111,3.42,MirrorMask (2005)
5998,38038,30,3.6333333333333333,3.54,Wallace & Gromit in The Curse of the Were-Rabbit (2005)
5999,38061,35,4.071428571428571,3.89,Kiss Kiss Bang Bang (2005)
6000,38095,3,4.166666666666667,3.47,"Bittersweet Life, A (Dalkomhan insaeng) (2005)"
6001,38159,1,4.5,3.37,"Short Film About Love, A (Krótki film o milosci) (1988)"
6002,38164,1,4.0,3.33,"All This, and Heaven Too (1940)"
6003,38198,1,4.0,3.33,Darwin's Nightmare (2004)
6004,38294,1,2.5,3.2,Beowulf & Grendel (2005)
6005,38304,4,4.625,3.64,No Direction Home: Bob Dylan (2005)
6006,38388,2,4.25,3.42,Goal! The Dream Begins (Goal!) (2005)
6007,38583,1,2.5,3.2,"Wraith, The (1986)"
6008,38798,4,3.125,3.22,In Her Shoes (2005)
6009,38886,9,3.4444444444444446,3.35,"Squid and the Whale, The (2005)"
6010,38992,1,3.5,3.28,Two for the Money (2005)
6011,39183,34,3.5588235294117645,3.49,Brokeback Mountain (2005)
6012,39231,4,3.5,3.33,Elizabethtown (2005)
6013,39234,4,3.5,3.33,North Country (2005)
6014,39292,20,3.775,3.6,"Good Night, and Good Luck. (2005)"
6015,39307,1,2.5,3.2,Dreamer: Inspired by a True Story (2005)
6016,39381,8,3.5625,3.39,"Proposition, The (2005)"
6017,39400,5,2.1,2.88,"Fog, The (2005)"
6018,39414,7,3.0,3.16,Shopgirl (2005)
6019,39427,4,3.0,3.19,Stay (2005)
6020,39435,5,2.9,3.14,"Legend of Zorro, The (2005)"
6021,39444,9,3.388888888888889,3.32,"Weather Man, The (2005)"
6022,39446,13,2.8076923076923075,3.01,Saw II (2005)
6023,39449,5,2.6,3.05,Prime (2005)
6024,39516,1,4.5,3.37,Don't Move (Non ti muovere) (2004)
6025,39715,7,2.142857142857143,2.81,American Pie Presents: Band Camp (American Pie 4: Band Camp) (2005)
6026,39801,2,2.75,3.18,"Great Yokai War, The (Yôkai daisensô) (2005)"
6027,39869,4,4.125,3.5,Manderlay (2005)
6028,40148,7,3.357142857142857,3.3,Revolver (2005)
6029,40278,17,3.676470588235294,3.52,Jarhead (2005)
6030,40339,7,2.2857142857142856,2.87,Chicken Little (2005)
6031,40412,2,4.75,3.5,Dead Man's Shoes (2004)
6032,40414,5,3.7,3.4,Joyeux Noël (Merry Christmas) (2005)
6033,40478,1,2.5,3.2,Night of the Lepus (1972)
6034,40491,1,5.0,3.42,"Match Factory Girl, The (Tulitikkutehtaan tyttö) (1990)"
6035,40578,1,3.0,3.24,Sword of the Beast (Kedamono no ken) (1965)
6036,40581,6,2.9166666666666665,3.14,Just Friends (2005)
6037,40583,16,3.53125,3.43,Syriana (2005)
6038,40597,1,2.0,3.15,One-Way Ticket to Mombasa (Menolippu Mombasaan) (2002)
6039,40614,4,3.25,3.26,Derailed (2005)
6040,40617,1,3.0,3.24,Creep (2004)
6041,40629,27,3.5555555555555554,3.47,Pride & Prejudice (2005)
6042,40697,2,2.25,3.1,Babylon 5
6043,40723,4,3.25,3.26,Wolf Creek (2005)
6044,40732,11,3.5454545454545454,3.41,"Descent, The (2005)"
6045,40815,71,3.816901408450704,3.75,Harry Potter and the Goblet of Fire (2005)
6046,40819,39,3.7564102564102564,3.65,Walk the Line (2005)
6047,40826,10,3.15,3.21,Rent (2005)
6048,40851,4,3.375,3.29,Zathura (2005)
6049,40870,2,3.5,3.3,C.R.A.Z.Y. (2005)
6050,40946,2,2.0,3.06,Sarah Silverman: Jesus Is Magic (2005)
6051,40955,4,3.875,3.43,Breakfast on Pluto (2005)
6052,40959,3,3.6666666666666665,3.35,"Ice Harvest, The (2005)"
6053,40962,3,3.3333333333333335,3.28,"Yours, Mine and Ours (2005)"
6054,40966,1,3.5,3.28,"Libertine, The (2004)"
6055,41014,1,4.0,3.33,"Bird with the Crystal Plumage, The (Uccello dalle piume di cristallo, L') (1970)"
6056,41285,17,3.4411764705882355,3.37,Match Point (2005)
6057,41527,2,4.0,3.38,Paradise Now (2005)
6058,41566,62,3.443548387096774,3.42,"Chronicles of Narnia: The Lion, the Witch and the Wardrobe, The (2005)"
6059,41569,40,3.4,3.37,King Kong (2005)
6060,41571,12,3.5833333333333335,3.43,Memoirs of a Geisha (2005)
6061,41573,8,2.875,3.09,"Family Stone, The (2005)"
6062,41617,2,2.75,3.18,Havoc (2005)
6063,41627,1,3.5,3.28,Samurai Rebellion (Jôi-uchi: Hairyô tsuma shimatsu) (1967)
6064,41712,1,4.0,3.33,"Room for Romeo Brass, A (1999)"
6065,41716,7,3.2142857142857144,3.24,"Matador, The (2005)"
6066,41724,1,4.5,3.37,Wal-Mart: The High Cost of Low Price (2005)
6067,41769,1,2.5,3.2,Mozart and the Whale (2005)
6068,41828,1,4.5,3.37,Don't Look Now: We're Being Shot At (La grande vadrouille) (1966)
6069,41863,5,4.0,3.5,"Three Burials of Melquiades Estrada, The (2006)"
6070,41997,21,3.8095238095238093,3.63,Munich (2005)
6071,42002,9,3.388888888888889,3.32,"Producers, The (2005)"
6072,42004,6,3.5,3.35,Transamerica (2005)
6073,42007,3,2.8333333333333335,3.17,Rumor Has It... (2005)
6074,42009,4,1.875,2.88,Cheaper by the Dozen 2 (2005)
6075,42011,11,2.1818181818181817,2.71,Fun with Dick and Jane (2005)
6076,42013,4,2.75,3.12,"Ringer, The (2005)"
6077,42015,3,3.0,3.2,Casanova (2005)
6078,42018,2,2.0,3.06,Mrs. Henderson Presents (2005)
6079,42176,1,4.0,3.33,"Ear, The (Ucho) (1970)"
6080,42191,2,3.75,3.34,Luxo Jr. (1986)
6081,42285,1,3.0,3.24,"Dentist, The (1996)"
6082,42418,5,3.2,3.24,"New World, The (2005)"
6083,42422,1,4.5,3.37,Voices of a Distant Star (Hoshi no koe) (2003)
6084,42556,1,5.0,3.42,7 Faces of Dr. Lao (1964)
6085,42559,1,3.0,3.24,Samurai Assassin (Samurai) (1965)
6086,42602,1,3.5,3.28,"Boys of Baraka, The (2005)"
6087,42632,5,4.0,3.5,Lady Vengeance (Sympathy for Lady Vengeance) (Chinjeolhan geumjassi) (2005)
6088,42638,1,2.5,3.2,Grand Theft Parsons (2003)
6089,42718,5,3.8,3.44,District 13 (Banlieue 13) (2004)
6090,42723,11,2.8636363636363638,3.06,Hostel (2005)
6091,42725,7,2.5714285714285716,2.98,Grandma's Boy (2006)
6092,42728,5,3.6,3.37,Tristan & Isolde (2006)
6093,42730,2,3.75,3.34,Glory Road (2006)
6094,42732,3,3.5,3.32,Last Holiday (2006)
6095,42734,4,3.25,3.26,Hoodwinked! (2005)
6096,42738,16,3.09375,3.16,Underworld: Evolution (2006)
6097,42740,1,3.5,3.28,Looking for Comedy in the Muslim World (2005)
6098,42761,1,4.5,3.37,Casper Meets Wendy (1998)
6099,42943,1,2.5,3.2,Revolution (1985)
6100,42946,2,4.0,3.38,Project A ('A' gai waak) (1983)
6101,43289,1,4.0,3.33,"Bird People in China, The (Chûgoku no chôjin) (1998)"
6102,43333,1,3.5,3.28,Water (2005)
6103,43376,4,4.625,3.64,Sophie Scholl: The Final Days (Sophie Scholl - Die letzten Tage) (2005)
6104,43396,7,3.7857142857142856,3.47,"World's Fastest Indian, The (2005)"
6105,43419,1,1.0,3.06,Bandidas (2006)
6106,43460,3,3.3333333333333335,3.28,Tristram Shandy: A Cock and Bull Story (2005)
6107,43549,1,3.5,3.28,Helter Skelter (2004)
6108,43556,2,2.75,3.18,Annapolis (2006)
6109,43558,1,2.0,3.15,Big Momma's House 2 (2006)
6110,43560,6,3.1666666666666665,3.23,Nanny McPhee (2005)
6111,43677,1,2.0,3.15,"Tuskegee Airmen, The (1995)"
6112,43679,9,2.8333333333333335,3.06,Final Destination 3 (2006)
6113,43684,1,4.5,3.37,Something New (2006)
6114,43708,3,3.1666666666666665,3.24,Block Party (a.k.a. Dave Chappelle's Block Party) (2005)
6115,43744,1,3.5,3.28,Imagine Me & You (2005)
6116,43836,7,2.857142857142857,3.1,"Pink Panther, The (2006)"
6117,43869,2,3.5,3.3,Curious George (2006)
6118,43871,8,2.75,3.04,Firewall (2006)
6119,43904,5,1.3,2.62,When a Stranger Calls (2006)
6120,43908,1,3.0,3.24,London (2005)
6121,43912,1,2.0,3.15,Freedomland (2006)
6122,43914,1,4.0,3.33,Winter Passing (2005)
6123,43917,4,3.0,3.19,Eight Below (2006)
6124,43919,3,0.8333333333333334,2.72,Date Movie (2006)
6125,43921,5,3.3,3.27,Running Scared (2006)
6126,43928,13,1.9230769230769231,2.52,Ultraviolet (2006)
6127,43930,1,3.0,3.24,Just My Luck (2006)
6128,43932,2,1.75,3.02,Pulse (2006)
6129,43936,9,3.0,3.14,16 Blocks (2006)
6130,44004,6,3.25,3.26,Failure to Launch (2006)
6131,44020,2,2.75,3.18,Ultimate Avengers (2006)
6132,44022,23,3.217391304347826,3.23,Ice Age 2: The Meltdown (2006)
6133,44189,1,4.0,3.33,Ask the Dust (2006)
6134,44191,100,3.885,3.83,V for Vendetta (2006)
6135,44193,6,3.75,3.44,She's the Man (2006)
6136,44195,36,4.027777777777778,3.86,Thank You for Smoking (2006)
6137,44197,1,3.0,3.24,Find Me Guilty (2006)
6138,44199,40,3.8,3.69,Inside Man (2006)
6139,44204,4,3.25,3.26,Tsotsi (2005)
6140,44225,2,2.0,3.06,Aquamarine (2006)
6141,44238,1,2.5,3.2,Leprechaun 2 (1994)
6142,44241,1,2.0,3.15,Leprechaun 3 (1995)
6143,44243,1,0.5,3.02,Leprechaun 4: In Space (1997)
6144,44301,1,3.5,3.28,Lights in the Dusk (Laitakaupungin valot) (2006)
6145,44397,6,3.0833333333333335,3.2,"Hills Have Eyes, The (2006)"
6146,44399,2,1.25,2.94,"Shaggy Dog, The (2006)"
6147,44511,1,3.5,3.28,Unknown White Male (2005)
6148,44555,34,4.117647058823529,3.92,"Lives of Others, The (Das leben der Anderen) (2006)"
6149,44597,1,4.0,3.33,Youth of the Beast (Yaju no seishun) (1963)
6150,44613,2,3.75,3.34,Take the Lead (2006)
6151,44633,1,4.5,3.37,"Devil and Daniel Johnston, The (2005)"
6152,44657,1,3.0,3.24,Mouchette (1967)
6153,44665,38,3.8552631578947367,3.73,Lucky Number Slevin (2006)
6154,44694,8,3.8125,3.5,Volver (2006)
6155,44709,5,3.8,3.44,Akeelah and the Bee (2006)
6156,44719,1,2.5,3.2,Brainstorm (2001)
6157,44731,3,1.3333333333333333,2.83,Stay Alive (2006)
6158,44759,3,2.1666666666666665,3.02,Basic Instinct 2 (2006)
6159,44761,12,3.875,3.59,Brick (2005)
6160,44773,1,3.0,3.24,"Dead Hate the Living!, The (2000)"
6161,44777,1,4.5,3.37,Evil Aliens (2005)
6162,44788,6,3.5,3.35,This Film Is Not Yet Rated (2006)
6163,44828,5,3.0,3.18,Slither (2006)
6164,44840,11,2.772727272727273,3.01,"Benchwarmers, The (2006)"
6165,44849,1,2.5,3.2,Renaissance (2006)
6166,44851,1,5.0,3.42,Go for Zucker! (Alles auf Zucker!) (2004)
6167,44864,4,3.25,3.26,Friends with Money (2006)
6168,44889,2,4.75,3.5,Reefer Madness: The Movie Musical (2005)
6169,44929,2,4.25,3.42,Candy (2006)
6170,44931,1,4.5,3.37,Secrets of a Soul (Geheimnisse einer Seele) (1926)
6171,44937,1,4.0,3.33,"Child, The (L'enfant) (2005)"
6172,44943,1,5.0,3.42,9/11 (2002)
6173,44972,12,2.25,2.72,Scary Movie 4 (2006)
6174,44974,12,3.5,3.39,Hard Candy (2005)
6175,45028,6,3.6666666666666665,3.41,"Prairie Home Companion, A (2006)"
6176,45062,2,2.75,3.18,"Sentinel, The (2006)"
6177,45074,1,2.5,3.2,"Wild, The (2006)"
6178,45081,12,2.9583333333333335,3.1,Silent Hill (2006)
6179,45106,1,3.0,3.24,American Dreamz (2006)
6180,45175,4,3.75,3.4,Kinky Boots (2005)
6181,45183,1,3.0,3.24,"Protector, The (a.k.a. Warrior King) (Tom yum goong) (2005)"
6182,45186,28,3.5892857142857144,3.5,Mission: Impossible III (2006)
6183,45208,3,2.0,2.98,RV (2006)
6184,45210,7,4.142857142857143,3.62,United 93 (2006)
6185,45221,6,2.5833333333333335,3.01,Stick It (2006)
6186,45361,2,1.5,2.98,"American Haunting, An (2005)"
6187,45382,2,3.25,3.26,Down in the Valley (2005)
6188,45431,14,3.4285714285714284,3.36,Over the Hedge (2006)
6189,45440,6,3.3333333333333335,3.29,Art School Confidential (2006)
6190,45442,4,2.875,3.15,Poseidon (2006)
6191,45447,49,3.122448979591837,3.15,"Da Vinci Code, The (2006)"
6192,45499,52,3.355769230769231,3.34,X-Men: The Last Stand (2006)
6193,45501,11,2.590909090909091,2.92,"Break-Up, The (2006)"
6194,45503,1,5.0,3.42,Peaceful Warrior (2006)
6195,45517,41,3.3780487804878048,3.35,Cars (2006)
6196,45635,2,3.0,3.22,"Notorious Bettie Page, The (2005)"
6197,45648,1,2.5,3.2,Game 6 (2005)
6198,45658,1,2.0,3.15,On a Clear Day (2005)
6199,45662,5,2.3,2.95,"Omen, The (2006)"
6200,45666,14,2.4642857142857144,2.8,Nacho Libre (2006)
6201,45668,10,3.1,3.18,"Lake House, The (2006)"
6202,45672,23,2.9782608695652173,3.07,Click (2006)
6203,45720,34,3.5588235294117645,3.49,"Devil Wears Prada, The (2006)"
6204,45722,72,3.5069444444444446,3.48,Pirates of the Caribbean: Dead Man's Chest (2006)
6205,45726,6,2.1666666666666665,2.86,"You, Me and Dupree (2006)"
6206,45728,13,3.8846153846153846,3.61,Clerks II (2006)
6207,45730,9,2.8333333333333335,3.06,Lady in the Water (2006)
6208,45732,6,1.5833333333333333,2.65,My Super Ex-Girlfriend (2006)
6209,45880,13,3.1923076923076925,3.22,Marie Antoinette (2006)
6210,45928,5,3.7,3.4,Who Killed the Electric Car? (2006)
6211,45950,13,3.576923076923077,3.44,"Inconvenient Truth, An (2006)"
6212,45969,1,2.5,3.2,Career Opportunities (1991)
6213,46062,3,2.0,2.98,High School Musical (2006)
6214,46105,1,4.5,3.37,I Am a Sex Addict (2005)
6215,46231,1,2.0,3.15,Stoned (2005)
6216,46322,8,3.125,3.2,Jet Li's Fearless (Huo Yuan Jia) (2006)
6217,46335,11,2.090909090909091,2.66,"Fast and the Furious: Tokyo Drift, The (Fast and the Furious 3, The) (2006)"
6218,46337,2,2.25,3.1,Garfield: A Tail of Two Kitties (2006)
6219,46347,2,4.0,3.38,Metal: A Headbanger's Journey (2005)
6220,46367,1,2.0,3.15,"Public Eye, The (1992)"
6221,46530,25,3.08,3.13,Superman Returns (2006)
6222,46559,1,3.5,3.28,"Road to Guantanamo, The (2006)"
6223,46572,3,3.5,3.32,Edmond (2005)
6224,46574,1,2.5,3.2,"OH in Ohio, The (2006)"
6225,46578,77,3.883116883116883,3.81,Little Miss Sunshine (2006)
6226,46664,1,2.5,3.2,"Fallen Idol, The (1948)"
6227,46723,31,3.5,3.44,Babel (2006)
6228,46772,1,2.5,3.2,Strangers with Candy (2005)
6229,46850,3,4.0,3.43,Wordplay (2006)
6230,46855,1,4.5,3.37,Army of Shadows (L'armée des ombres) (1969)
6231,46862,1,3.5,3.28,Orchestra Rehearsal (Prova d'orchestra) (1978)
6232,46865,1,1.0,3.06,Little Man (2006)
6233,46948,9,3.111111111111111,3.19,Monster House (2006)
6234,46965,14,2.642857142857143,2.91,Snakes on a Plane (2006)
6235,46967,4,3.375,3.29,Scoop (2006)
6236,46970,28,3.25,3.25,Talladega Nights: The Ballad of Ricky Bobby (2006)
6237,46972,23,3.239130434782609,3.25,Night at the Museum (2006)
6238,46974,6,2.6666666666666665,3.04,World Trade Center (2006)
6239,46976,44,3.6931818181818183,3.61,Stranger than Fiction (2006)
6240,47044,10,2.75,3.01,Miami Vice (2006)
6241,47099,46,3.7934782608695654,3.7,"Pursuit of Happyness, The (2006)"
6242,47122,9,2.7222222222222223,3.01,John Tucker Must Die (2006)
6243,47124,2,3.25,3.26,"Ant Bully, The (2006)"
6244,47200,14,3.4285714285714284,3.36,Crank (2006)
6245,47202,1,4.0,3.33,"Secret Life of Words, The (2005)"
6246,47254,1,3.5,3.28,Chaos (2005)
6247,47261,3,2.8333333333333335,3.17,"Night Listener, The (2006)"
6248,47382,4,3.5,3.33,Step Up (2006)
6249,47384,1,2.5,3.2,Zoom (2006)
6250,47404,2,4.25,3.42,Mind Game (2004)
6251,47423,5,4.0,3.5,Half Nelson (2006)
6252,47446,1,3.5,3.28,"Moustache, La (2005)"
6253,47465,3,3.0,3.2,Tideland (2005)
6254,47491,3,4.166666666666667,3.47,Adam's Apples (Adams æbler) (2005)
6255,47516,1,2.0,3.15,Material Girls (2006)
6256,47518,14,2.9285714285714284,3.07,Accepted (2006)
6257,47538,1,2.5,3.2,Crime Busters (1977)
6258,47566,1,4.0,3.33,Born to Kill (1947)
6259,47610,43,3.7790697674418605,3.68,"Illusionist, The (2006)"
6260,47629,13,3.730769230769231,3.52,The Queen (2006)
6261,47640,6,3.5,3.35,Beerfest (2006)
6262,47644,7,3.0,3.16,Invincible (2006)
6263,47646,1,4.0,3.33,Idlewild (2006)
6264,47721,1,3.5,3.28,"Red Balloon, The (Ballon rouge, Le) (1956)"
6265,47725,3,3.5,3.32,Angel-A (2005)
6266,47736,1,5.0,3.42,"Chump at Oxford, A (1940)"
6267,47774,1,3.0,3.24,"Icicle Thief, The (Ladri di saponette) (1989)"
6268,47793,1,2.5,3.2,"Puffy Chair, The (2006)"
6269,47810,4,1.0,2.63,"Wicker Man, The (2006)"
6270,47894,4,3.75,3.4,"Wind That Shakes the Barley, The (2006)"
6271,47937,1,3.0,3.24,Severance (2006)
6272,47950,5,3.2,3.24,Hollywoodland (2006)
6273,47952,1,3.0,3.24,"Covenant, The (2006)"
6274,47970,3,3.8333333333333335,3.39,"Last Kiss, The (2006)"
6275,47978,1,2.5,3.2,SherryBaby (2006)
6276,47997,18,3.7222222222222223,3.55,Idiocracy (2006)
6277,47999,7,4.071428571428571,3.59,Jesus Camp (2006)
6278,48001,1,4.0,3.33,"Bow, The (Hwal) (2005)"
6279,48032,1,4.0,3.33,"Tiger and the Snow, The (La tigre e la neve) (2005)"
6280,48043,14,3.5,3.4,"Fountain, The (2006)"
6281,48045,1,4.0,3.33,Fear City: A Family-Style Comedy (La cité de la peur) (1994)
6282,48082,11,3.8636363636363638,3.57,"Science of Sleep, The (La science des rêves) (2006)"
6283,48142,6,3.25,3.26,"Black Dahlia, The (2006)"
6284,48150,1,3.0,3.24,"Woods, The (2006)"
6285,48161,2,3.0,3.22,Gridiron Gang (2006)
6286,48214,1,3.5,3.28,Land of Plenty (Angst and Alienation in America) (2004)
6287,48262,1,4.0,3.33,"Bridge, The (2006)"
6288,48304,19,3.6052631578947367,3.48,Apocalypto (2006)
6289,48319,1,2.0,3.15,Flyboys (2006)
6290,48322,7,3.5714285714285716,3.39,Jackass Number Two (2006)
6291,48326,3,3.0,3.2,All the King's Men (2006)
6292,48342,2,4.0,3.38,Conversations with Other Women (2005)
6293,48385,65,3.3461538461538463,3.33,Borat: Cultural Learnings of America for Make Benefit Glorious Nation of Kazakhstan (2006)
6294,48394,81,3.814814814814815,3.75,"Pan's Labyrinth (Laberinto del fauno, El) (2006)"
6295,48412,4,3.0,3.19,"Guardian, The (2006)"
6296,48414,2,3.0,3.22,Open Season (2006)
6297,48416,1,2.5,3.2,School for Scoundrels (2006)
6298,48516,107,4.252336448598131,4.16,"Departed, The (2006)"
6299,48518,2,2.5,3.14,"Texas Chainsaw Massacre: The Beginning, The (2006)"
6300,48520,6,2.8333333333333335,3.11,Employee of the Month (2006)
6301,48560,1,2.5,3.2,Running With Scissors (2006)
6302,48593,3,2.5,3.09,Man of the Year (2006)
6303,48596,2,2.75,3.18,"Marine, The (2006)"
6304,48598,2,3.75,3.34,Infamous (2006)
6305,48638,2,3.5,3.3,Fellini's Casanova (Il Casanova di Federico Fellini) (1976)
6306,48649,1,4.5,3.37,Chapayev (1934)
6307,48678,2,2.75,3.18,Feast (2005)
6308,48696,4,3.875,3.43,Little Children (2006)
6309,48698,2,4.5,3.46,Deliver Us from Evil (2006)
6310,48738,20,3.975,3.73,"Last King of Scotland, The (2006)"
6311,48741,1,4.0,3.33,"U.S. vs. John Lennon, The (2006)"
6312,48744,3,4.0,3.43,Shortbus (2006)
6313,48774,64,3.9453125,3.85,Children of Men (2006)
6314,48780,90,4.0055555555555555,3.93,"Prestige, The (2006)"
6315,48783,11,3.4545454545454546,3.36,Flags of Our Fathers (2006)
6316,48872,1,4.5,3.37,13 Tzameti (2005)
6317,48877,11,3.0454545454545454,3.15,Saw III (2006)
6318,48879,2,3.25,3.26,Catch a Fire (2006)
6319,48883,2,3.25,3.26,Death of a President (2006)
6320,48982,7,3.5,3.36,Flushed Away (2006)
6321,48997,8,3.25,3.26,Perfume: The Story of a Murderer (2006)
6322,49013,2,2.75,3.18,"Santa Clause 3: The Escape Clause, The (2006)"
6323,49110,1,2.0,3.15,Mom and Dad Save the World (1992)
6324,49130,3,3.6666666666666665,3.35,"Good Year, A (2006)"
6325,49132,3,3.0,3.2,Shut Up & Sing (2006)
6326,49220,4,2.375,3.02,For Your Consideration (2006)
6327,49263,1,3.0,3.24,Fuck (2005)
6328,49265,1,4.0,3.33,Shooting Dogs (a.k.a. Beyond the Gates) (2005)
6329,49272,81,3.9444444444444446,3.87,Casino Royale (2006)
6330,49274,11,2.6818181818181817,2.96,Happy Feet (2006)
6331,49276,3,1.3333333333333333,2.83,Let's Go to Prison (2006)
6332,49278,20,3.3,3.29,Déjà Vu (Deja Vu) (2006)
6333,49280,3,3.8333333333333335,3.39,Bobby (2006)
6334,49284,3,2.6666666666666665,3.13,10 Items or Less (2006)
6335,49286,24,3.2083333333333335,3.22,"Holiday, The (2006)"
6336,49314,1,3.0,3.24,Harsh Times (2006)
6337,49347,3,3.8333333333333335,3.39,Fast Food Nation (2006)
6338,49389,2,2.5,3.14,The Great Train Robbery (1903)
6339,49396,9,3.4444444444444446,3.35,Tenacious D in The Pick of Destiny (2006)
6340,49524,2,3.5,3.3,"Nativity Story, The (2006)"
6341,49530,53,3.7641509433962264,3.68,Blood Diamond (2006)
6342,49647,3,3.3333333333333335,3.28,Charlotte's Web (2006)
6343,49649,12,2.3333333333333335,2.76,Eragon (2006)
6344,49651,14,3.3214285714285716,3.3,Rocky Balboa (2006)
6345,49666,1,3.0,3.24,Fur: An Imaginary Portrait of Diane Arbus (2006)
6346,49688,1,4.0,3.33,"Dam Busters, The (1955)"
6347,49735,1,3.5,3.28,Another Gay Movie (2006)
6348,49772,4,4.0,3.47,"Painted Veil, The (2006)"
6349,49793,2,3.75,3.34,We Are Marshall (2006)
6350,49822,7,3.142857142857143,3.21,"Good Shepherd, The (2006)"
6351,49824,5,3.1,3.21,Dreamgirls (2006)
6352,49910,4,3.75,3.4,Freedom Writers (2007)
6353,49917,1,4.0,3.33,When the Levees Broke: A Requiem in Four Acts (2006)
6354,49932,6,3.6666666666666665,3.41,Inland Empire (2006)
6355,49957,2,3.0,3.22,"History Boys, The (2006)"
6356,49961,4,3.75,3.4,Notes on a Scandal (2006)
6357,50003,2,2.0,3.06,DOA: Dead or Alive (2006)
6358,50005,3,2.5,3.09,Curse of the Golden Flower (Man cheng jin dai huang jin jia) (2006)
6359,50064,1,3.0,3.24,"Good German, The (2006)"
6360,50068,17,3.7058823529411766,3.54,Letters from Iwo Jima (2006)
6361,50147,1,2.0,3.15,Black Christmas (2006)
6362,50158,2,2.5,3.14,Stomp the Yard (2007)
6363,50160,2,3.75,3.34,Miss Potter (2006)
6364,50189,3,1.1666666666666667,2.79,American Pie Presents The Naked Mile (American Pie 5: The Naked Mile) (2006)
6365,50274,2,3.5,3.3,Venus (2006)
6366,50354,1,3.0,3.24,The Return of Don Camillo (1953)
6367,50356,1,3.0,3.24,The Little World of Don Camillo (1952)
6368,50440,1,2.0,3.15,Primeval (2007)
6369,50442,8,3.125,3.2,Alpha Dog (2007)
6370,50445,2,2.5,3.14,"Hitcher, The (2007)"
6371,50514,1,3.5,3.28,After the Wedding (Efter brylluppet) (2006)
6372,50601,9,2.7777777777777777,3.04,Bridge to Terabithia (2007)
6373,50610,1,4.0,3.33,Beer League (2006)
6374,50613,1,4.5,3.37,Dead Meat (2004)
6375,50658,2,4.0,3.38,49 Up (2005)
6376,50685,6,3.8333333333333335,3.47,Waitress (2007)
6377,50740,3,3.8333333333333335,3.39,Seven Up! (1964)
6378,50792,2,2.25,3.1,Catch and Release (2006)
6379,50794,10,3.1,3.18,Smokin' Aces (2006)
6380,50796,2,2.0,3.06,Blood and Chocolate (2007)
6381,50798,4,1.125,2.67,Epic Movie (2007)
6382,50800,2,2.5,3.14,"Messengers, The (2007)"
6383,50802,3,3.0,3.2,Because I Said So (2007)
6384,50804,3,3.5,3.32,Hannibal Rising (2007)
6385,50806,1,1.0,3.06,Norbit (2007)
6386,50842,2,4.5,3.46,"Boss of It All, The (Direktøren for det hele) (2006)"
6387,50851,2,4.5,3.46,Cocaine Cowboys (2006)
6388,50872,72,3.8680555555555554,3.79,Ratatouille (2007)
6389,50912,8,2.9375,3.12,"Paris, I Love You (Paris, je t'aime) (2006)"
6390,50923,2,2.25,3.1,"Astronaut Farmer, The (2007)"
6391,50942,1,3.5,3.28,"Wake Up, Ron Burgundy (2004)"
6392,50954,2,1.0,2.9,It's a Boy Girl Thing (2006)
6393,50999,1,5.0,3.42,"Ugly Duckling and Me!, The (2006)"
6394,51024,3,3.1666666666666665,3.24,The Odyssey (1997)
6395,51037,4,3.0,3.19,Unknown (2006)
6396,51077,12,2.25,2.72,Ghost Rider (2007)
6397,51080,8,3.5625,3.39,Breach (2007)
6398,51082,1,2.0,3.15,Tyler Perry's Daddy's Little Girls (2007)
6399,51084,10,3.1,3.18,Music and Lyrics (2007)
6400,51086,14,2.9285714285714284,3.07,"Number 23, The (2007)"
6401,51088,2,3.0,3.22,Reno 911!: Miami (2007)
6402,51091,4,3.5,3.33,Black Snake Moan (2006)
6403,51167,1,4.5,3.37,My Father and My Son (Babam ve oglum) (2005)
6404,51174,1,3.5,3.28,Factory Girl (2006)
6405,51255,61,4.0,3.89,Hot Fuzz (2007)
6406,51314,1,4.5,3.37,Golden Door (Nuovomondo) (2006)
6407,51357,1,4.0,3.33,Citizen X (1995)
6408,51412,14,2.8214285714285716,3.01,Next (2007)
6409,51471,1,3.0,3.24,Amazing Grace (2006)
6410,51498,2,3.25,3.26,2001 Maniacs (2005)
6411,51540,38,3.710526315789474,3.61,Zodiac (2007)
6412,51545,1,2.5,3.2,Pusher III: I'm the Angel of Death (2005)
6413,51562,1,4.0,3.33,Babylon 5: The Gathering (1993)
6414,51573,1,3.0,3.24,Meshes of the Afternoon (1943)
6415,51575,5,2.3,2.95,Wild Hogs (2007)
6416,51662,80,3.68125,3.63,300 (2007)
6417,51666,1,2.0,3.15,"Abandoned, The (2006)"
6418,51694,1,3.5,3.28,Starter for 10 (2006)
6419,51698,2,3.0,3.22,"Last Mimzy, The (2007)"
6420,51705,2,4.25,3.42,Priceless (Hors de prix) (2006)
6421,51709,7,4.0,3.56,"Host, The (Gwoemul) (2006)"
6422,51834,6,2.9166666666666665,3.14,Becoming Jane (2007)
6423,51884,3,3.6666666666666665,3.35,"Namesake, The (2006)"
6424,51903,1,2.5,3.2,I Think I Love My Wife (2007)
6425,51925,3,3.5,3.32,Premonition (2007)
6426,51927,2,3.25,3.26,Dead Silence (2007)
6427,51931,5,4.1,3.53,Reign Over Me (2007)
6428,51933,1,2.5,3.2,Pride (2007)
6429,51935,25,3.86,3.68,Shooter (2007)
6430,51937,2,2.5,3.14,"Hills Have Eyes II, The (2007)"
6431,51939,6,3.0833333333333335,3.2,TMNT (Teenage Mutant Ninja Turtles) (2007)
6432,52042,1,2.5,3.2,Black Book (Zwartboek) (2006)
6433,52241,6,3.25,3.26,"Lookout, The (2007)"
6434,52245,17,3.088235294117647,3.15,Blades of Glory (2007)
6435,52279,1,1.5,3.11,Are We Done Yet? (2007)
6436,52281,27,3.425925925925926,3.38,Grindhouse (2007)
6437,52283,3,2.5,3.09,"Reaping, The (2007)"
6438,52287,11,3.5454545454545454,3.41,Meet the Robinsons (2007)
6439,52299,1,3.5,3.28,American Hardcore (2006)
6440,52319,7,3.5714285714285716,3.39,Inglorious Bastards (Quel maledetto treno blindato) (1978)
6441,52328,14,3.642857142857143,3.48,Sunshine (2007)
6442,52375,2,3.5,3.3,"Hoax, The (2007)"
6443,52435,11,3.590909090909091,3.43,How the Grinch Stole Christmas! (1966)
6444,52458,10,3.15,3.21,Disturbia (2007)
6445,52462,1,3.0,3.24,Aqua Teen Hunger Force Colon Movie Film for Theaters (2007)
6446,52579,2,3.25,3.26,"Vie en Rose, La (Môme, La) (2007)"
6447,52604,12,3.6666666666666665,3.48,Fracture (2007)
6448,52644,2,3.75,3.34,Vacancy (2007)
6449,52668,2,4.0,3.38,In the Land of Women (2007)
6450,52694,4,2.875,3.15,Mr. Bean's Holiday (2007)
6451,52712,3,2.3333333333333335,3.05,"Invisible, The (2007)"
6452,52715,1,2.0,3.15,Kickin It Old Skool (2007)
6453,52722,44,3.0,3.05,Spider-Man 3 (2007)
6454,52724,1,3.0,3.24,Lucky You (2007)
6455,52730,2,1.5,2.98,It's a Very Merry Muppet Christmas Movie (2002)
6456,52767,3,4.0,3.43,21 Up (1977)
6457,52784,1,4.0,3.33,Sharkwater (2006)
6458,52831,1,3.5,3.28,Maniac Cop (1988)
6459,52867,1,4.0,3.33,"Ex, The (2007)"
6460,52885,9,3.7777777777777777,3.5,Paprika (Papurika) (2006)
6461,52950,2,2.5,3.14,Day Watch (Dnevnoy dozor) (2006)
6462,52952,8,4.0,3.58,This Is England (2006)
6463,52967,4,3.625,3.36,Away from Her (2006)
6464,52973,52,3.6538461538461537,3.59,Knocked Up (2007)
6465,52975,15,3.5,3.4,Hairspray (2007)
6466,53000,21,3.5952380952380953,3.49,28 Weeks Later (2007)
6467,53022,2,3.75,3.34,Wheels on Meals (Kuai can che) (1984)
6468,53024,4,3.875,3.43,Jonestown: The Life and Death of Peoples Temple (2006)
6469,53121,21,3.0238095238095237,3.1,Shrek the Third (2007)
6470,53123,9,3.9444444444444446,3.58,Once (2006)
6471,53125,56,3.4375,3.41,Pirates of the Caribbean: At World's End (2007)
6472,53127,4,2.875,3.15,Bug (2007)
6473,53129,7,4.0,3.56,Mr. Brooks (2007)
6474,53138,2,3.5,3.3,"Librarian: Return to King Solomon's Mines, The (2006)"
6475,53140,2,3.75,3.34,"Librarian: Quest for the Spear, The (2004)"
6476,53143,1,2.0,3.15,Fay Grim (2006)
6477,53161,2,3.0,3.22,"I'm a Cyborg, But That's OK (Saibogujiman kwenchana) (2006)"
6478,53280,1,5.0,3.42,"Breed, The (2006)"
6479,53318,4,3.25,3.26,Cashback (2006)
6480,53322,33,3.484848484848485,3.43,Ocean's Thirteen (2007)
6481,53326,1,2.0,3.15,Them (Ils) (2006)
6482,53355,1,5.0,3.42,Sun Alley (Sonnenallee) (1999)
6483,53435,4,2.0,2.91,Hostel: Part II (2007)
6484,53447,1,4.0,3.33,Paranoid Park (2007)
6485,53450,1,1.5,3.11,"Legend of Sleepy Hollow, The (1980)"
6486,53453,1,0.5,3.02,Starcrash (a.k.a. Star Crash) (1978)
6487,53460,7,3.5,3.36,Surf's Up (2007)
6488,53464,20,2.575,2.81,Fantastic Four: Rise of the Silver Surfer (2007)
6489,53466,3,2.8333333333333335,3.17,Nancy Drew (2007)
6490,53468,7,3.2857142857142856,3.27,Fido (2006)
6491,53519,26,3.1346153846153846,3.17,Death Proof (2007)
6492,53550,3,3.3333333333333335,3.28,Rescue Dawn (2006)
6493,53574,2,4.0,3.38,"TV Set, The (2006)"
6494,53578,1,5.0,3.42,"Valet, The (La doublure) (2006)"
6495,53808,1,2.0,3.15,Bring It On: All or Nothing (2006)
6496,53883,1,4.5,3.37,"Power of Nightmares, The: The Rise of the Politics of Fear (2004)"
6497,53894,14,3.7142857142857144,3.52,Sicko (2007)
6498,53921,1,3.5,3.28,"Mighty Heart, A (2007)"
6499,53953,25,3.16,3.19,1408 (2007)
6500,53956,4,3.25,3.26,Death at a Funeral (2007)
6501,53972,32,3.40625,3.37,Live Free or Die Hard (2007)
6502,53974,3,2.3333333333333335,3.05,License to Wed (2007)
6503,53993,13,2.5384615384615383,2.86,Evan Almighty (2007)
6504,53996,39,3.3461538461538463,3.33,Transformers (2007)
6505,54001,58,3.8620689655172415,3.77,Harry Potter and the Order of the Phoenix (2007)
6506,54004,11,3.4545454545454546,3.36,I Now Pronounce You Chuck and Larry (2007)
6507,54116,2,3.25,3.26,First Snow (2006)
6508,54121,1,3.0,3.24,Broken Arrow (1950)
6509,54185,2,3.75,3.34,Manufactured Landscapes (2006)
6510,54190,11,4.045454545454546,3.67,Across the Universe (2007)
6511,54256,7,3.142857142857143,3.21,Hot Rod (2007)
6512,54259,34,3.6029411764705883,3.52,Stardust (2007)
6513,54272,46,3.619565217391304,3.55,"Simpsons Movie, The (2007)"
6514,54274,1,0.5,3.02,I Know Who Killed Me (2007)
6515,54276,2,3.25,3.26,No Reservations (2007)
6516,54281,5,3.5,3.34,Charlie Bartlett (2007)
6517,54286,81,3.697530864197531,3.65,"Bourne Ultimatum, The (2007)"
6518,54354,1,4.0,3.33,China Blue (2005)
6519,54372,3,3.8333333333333335,3.39,Tell No One (Ne le dis à personne) (2006)
6520,54503,55,3.8636363636363638,3.77,Superbad (2007)
6521,54617,1,3.5,3.28,"Brice Man, The (Brice de Nice) (2005)"
6522,54648,5,2.7,3.08,Rush Hour 3 (2007)
6523,54686,1,3.0,3.24,"Last Legion, The (2007)"
6524,54732,3,2.8333333333333335,3.17,Balls of Fury (2007)
6525,54734,2,2.5,3.14,Sydney White (2007)
6526,54736,8,3.8125,3.5,"Kingdom, The (2007)"
6527,54745,2,3.25,3.26,Rocket Science (2007)
6528,54768,1,0.5,3.02,Daddy Day Camp (2007)
6529,54771,2,3.0,3.22,"Invasion, The (2007)"
6530,54780,3,3.1666666666666665,3.24,"Nanny Diaries, The (2007)"
6531,54785,4,3.25,3.26,Halloween (2007)
6532,54787,1,3.5,3.28,Death Sentence (2007)
6533,54796,1,3.5,3.28,2 Days in Paris (2007)
6534,54881,12,3.9166666666666665,3.61,"King of Kong, The (2007)"
6535,54908,1,2.0,3.15,Taxi 4 (2007)
6536,54910,1,4.0,3.33,Behind the Mask: The Rise of Leslie Vernon (2006)
6537,54934,1,0.5,3.02,"Brothers Solomon, The (2007)"
6538,54962,1,2.5,3.2,"Nines, The (2007)"
6539,54995,22,3.7954545454545454,3.62,Planet Terror (2007)
6540,54997,25,4.06,3.83,3:10 to Yuma (2007)
6541,54999,12,3.4583333333333335,3.37,Shoot 'Em Up (2007)
6542,55020,1,4.5,3.37,"Ten, The (2007)"
6543,55036,1,2.5,3.2,Gotti (1996)
6544,55052,13,3.5384615384615383,3.42,Atonement (2007)
6545,55061,1,1.0,3.06,Electroma (2006)
6546,55067,1,3.5,3.28,Requiem (2006)
6547,55069,3,4.0,3.43,"4 Months, 3 Weeks and 2 Days (4 luni, 3 saptamâni si 2 zile) (2007)"
6548,55071,1,4.0,3.33,No End in Sight (2007)
6549,55080,2,3.25,3.26,"Brave One, The (2007)"
6550,55094,3,3.5,3.32,In the Valley of Elah (2007)
6551,55110,1,3.0,3.24,December Boys (2007)
6552,55112,1,4.0,3.33,Shanghai Kiss (2007)
6553,55116,3,2.6666666666666665,3.13,"Hunting Party, The (2007)"
6554,55118,19,4.026315789473684,3.76,Eastern Promises (2007)
6555,55156,1,4.0,3.33,"Unreasonable Man, An (2006)"
6556,55167,4,4.625,3.64,Tekkonkinkreet (Tekkon kinkurîto) (2006)
6557,55190,1,3.0,3.24,Love and Other Disasters (2006)
6558,55205,1,2.5,3.2,Interview (2007)
6559,55207,1,3.0,3.24,Cashback (2004)
6560,55232,10,2.95,3.11,Resident Evil: Extinction (2007)
6561,55241,3,2.6666666666666665,3.13,Mr. Woodcock (2007)
6562,55245,4,3.25,3.26,Good Luck Chuck (2007)
6563,55247,41,3.902439024390244,3.77,Into the Wild (2007)
6564,55250,3,2.6666666666666665,3.13,"Game Plan, The (2007)"
6565,55253,4,3.75,3.4,"Lust, Caution (Se, jie) (2007)"
6566,55259,1,1.0,3.06,"Seeker: The Dark Is Rising, The (2007)"
6567,55261,8,2.5,2.93,"Heartbreak Kid, The (2007)"
6568,55267,9,3.388888888888889,3.32,Dan in Real Life (2007)
6569,55269,21,3.4285714285714284,3.37,"Darjeeling Limited, The (2007)"
6570,55272,2,3.75,3.34,We Own the Night (2007)
6571,55274,2,2.75,3.18,Elizabeth: The Golden Age (2007)
6572,55276,17,3.911764705882353,3.67,Michael Clayton (2007)
6573,55278,2,4.25,3.42,Sleuth (2007)
6574,55280,8,3.5625,3.39,Lars and the Real Girl (2007)
6575,55282,11,3.1818181818181817,3.22,30 Days of Night (2007)
6576,55290,20,3.45,3.39,Gone Baby Gone (2007)
6577,55292,2,0.75,2.86,"Comebacks, The (2007)"
6578,55294,1,2.5,3.2,Weirdsville (2007)
6579,55363,10,4.1,3.67,"Assassination of Jesse James by the Coward Robert Ford, The (2007)"
6580,55391,1,4.5,3.37,10th & Wolf (2006)
6581,55442,11,4.181818181818182,3.74,Persepolis (2007)
6582,55444,3,4.166666666666667,3.47,Control (2007)
6583,55451,2,3.5,3.3,The Jane Austen Book Club (2007)
6584,55492,1,4.0,3.33,"Last Winter, The (2006)"
6585,55553,3,2.3333333333333335,3.05,Black Sheep (2006)
6586,55555,1,3.5,3.28,"Edge of Heaven, The (Auf der anderen Seite) (2007)"
6587,55577,5,3.2,3.24,Saw IV (2007)
6588,55620,2,3.25,3.26,For the Bible Tells Me So (2007)
6589,55687,1,4.5,3.37,My Kid Could Paint That (2007)
6590,55721,10,4.3,3.77,Elite Squad (Tropa de Elite) (2007)
6591,55729,1,3.0,3.24,King of California (2007)
6592,55765,37,3.9054054054054053,3.76,American Gangster (2007)
6593,55768,10,3.15,3.21,Bee Movie (2007)
6594,55805,1,3.0,3.24,Before the Devil Knows You're Dead (2007)
6595,55814,5,4.1,3.53,"Diving Bell and the Butterfly, The (Scaphandre et le papillon, Le) (2007)"
6596,55820,64,3.8984375,3.81,No Country for Old Men (2007)
6597,55830,10,3.4,3.33,Be Kind Rewind (2008)
6598,55844,1,3.5,3.28,Itty Bitty Titty Committee (2007)
6599,55854,1,3.0,3.24,"Fugitive, The (1947)"
6600,55872,6,3.5,3.35,August Rush (2007)
6601,55908,8,4.1875,3.67,"Man from Earth, The (2007)"
6602,55946,2,4.0,3.38,Lions For Lambs (2007)
6603,55995,8,2.5625,2.96,Beowulf (2007)
6604,56003,2,3.0,3.22,Southland Tales (2006)
6605,56012,2,2.75,3.18,"Evening with Kevin Smith 2: Evening Harder, An (2006)"
6606,56022,1,2.0,3.15,Harrison Bergeron (1995)
6607,56060,1,4.5,3.37,I Served the King of England (Obsluhoval jsem anglického krále) (2006)
6608,56145,14,3.4285714285714284,3.36,"Mist, The (2007)"
6609,56152,17,3.676470588235294,3.52,Enchanted (2007)
6610,56156,7,3.2857142857142856,3.27,Hitman (2007)
6611,56169,1,4.0,3.33,Awake (2007)
6612,56171,18,3.111111111111111,3.17,"Golden Compass, The (2007)"
6613,56174,62,3.4838709677419355,3.45,I Am Legend (2007)
6614,56176,3,1.5,2.87,Alvin and the Chipmunks (2007)
6615,56251,10,3.9,3.58,Futurama: Bender's Big Score (2007)
6616,56274,1,3.0,3.24,Margot at the Wedding (2007)
6617,56286,2,3.5,3.3,I'm Not There (2007)
6618,56333,1,3.5,3.28,"Savages, The (2007)"
6619,56336,2,3.0,3.22,Wrong Turn 2: Dead End (2007)
6620,56339,8,3.875,3.53,"Orphanage, The (Orfanato, El) (2007)"
6621,56367,65,3.769230769230769,3.7,Juno (2007)
6622,56379,2,3.0,3.22,"Maxed Out: Hard Times, Easy Credit and the Era of Predatory Lenders (2006)"
6623,56389,1,4.0,3.33,My Blueberry Nights (2007)
6624,56563,4,3.25,3.26,Helvetica (2007)
6625,56587,13,3.230769230769231,3.24,"Bucket List, The (2007)"
6626,56607,3,3.3333333333333335,3.28,"Kite Runner, The (2007)"
6627,56620,1,3.0,3.24,"Deaths of Ian Stone, The (2007)"
6628,56715,6,4.0,3.53,Wristcutters: A Love Story (2006)
6629,56757,30,3.716666666666667,3.6,Sweeney Todd: The Demon Barber of Fleet Street (2007)
6630,56775,24,3.0416666666666665,3.11,National Treasure: Book of Secrets (2007)
6631,56782,28,4.142857142857143,3.9,There Will Be Blood (2007)
6632,56788,8,3.375,3.31,Charlie Wilson's War (2007)
6633,56801,6,2.5833333333333335,3.01,AVPR: Aliens vs. Predator - Requiem (2007)
6634,56805,5,3.3,3.27,Walk Hard: The Dewey Cox Story (2007)
6635,56837,1,3.0,3.24,As You Like It (2006)
6636,56869,1,4.0,3.33,Drained (O cheiro do Ralo) (2006)
6637,56908,1,4.0,3.33,Dedication (2007)
6638,56915,1,4.0,3.33,"Water Horse: Legend of the Deep, The (2007)"
6639,56921,5,3.8,3.44,Battlestar Galactica: Razor (2007)
6640,56941,11,3.090909090909091,3.17,P.S. I Love You (2007)
6641,56949,20,3.3,3.29,27 Dresses (2008)
6642,57147,1,4.0,3.33,Cassandra's Dream (2007)
6643,57183,2,4.5,3.46,Like Stars on Earth (Taare Zameen Par) (2007)
6644,57243,3,3.5,3.32,"Band's Visit, The (Bikur Ha-Tizmoret) (2007)"
6645,57274,8,4.0625,3.61,[REC] (2007)
6646,57326,1,0.5,3.02,In the Name of the King: A Dungeon Siege Tale (2008)
6647,57368,27,3.3518518518518516,3.33,Cloverfield (2008)
6648,57421,1,4.0,3.33,Hatchet (2006)
6649,57499,1,3.0,3.24,Heaven and Earth (Ten to Chi to) (1990)
6650,57502,1,4.0,3.33,Cat Soup (Nekojiru-so) (2001)
6651,57504,10,4.1,3.67,"Girl Who Leapt Through Time, The (Toki o kakeru shôjo) (2006)"
6652,57522,1,3.5,3.28,First Sunday (2008)
6653,57526,1,3.0,3.24,Untraceable (2008)
6654,57528,9,3.2777777777777777,3.27,Rambo (Rambo 4) (2008)
6655,57532,3,2.5,3.09,Meet the Spartans (2008)
6656,57536,2,3.25,3.26,Strange Wilderness (2008)
6657,57637,1,3.5,3.28,"Signal, The (2007)"
6658,57640,18,3.8055555555555554,3.61,Hellboy II: The Golden Army (2008)
6659,57669,41,4.158536585365853,3.98,In Bruges (2008)
6660,57772,2,3.75,3.34,World on a Wire (Welt am Draht) (1973)
6661,57843,1,4.5,3.37,Rise of the Footsoldier (2007)
6662,57910,1,2.0,3.15,Teeth (2007)
6663,57951,3,2.3333333333333335,3.05,Fool's Gold (2008)
6664,58025,18,3.0,3.1,Jumper (2008)
6665,58047,14,3.4285714285714284,3.36,"Definitely, Maybe (2008)"
6666,58078,1,3.0,3.24,"Air I Breathe, The (2007)"
6667,58103,6,3.4166666666666665,3.32,Vantage Point (2008)
6668,58105,5,3.4,3.31,"Spiderwick Chronicles, The (2008)"
6669,58107,2,3.25,3.26,Step Up 2 the Streets (2008)
6670,58154,7,3.7857142857142856,3.47,"Other Boleyn Girl, The (2008)"
6671,58156,10,2.9,3.08,Semi-Pro (2008)
6672,58162,7,3.0,3.16,Run Fatboy Run (2007)
6673,58191,1,4.0,3.33,Taxi to the Dark Side (2007)
6674,58287,1,1.0,3.06,Descent (2007)
6675,58291,1,4.5,3.37,College Road Trip (2008)
6676,58293,17,2.7058823529411766,2.92,"10,000 BC (2008)"
6677,58295,13,3.6153846153846154,3.46,"Bank Job, The (2008)"
6678,58297,1,4.0,3.33,Doomsday (2008)
6679,58299,8,3.4375,3.34,Horton Hears a Who! (2008)
6680,58301,4,4.375,3.57,Funny Games U.S. (2007)
6681,58303,3,3.3333333333333335,3.28,"Counterfeiters, The (Die Fälscher) (2007)"
6682,58306,1,2.5,3.2,Mongol (2007)
6683,58309,1,4.5,3.37,War Dance (2007)
6684,58315,4,2.125,2.95,"Love Guru, The (2008)"
6685,58332,3,2.8333333333333335,3.17,Diary of the Dead (2007)
6686,58347,4,3.5,3.33,Penelope (2006)
6687,58351,1,4.0,3.33,City of Men (Cidade dos Homens) (2007)
6688,58376,2,3.75,3.34,Zeitgeist: The Movie (2007)
6689,58404,2,2.75,3.18,Justice League: The New Frontier (2008) 
6690,58425,3,4.166666666666667,3.47,Heima (2007)
6691,58492,1,3.0,3.24,Snow Angels (2007)
6692,58554,2,3.5,3.3,"Class, The (Klass) (2007)"
6693,58559,149,4.238255033557047,4.17,"Dark Knight, The (2008)"
6694,58627,1,3.5,3.28,Never Back Down (2008)
6695,58655,2,3.5,3.3,Drillbit Taylor (2008)
6696,58783,1,2.5,3.2,Youth Without Youth (2007)
6697,58803,18,3.75,3.57,21 (2008)
6698,58806,2,2.75,3.18,Smart People (2008)
6699,58826,1,2.5,3.2,"Shepherd: Border Patrol, The (2008)"
6700,58839,4,2.375,3.02,Leatherheads (2008)
6701,58842,1,4.5,3.37,Assembly (Ji jie hao) (2007) 
6702,58870,2,3.5,3.3,Zebraman (2004)
6703,58876,2,3.25,3.26,Stop-Loss (2008)
6704,58879,1,3.5,3.28,Shine a Light (2008)
6705,58964,1,4.0,3.33,Inside (À l'intérieur) (2007)
6706,58972,2,3.0,3.22,Nim's Island (2008)
6707,58975,1,3.5,3.28,"Ruins, The (2008)"
6708,58998,39,3.769230769230769,3.66,Forgetting Sarah Marshall (2008)
6709,59014,3,2.0,2.98,Superhero Movie (2008)
6710,59016,1,2.5,3.2,Street Kings (2008)
6711,59018,1,4.5,3.37,"Visitor, The (2007)"
6712,59022,13,3.3076923076923075,3.29,Harold & Kumar Escape from Guantanamo Bay (2008)
6713,59026,1,4.0,3.33,99 francs (2007)
6714,59037,3,3.1666666666666665,3.24,Speed Racer (2008)
6715,59103,3,3.8333333333333335,3.39,"Forbidden Kingdom, The (2008)"
6716,59118,1,3.5,3.28,Happy-Go-Lucky (2008)
6717,59126,5,3.8,3.44,Religulous (2008)
6718,59129,2,2.0,3.06,Outpost (2008)
6719,59131,1,3.5,3.28,Are You Scared? (2006)
6720,59141,3,4.666666666666667,3.58,Son of Rambow (2007)
6721,59143,2,4.25,3.42,Super High Me (2007)
6722,59220,1,3.5,3.28,Outsourced (2006)
6723,59258,11,3.1363636363636362,3.2,Baby Mama (2008)
6724,59295,1,1.0,3.06,Expelled: No Intelligence Allowed (2008)
6725,59306,2,0.75,2.86,Prom Night (2008)
6726,59315,94,3.824468085106383,3.77,Iron Man (2008)
6727,59333,4,2.875,3.15,Made of Honor (2008)
6728,59336,1,3.0,3.24,Redbelt (2008)
6729,59369,42,3.619047619047619,3.55,Taken (2008)
6730,59387,11,3.9545454545454546,3.62,"Fall, The (2006)"
6731,59421,8,2.75,3.04,What Happens in Vegas... (2008)
6732,59429,2,2.75,3.18,American Pie Presents Beta House (American Pie 6: Beta House) (2007)
6733,59440,1,3.5,3.28,Bella (2006)
6734,59501,12,3.5416666666666665,3.41,"Chronicles of Narnia: Prince Caspian, The (2008)"
6735,59549,1,4.0,3.33,Shelter (2007)
6736,59604,2,3.75,3.34,"Girl Next Door, The (2007)"
6737,59615,39,2.8333333333333335,2.92,Indiana Jones and the Kingdom of the Crystal Skull (2008)
6738,59667,1,4.0,3.33,Nina's Heavenly Delights (2006)
6739,59725,11,2.409090909090909,2.82,Sex and the City (2008)
6740,59727,3,3.1666666666666665,3.24,"Strangers, The (2008)"
6741,59731,1,3.5,3.28,"Bigger, Stronger, Faster* (2008)"
6742,59738,1,3.0,3.24,All the Boys Love Mandy Lane (2006)
6743,59784,54,3.4444444444444446,3.42,Kung Fu Panda (2008)
6744,59810,1,3.5,3.28,Recount (2008)
6745,59814,1,5.0,3.42,Ex Drummer (2007)
6746,59900,15,2.8666666666666667,3.03,You Don't Mess with the Zohan (2008)
6747,59915,1,3.5,3.28,Stuck (2007)
6748,59947,1,2.0,3.15,"Protector, The (1985)"
6749,59985,1,4.0,3.33,Chaos Theory (2007)
6750,59995,1,4.0,3.33,Boy A (2007)
6751,60030,1,4.5,3.37,Spiral (2007)
6752,60037,5,3.0,3.18,"Happening, The (2008)"
6753,60040,35,3.1714285714285713,3.19,"Incredible Hulk, The (2008)"
6754,60046,1,3.5,3.28,"Children of Huang Shi, The (2008)"
6755,60069,104,4.0576923076923075,3.99,WALL·E (2008)
6756,60072,22,3.159090909090909,3.19,Wanted (2008)
6757,60074,29,3.0344827586206895,3.09,Hancock (2008)
6758,60126,16,3.46875,3.39,Get Smart (2008)
6759,60128,2,2.25,3.1,Young People Fucking (a.k.a. YPF) (2007)
6760,60141,1,2.5,3.2,St. Trinian's (2007)
6761,60161,6,3.5,3.35,Futurama: The Beast with a Billion Backs (2008)
6762,60289,2,3.0,3.22,Kit Kittredge: An American Girl (2008)
6763,60291,2,3.75,3.34,Gonzo: The Life and Work of Dr. Hunter S. Thompson (2008)
6764,60293,3,4.0,3.43,"Wackness, The (2008)"
6765,60303,1,4.0,3.33,Strange Circus (Kimyô na sâkasu) (2005)
6766,60333,3,4.5,3.54,Encounters at the End of the World (2008)
6767,60363,1,0.5,3.02,Zombie Strippers! (2008)
6768,60365,1,1.5,3.11,Frosty the Snowman (1969)
6769,60389,1,4.0,3.33,Battle for Haditha (2007)
6770,60397,14,2.9642857142857144,3.09,Mamma Mia! (2008)
6771,60408,2,4.5,3.46,Welcome to the Sticks (Bienvenue chez les Ch'tis) (2008)
6772,60471,1,3.5,3.28,Rogue (2007)
6773,60487,5,3.8,3.44,"It's the Great Pumpkin, Charlie Brown (1966)"
6774,60514,5,2.5,3.01,Journey to the Center of the Earth (2008)
6775,60516,2,3.5,3.3,Meet Dave (2008)
6776,60522,2,2.25,3.1,"Machine Girl, The (Kataude mashin gâru) (2008)"
6777,60538,1,3.5,3.28,Shrooms (2007)
6778,60647,1,2.5,3.2,Transsiberian (2008)
6779,60674,1,2.5,3.2,Stargate: Continuum (2008)
6780,60684,43,3.988372093023256,3.85,Watchmen (2009)
6781,60735,1,2.5,3.2,Shotgun Stories (2007)
6782,60737,1,5.0,3.42,Watching the Detectives (2007)
6783,60753,2,3.5,3.3,Felon (2008)
6784,60756,28,3.5535714285714284,3.47,Step Brothers (2008)
6785,60760,4,2.875,3.15,"X-Files: I Want to Believe, The (2008)"
6786,60766,8,3.6875,3.45,Man on Wire (2008)
6787,60803,1,2.5,3.2,"Little Drummer Boy, The (1968)"
6788,60818,1,4.0,3.33,Hogfather (Terry Pratchett's Hogfather) (2006)
6789,60832,1,4.0,3.33,Pathology (2008)
6790,60857,1,3.0,3.24,"Tracey Fragments, The (2007)"
6791,60885,2,3.5,3.3,"Zone, The (La Zona) (2007)"
6792,60894,1,3.0,3.24,"Edge of Love, The (2008)"
6793,60904,1,4.0,3.33,Heart of a Dog (Sobachye serdtse) (1988)
6794,60937,7,2.642857142857143,3.01,"Mummy: Tomb of the Dragon Emperor, The (2008)"
6795,60941,4,2.875,3.15,"Midnight Meat Train, The (2008)"
6796,60943,1,4.5,3.37,Frozen River (2008)
6797,60950,16,3.09375,3.16,Vicky Cristina Barcelona (2008)
6798,60979,3,3.5,3.32,Batman: Gotham Knight (2008)
6799,61011,1,2.0,3.15,"Walker, The (2007)"
6800,61024,31,3.6774193548387095,3.57,Pineapple Express (2008)
6801,61026,3,4.0,3.43,Red Cliff (Chi bi) (2008)
6802,61071,1,2.5,3.2,"Sisterhood of the Traveling Pants 2, The (2008)"
6803,61073,1,2.0,3.15,Hell Ride (2008)
6804,61123,1,2.0,3.15,High School Musical 2 (2007)
6805,61132,33,3.5,3.44,Tropic Thunder (2008)
6806,61160,7,2.357142857142857,2.9,Star Wars: The Clone Wars (2008)
6807,61167,1,4.0,3.33,Henry Poole is Here (2008)
6808,61210,1,3.5,3.28,Mutant Chronicles (2008)
6809,61236,5,3.0,3.18,Waltz with Bashir (Vals im Bashir) (2008)
6810,61240,17,3.911764705882353,3.67,Let the Right One In (Låt den rätte komma in) (2008)
6811,61246,1,2.0,3.15,Hamlet 2 (2008)
6812,61248,9,3.2222222222222223,3.24,Death Race (2008)
6813,61250,10,2.5,2.89,"House Bunny, The (2008)"
6814,61255,2,2.75,3.18,"Rocker, The (2008)"
6815,61257,1,4.0,3.33,I.O.U.S.A. (a.k.a. IOUSA) (2008)
6816,61262,1,1.5,3.11,Mirrors (2008)
6817,61289,3,3.3333333333333335,3.28,Sukiyaki Western Django (2008)
6818,61319,1,3.5,3.28,Somers Town (2008)
6819,61323,39,3.4871794871794872,3.44,Burn After Reading (2008)
6820,61348,3,0.8333333333333334,2.72,Disaster Movie (2008)
6821,61350,3,2.3333333333333335,3.05,Babylon A.D. (2008)
6822,61352,4,3.375,3.29,Traitor (2008)
6823,61394,1,4.0,3.33,"Onion Movie, The (2008)"
6824,61401,2,2.5,3.14,"Spirit, The (2008)"
6825,61406,2,4.0,3.38,John Adams (2008)
6826,61465,2,3.25,3.26,Bangkok Dangerous (2008)
6827,61628,1,2.0,3.15,Sunflower (Xiang ri kui) (2005)
6828,61692,1,3.0,3.24,Altered (2006)
6829,61697,1,3.0,3.24,Righteous Kill (2008)
6830,61705,2,3.0,3.22,Lakeview Terrace (2008)
6831,61729,2,2.0,3.06,Ghost Town (2008)
6832,61818,1,0.5,3.02,"Crow, The: Wicked Prayer (2005)"
6833,61986,1,3.0,3.24,Appaloosa (2008)
6834,62008,1,3.0,3.24,Dead Fury (2008)
6835,62081,8,3.0625,3.18,Eagle Eye (2008)
6836,62113,6,2.8333333333333335,3.11,How to Lose Friends & Alienate People (2008)
6837,62155,10,3.35,3.31,Nick and Norah's Infinite Playlist (2008)
6838,62208,1,4.5,3.37,"Sound of the Mountain (Thunder of the Mountain, The) (Yama no oto) (1954)"
6839,62250,5,3.7,3.4,Gomorrah (Gomorra) (2008)
6840,62293,4,3.5,3.33,"Duchess, The (2008)"
6841,62299,1,3.5,3.28,Alone in the Dark II (2008)
6842,62336,9,4.277777777777778,3.73,FLCL (2000)
6843,62344,2,2.75,3.18,Rachel Getting Married (2008)
6844,62374,11,3.772727272727273,3.53,Body of Lies (2008)
6845,62376,3,2.8333333333333335,3.17,City of Ember (2008)
6846,62383,2,3.75,3.34,"20,000 Leagues Under the Sea (1916)"
6847,62394,3,2.1666666666666665,3.02,Max Payne (2008)
6848,62434,21,3.5238095238095237,3.44,Zack and Miri Make a Porno (2008)
6849,62437,1,2.5,3.2,W. (2008)
6850,62439,3,4.0,3.43,My Best Friend's Girl (2008)
6851,62511,4,3.125,3.22,"Synecdoche, New York (2008)"
6852,62553,1,4.0,3.33,"Secret Life of Bees, The (2008)"
6853,62586,1,2.0,3.15,"American Carol, An (2008)"
6854,62644,7,3.5714285714285716,3.39,"Wave, The (Welle, Die) (2008)"
6855,62662,1,3.0,3.24,Tokyo-Ga (1985)
6856,62718,1,2.5,3.2,"Angus, Thongs and Perfect Snogging (2008)"
6857,62792,2,3.0,3.22,Pride and Glory (2008)
6858,62799,1,3.0,3.24,"Express, The (2008)"
6859,62834,1,4.0,3.33,Babylon 5: The Legend of the Rangers: To Live and Die in Starlight (2002)
6860,62836,1,4.0,3.33,Babylon 5: The Lost Tales - Voices in the Dark (2007)
6861,62849,13,3.769230769230769,3.54,RocknRolla (2008)
6862,62956,9,3.4444444444444446,3.35,Futurama: Bender's Game (2008)
6863,62970,2,2.25,3.1,Tin Man (2007)
6864,62999,13,3.6923076923076925,3.5,Madagascar: Escape 2 Africa (2008)
6865,63033,1,3.5,3.28,Blindness (2008)
6866,63062,8,3.4375,3.34,Changeling (2008)
6867,63072,9,3.888888888888889,3.55,"Road, The (2009)"
6868,63082,71,3.8098591549295775,3.74,Slumdog Millionaire (2008)
6869,63113,35,3.4571428571428573,3.41,Quantum of Solace (2008)
6870,63131,20,3.625,3.5,Role Models (2008)
6871,63179,1,3.5,3.28,Tokyo! (2008)
6872,63222,2,3.25,3.26,JCVD (2008)
6873,63239,1,3.0,3.24,Cinderella (1997)
6874,63276,2,4.0,3.38,Crows Zero (Kurôzu zero) (2007)
6875,63312,1,2.0,3.15,Krabat (2008)
6876,63393,1,1.0,3.06,Camp Rock (2008)
6877,63433,4,3.5,3.33,Farscape: The Peacekeeper Wars (2004)
6878,63436,3,3.1666666666666665,3.24,Saw V (2008)
6879,63479,4,3.625,3.36,Sex Drive (2008)
6880,63515,1,4.0,3.33,The Island (2006)
6881,63540,4,2.125,2.95,Beverly Hills Chihuahua (2008)
6882,63768,1,3.0,3.24,Tattooed Life (Irezumi ichidai) (1965)
6883,63808,2,2.75,3.18,"Class, The (Entre les murs) (2008)"
6884,63826,1,4.0,3.33,Splinter (2008)
6885,63853,5,3.2,3.24,Australia (2008)
6886,63859,18,3.388888888888889,3.34,Bolt (2008)
6887,63876,11,3.5454545454545454,3.41,Milk (2008)
6888,63992,22,2.409090909090909,2.68,Twilight (2008)
6889,64010,1,3.5,3.28,"Children, The (2008)"
6890,64030,6,2.6666666666666665,3.04,Transporter 3 (2008)
6891,64032,3,2.8333333333333335,3.17,Four Christmases (2008)
6892,64034,6,3.4166666666666665,3.32,"Boy in the Striped Pajamas, The (Boy in the Striped Pyjamas, The) (2008)"
6893,64114,1,1.0,3.06,Fireproof (2008)
6894,64116,2,3.5,3.3,Igor (2008)
6895,64167,3,3.3333333333333335,3.28,Dinotopia (2002)
6896,64197,2,4.75,3.5,Hunger (2008)
6897,64231,6,3.0,3.17,Punisher: War Zone (2008)
6898,64249,2,2.5,3.14,Shrek the Halls (2007)
6899,64278,1,3.5,3.28,"Pervert's Guide to Cinema, The (2006)"
6900,64285,5,3.7,3.4,Wallace and Gromit in 'A Matter of Loaf and Death' (2008)
6901,64497,7,2.7857142857142856,3.07,"Day the Earth Stood Still, The (2008)"
6902,64499,1,5.0,3.42,Che: Part One (2008)
6903,64501,1,5.0,3.42,Che: Part Two (2008)
6904,64575,7,3.357142857142857,3.3,Doubt (2008)
6905,64614,46,3.9456521739130435,3.82,Gran Torino (2008)
6906,64620,9,3.9444444444444446,3.58,Frost/Nixon (2008)
6907,64622,7,3.2142857142857144,3.24,"Reader, The (2008)"
6908,64695,1,4.0,3.33,Sword of the Stranger (Sutorejia: Mukô hadan) (2007)
6909,64716,11,4.136363636363637,3.71,Seven Pounds (2008)
6910,64839,34,3.735294117647059,3.62,"Wrestler, The (2008)"
6911,64957,37,3.5945945945945947,3.52,"Curious Case of Benjamin Button, The (2008)"
6912,64969,34,3.6176470588235294,3.53,Yes Man (2008)
6913,64983,11,3.409090909090909,3.34,Valkyrie (2008)
6914,64993,3,3.5,3.32,5 Centimeters per Second (Byôsoku 5 senchimêtoru) (2007)
6915,64997,2,3.0,3.22,War of the Worlds (2005)
6916,65037,1,3.5,3.28,Ben X (2007)
6917,65088,11,3.3636363636363638,3.31,Bedtime Stories (2008)
6918,65126,3,3.5,3.32,Choke (2008)
6919,65130,5,3.7,3.4,Revolutionary Road (2008)
6920,65133,2,3.5,3.3,Blackadder Back & Forth (1999)
6921,65135,1,3.0,3.24,Blackadder's Christmas Carol (1988)
6922,65188,4,3.875,3.43,Dear Zachary: A Letter to a Son About His Father (2008)
6923,65193,1,3.0,3.24,Wild Child (2008)
6924,65216,7,3.9285714285714284,3.53,Defiance (2008)
6925,65225,1,4.5,3.37,Zeitgeist: Addendum (2008)
6926,65230,14,3.142857142857143,3.19,Marley & Me (2008)
6927,65261,11,4.0,3.64,Ponyo (Gake no ue no Ponyo) (2008)
6928,65350,1,0.5,3.02,"General Died at Dawn, The (1936)"
6929,65359,1,3.0,3.24,Earthsea (Legend of Earthsea) (2004)
6930,65514,10,3.95,3.6,Ip Man (2008)
6931,65577,1,3.0,3.24,"Tale of Despereaux, The (2008)"
6932,65585,4,3.5,3.33,Bride Wars (2009)
6933,65588,1,2.5,3.2,"Gamers, The: Dorkness Rising (2008)"
6934,65596,1,4.0,3.33,Mesrine: Killer Instinct (L'instinct de mort) (2008)
6935,65601,1,2.0,3.15,My Bloody Valentine 3-D (2009)
6936,65631,1,4.0,3.33,Battle in Seattle (2007)
6937,65642,4,4.25,3.54,"Timecrimes (Cronocrímenes, Los) (2007)"
6938,65651,1,2.0,3.15,Fire and Ice (2008)
6939,65682,7,3.642857142857143,3.42,Underworld: Rise of the Lycans (2009)
6940,65685,5,3.5,3.34,Inkheart (2008)
6941,65738,1,4.0,3.33,Revenge of the Nerds III: The Next Generation (1992)
6942,65740,1,4.0,3.33,Revenge of the Nerds IV: Nerds in Love (1994)
6943,65802,7,2.7142857142857144,3.04,Paul Blart: Mall Cop (2009)
6944,65810,1,3.0,3.24,Notorious (2009)
6945,65882,1,3.5,3.28,"Uninvited, The (2009)"
6946,65982,3,3.3333333333333335,3.28,Outlander (2008)
6947,66090,1,4.0,3.33,Eden Lake (2008)
6948,66097,35,3.7,3.6,Coraline (2009)
6949,66171,2,3.0,3.22,Push (2009)
6950,66198,2,3.0,3.22,"International, The (2009)"
6951,66203,11,2.8181818181818183,3.03,He's Just Not That Into You (2009)
6952,66240,1,3.5,3.28,Dead Like Me: Life After Death (2009)
6953,66297,6,3.5,3.35,Futurama: Into the Wild Green Yonder (2009)
6954,66310,1,3.5,3.28,Frontière(s) (2007)
6955,66320,1,4.0,3.33,"11th Hour, The (2007)"
6956,66335,1,2.5,3.2,Afro Samurai: Resurrection (2009)
6957,66371,5,4.1,3.53,Departures (Okuribito) (2008)
6958,66427,1,3.0,3.24,My Name Is Bruce (2007)
6959,66509,5,3.5,3.34,Funny People (2009)
6960,66511,2,4.25,3.42,Berlin Calling (2008)
6961,66544,1,4.0,3.33,Nuremberg (2000)
6962,66665,4,3.5,3.33,Away We Go (2009)
6963,66744,2,4.0,3.38,"Divo, Il (2008)"
6964,66783,2,3.0,3.22,Friday the 13th (2009)
6965,66785,5,3.8,3.44,"Good, the Bad, the Weird, The (Joheunnom nabbeunnom isanghannom) (2008)"
6966,66798,2,2.75,3.18,"Pink Panther 2, The (2009)"
6967,66915,1,2.0,3.15,Rock-A-Doodle (1991)
6968,66934,24,3.9166666666666665,3.72,Dr. Horrible's Sing-Along Blog (2008)
6969,66943,2,4.25,3.42,"Cottage, The (2008)"
6970,67087,17,3.5294117647058822,3.43,"I Love You, Man (2009)"
6971,67168,1,3.5,3.28,Dance of the Dead (2008)
6972,67186,2,2.5,3.14,"Haunting in Connecticut, The (2009)"
6973,67193,1,2.5,3.2,Duplicity (2009)
6974,67197,9,2.8333333333333335,3.06,Knowing (2009)
6975,67255,25,3.94,3.74,"Girl with the Dragon Tattoo, The (Män som hatar kvinnor) (2009)"
6976,67267,4,3.375,3.29,Sunshine Cleaning (2008)
6977,67295,4,2.875,3.15,Kung Fu Panda: Secrets of the Furious Five (2008)
6978,67361,1,2.0,3.15,Echelon Conspiracy (2009)
6979,67408,8,3.25,3.26,Monsters vs. Aliens (2009)
6980,67508,1,4.0,3.33,"Baader Meinhof Komplex, Der (2008)"
6981,67534,2,2.75,3.18,Big Stan (2007)
6982,67618,1,5.0,3.42,Strictly Sexual (2008)
6983,67665,2,3.75,3.34,Anvil! The Story of Anvil (2008)
6984,67695,4,2.625,3.09,Observe and Report (2009)
6985,67734,15,3.3333333333333335,3.3,Adventureland (2009)
6986,67788,4,3.5,3.33,Confessions of a Shopaholic (2009)
6987,67799,1,0.5,3.02,The Butterfly Effect 3: Revelations (2009)
6988,67888,1,4.5,3.37,Man on the Flying Trapeze (1935)
6989,67923,10,3.25,3.26,"Fast & Furious (Fast and the Furious 4, The) (2009)"
6990,67997,5,4.3,3.6,In the Loop (2009)
6991,68073,5,3.4,3.31,Pirate Radio (2009)
6992,68135,10,3.55,3.4,17 Again (2009)
6993,68157,88,4.136363636363637,4.04,Inglourious Basterds (2009)
6994,68159,3,4.0,3.43,State of Play (2009)
6995,68194,2,4.25,3.42,"Damned United, The (2009)"
6996,68205,8,2.9375,3.12,Crank: High Voltage (2009)
6997,68237,32,3.96875,3.8,Moon (2009)
6998,68269,2,4.25,3.42,"Young Victoria, The (2009)"
6999,68319,26,2.8653846153846154,2.98,X-Men Origins: Wolverine (2009)
7000,68347,1,4.0,3.33,Sin Nombre (2009)
7001,68358,59,3.864406779661017,3.77,Star Trek (2009)
7002,68444,1,3.5,3.28,"Great Buck Howard, The (2008)"
7003,68480,1,1.5,3.11,Flatfoot on the Nile (Piedone d'Egitto) (1980)
7004,68486,3,4.0,3.43,Red Cliff Part II (Chi Bi Xia: Jue Zhan Tian Xia) (2009)
7005,68522,1,3.5,3.28,Earth (2007)
7006,68536,1,4.0,3.33,Stanley Kubrick: A Life in Pictures (2001)
7007,68552,1,2.0,3.15,Crossing Over (2009)
7008,68554,17,3.264705882352941,3.26,Angels & Demons (2009)
7009,68597,1,4.0,3.33,Scorpio (1973)
7010,68600,1,2.0,3.15,Balls Out: Gary the Tennis Coach (2009)
7011,68650,1,2.0,3.15,Powder Blue (2009)
7012,68659,8,2.875,3.09,Fanboys (2009)
7013,68791,18,3.25,3.25,Terminator Salvation (2009)
7014,68793,10,3.1,3.18,Night at the Museum: Battle of the Smithsonian (2009)
7015,68835,1,3.5,3.28,Were the World Mine (2008)
7016,68848,3,4.333333333333333,3.5,"Brothers Bloom, The (2008)"
7017,68872,1,4.0,3.33,Paisan (Paisà) (1946)
7018,68886,1,4.0,3.33,I Do: How to Get Married and Stay Single (Prête-moi ta main) (2006)
7019,68932,2,3.5,3.3,"Soloist, The (2009)"
7020,68945,2,4.0,3.38,Neon Genesis Evangelion: Death & Rebirth (Shin seiki Evangelion Gekijô-ban: Shito shinsei) (1997)
7021,68952,6,3.75,3.44,Drag Me to Hell (2009)
7022,68954,105,4.004761904761905,3.94,Up (2009)
7023,68959,2,2.75,3.18,Fullmetal Alchemist the Movie: Conqueror of Shamballa (Gekijô-ban hagane no renkinjutsushi: Shanbara wo yuku mono) (2005)
7024,69069,6,3.5833333333333335,3.38,Fired Up (2009)
7025,69118,1,1.5,3.11,In the Electric Mist (2009)
7026,69122,76,3.6315789473684212,3.59,"Hangover, The (2009)"
7027,69131,1,2.5,3.2,Killshot (2008)
7028,69134,5,3.8,3.44,Antichrist (2009)
7029,69140,1,4.0,3.33,Sweeney Todd (2006)
7030,69211,1,5.0,3.42,Boy Eats Girl (2005)
7031,69224,1,4.0,3.33,Marius and Jeanette (Marius et Jeannette) (1997)
7032,69227,1,1.0,3.06,Ernest Rides Again (1993)
7033,69251,1,3.5,3.28,Special (2006)
7034,69275,4,4.25,3.54,Dead Snow (Død snø) (2009)
7035,69278,7,3.2142857142857144,3.24,Land of the Lost (2009)
7036,69304,1,4.0,3.33,Imagine That (2009)
7037,69306,6,3.1666666666666665,3.23,"Taking of Pelham 1 2 3, The (2009)"
7038,69394,1,4.5,3.37,"Stoning of Soraya M., The (2008)"
7039,69406,16,3.5,3.41,"Proposal, The (2009)"
7040,69436,7,2.7857142857142856,3.07,Year One (2009)
7041,69453,2,1.5,2.98,"Land That Time Forgot, The (1975)"
7042,69469,1,5.0,3.42,Garfield's Pet Force (2009)
7043,69481,34,4.0588235294117645,3.87,"Hurt Locker, The (2008)"
7044,69495,1,3.5,3.28,Breakfast with Scot (2007)
7045,69516,2,2.75,3.18,"Limits of Control, The (2009)"
7046,69524,3,4.333333333333333,3.5,Raiders of the Lost Ark: The Adaptation (1989)
7047,69526,20,2.425,2.71,Transformers: Revenge of the Fallen (2009)
7048,69529,2,4.5,3.46,Home (2009)
7049,69604,2,3.0,3.22,Whatever Works (2009)
7050,69606,3,2.5,3.09,Ghosts of Girlfriends Past (2009)
7051,69640,9,3.0555555555555554,3.17,Public Enemies (2009)
7052,69644,14,2.607142857142857,2.89,Ice Age: Dawn of the Dinosaurs (2009)
7053,69654,1,3.5,3.28,Prison Break: The Final Break (2009)
7054,69685,1,1.0,3.06,Daria: Is It College Yet? (2002)
7055,69712,1,4.0,3.33,My Sister's Keeper (2009)
7056,69720,1,4.5,3.37,Hood of Horror (2006)
7057,69746,1,3.5,3.28,Watchmen: Tales of the Black Freighter (2009)
7058,69757,42,3.6666666666666665,3.59,(500) Days of Summer (2009)
7059,69784,10,3.65,3.45,Brüno (Bruno) (2009)
7060,69805,2,3.75,3.34,"Librarian, The: The Curse of the Judas Chalice (2008)"
7061,69844,58,3.8879310344827585,3.79,Harry Potter and the Half-Blood Prince (2009)
7062,69849,3,3.1666666666666665,3.24,Roots (1977)
7063,69860,1,5.0,3.42,Eichmann (2007)
7064,69904,1,2.5,3.2,Open Water 2: Adrift (2006)
7065,69951,16,3.8125,3.6,"Imaginarium of Doctor Parnassus, The (2009)"
7066,69953,1,3.5,3.28,9to5: Days in Porn (a.k.a. 9 to 5: Days in Porn) (2008)
7067,69988,1,2.5,3.2,Humpday (2009)
7068,70015,1,1.5,3.11,Polytechnique (2009)
7069,70159,4,3.0,3.19,Orphan (2009)
7070,70183,12,3.6666666666666665,3.48,"Ugly Truth, The (2009)"
7071,70206,1,3.5,3.28,"Collector, The (2009)"
7072,70208,1,4.0,3.33,"Perfect Getaway, A (2009)"
7073,70286,65,3.776923076923077,3.71,District 9 (2009)
7074,70293,12,2.9583333333333335,3.1,Julie & Julia (2009)
7075,70301,1,3.5,3.28,Obsessed (2009)
7076,70305,2,3.5,3.3,Race to Witch Mountain (2009)
7077,70334,1,3.5,3.28,Hannah Montana: The Movie (2009)
7078,70336,8,2.625,2.98,G.I. Joe: The Rise of Cobra (2009)
7079,70361,3,3.0,3.2,12 Rounds (2009)
7080,70451,1,5.0,3.42,Max Manus (2008)
7081,70492,1,3.5,3.28,Winds of the Wasteland (1936)
7082,70521,3,3.6666666666666665,3.35,Lost in Austen (2008)
7083,70533,3,3.8333333333333335,3.39,Evangelion: 1.0 You Are (Not) Alone (Evangerion shin gekijôban: Jo) (2007)
7084,70545,1,2.0,3.15,"Deal, The (2008)"
7085,70565,4,3.625,3.36,"Goods: Live Hard, Sell Hard, The (2009)"
7086,70599,5,3.9,3.47,"Time Traveler's Wife, The (2009)"
7087,70637,1,4.0,3.33,I Can't Think Straight (2007)
7088,70641,3,2.8333333333333335,3.17,Miss March (2009)
7089,70663,1,2.5,3.2,"I Love You, Beth Cooper (2009)"
7090,70687,2,2.75,3.18,Paper Heart (2009)
7091,70697,1,3.5,3.28,G-Force (2009)
7092,70703,1,2.0,3.15,Christopher Columbus: The Discovery (1992)
7093,70708,1,4.5,3.37,Tetro (2009)
7094,70728,3,3.8333333333333335,3.39,Bronson (2009)
7095,70862,2,3.75,3.34,It Might Get Loud (2008)
7096,70932,1,2.0,3.15,My Life in Ruins (2009)
7097,70946,3,3.5,3.32,Troll 2 (1990)
7098,70984,3,3.0,3.2,Taking Woodstock (2009)
7099,70990,1,2.5,3.2,If These Walls Could Talk (1996)
7100,70994,3,3.0,3.2,Halloween II (2009)
7101,71033,7,3.857142857142857,3.5,"Secret in Their Eyes, The (El secreto de sus ojos) (2009)"
7102,71057,14,3.642857142857143,3.48,9 (2009)
7103,71106,5,3.6,3.37,Frequently Asked Questions About Time Travel (2009)
7104,71108,1,4.5,3.37,"White Ribbon, The (Das weiße Band) (2009)"
7105,71129,1,3.5,3.28,Green Lantern: First Flight (2009)
7106,71131,2,4.5,3.46,"Most Hated Family in America, The (2007)"
7107,71135,5,3.4,3.31,Pandorum (2009)
7108,71147,1,3.0,3.24,Death of a Cyclist (Muerte de un ciclista) (1955)
7109,71156,9,3.388888888888889,3.32,"Men Who Stare at Goats, The (2009)"
7110,71160,1,3.0,3.24,"Hunt For Gollum, The (2009)"
7111,71205,2,1.0,2.9,Jennifer's Body (2009)
7112,71211,3,3.6666666666666665,3.35,"Informant!, The (2009)"
7113,71248,2,2.0,3.06,Extract (2009)
7114,71252,3,2.6666666666666665,3.13,"Final Destination, The (Final Destination 4) (Final Destination in 3-D, The) (2009)"
7115,71254,7,3.4285714285714284,3.33,Gamer (2009)
7116,71264,17,3.5294117647058822,3.43,Cloudy with a Chance of Meatballs (2009)
7117,71268,1,5.0,3.42,Tyler Perry's I Can Do Bad All by Myself (2009)
7118,71282,8,3.6875,3.45,"Food, Inc. (2008)"
7119,71302,1,4.5,3.37,Attack of the 50 Foot Woman (1958)
7120,71304,3,4.0,3.43,Thirst (Bakjwi) (2009)
7121,71327,1,3.5,3.28,Bright Star (2009)
7122,71341,1,3.0,3.24,Blood Creek (a.k.a. Town Creek) (2009)
7123,71379,5,3.4,3.31,Paranormal Activity (2009)
7124,71429,2,3.0,3.22,World's Greatest Dad (2009)
7125,71438,1,1.0,3.06,Still Walking (Aruitemo aruitemo) (2008)
7126,71453,1,4.0,3.33,"Blood of the Beasts (Sang des bêtes, Le) (1949)"
7127,71462,4,4.25,3.54,"Cove, The (2009)"
7128,71464,11,3.227272727272727,3.24,"Serious Man, A (2009)"
7129,71466,1,4.0,3.33,City Island (2009)
7130,71468,1,3.5,3.28,Ink (2009)
7131,71484,1,2.5,3.2,Metropia (2009)
7132,71494,1,3.5,3.28,"Haunted World of El Superbeasto, The (2009)"
7133,71500,1,2.5,3.2,Trick 'r Treat (2007)
7134,71518,5,3.1,3.21,Whip It (2009)
7135,71520,6,2.3333333333333335,2.92,"Invention of Lying, The (2009)"
7136,71530,14,3.0357142857142856,3.13,Surrogates (2009)
7137,71535,53,3.8773584905660377,3.78,Zombieland (2009)
7138,71550,1,1.0,3.06,Assassination of a High School President (2008)
7139,71579,6,3.8333333333333335,3.47,"Education, An (2009)"
7140,71619,1,4.0,3.33,Coco Before Chanel (Coco avant Chanel) (2009)
7141,71640,1,3.5,3.28,Burma VJ: Reporting from a Closed Country (Burma VJ: Reporter i et lukket land) (2008)
7142,71668,3,3.3333333333333335,3.28,Couples Retreat (2009)
7143,71732,2,2.5,3.14,I Sell the Dead (2008)
7144,71745,12,2.6666666666666665,2.94,Where the Wild Things Are (2009)
7145,71810,1,0.5,3.02,Legionnaire (1998)
7146,71823,4,3.5,3.33,"New York, I Love You (2009)"
7147,71838,8,3.0625,3.18,Law Abiding Citizen (2009)
7148,71867,1,3.0,3.24,"Misfortunates, The (De helaasheid der dingen) (2009)"
7149,71899,10,4.2,3.72,Mary and Max (2009)
7150,71902,1,3.5,3.28,Spread (2009)
7151,71910,1,2.5,3.2,"Tournament, The (2009)"
7152,71970,1,4.0,3.33,"Princess and the Pirate, The (1944)"
7153,71999,1,4.5,3.37,Aelita: The Queen of Mars (Aelita) (1924)
7154,72011,32,3.71875,3.61,Up in the Air (2009)
7155,72104,1,4.5,3.37,Balance (1989)
7156,72129,3,3.5,3.32,Saw VI (2009)
7157,72142,1,5.0,3.42,Love Exposure (Ai No Mukidashi) (2008)
7158,72165,1,2.0,3.15,Cirque du Freak: The Vampire's Assistant (2009)
7159,72167,4,3.375,3.29,"Boondock Saints II: All Saints Day, The (2009)"
7160,72171,2,3.5,3.3,Black Dynamite (2009)
7161,72178,1,4.5,3.37,Welcome to Dongmakgol (2005)
7162,72224,2,2.25,3.1,Gentlemen Broncos (2009)
7163,72226,18,4.083333333333333,3.78,Fantastic Mr. Fox (2009)
7164,72294,2,3.0,3.22,"Christmas Carol, A (2009)"
7165,72308,2,4.25,3.42,Battlestar Galactica: The Plan (2009)
7166,72330,1,3.5,3.28,"Private Lives of Pippa Lee, The (2009)"
7167,72356,4,4.375,3.57,Partly Cloudy (2009)
7168,72378,21,2.619047619047619,2.83,2012 (2009)
7169,72395,3,3.5,3.32,Precious (2009)
7170,72405,2,2.25,3.1,Bad Lieutenant: Port of Call New Orleans (2009)
7171,72407,9,2.6666666666666665,2.99,"Twilight Saga: New Moon, The (2009)"
7172,72424,1,0.5,3.02,Derailed (2002)
7173,72479,1,3.5,3.28,"Messenger, The (2009)"
7174,72489,3,4.166666666666667,3.47,Ninja Assassin (2009)
7175,72554,1,4.5,3.37,Cell 211 (Celda 211) (2009)
7176,72591,1,3.5,3.28,"Patriot, The (1998)"
7177,72601,1,3.0,3.24,Teenage Mutant Ninja Turtles: Turtles Forever (2009)
7178,72603,1,3.0,3.24,Merry Madagascar (2009)
7179,72605,5,3.5,3.34,Brothers (2009)
7180,72624,1,3.5,3.28,Garage (2007)
7181,72641,31,3.6774193548387095,3.57,"Blind Side, The  (2009)"
7182,72692,1,5.0,3.42,Mickey's Once Upon a Christmas (1999)
7183,72694,1,2.0,3.15,Shrink (2009)
7184,72696,1,0.5,3.02,Old Dogs (2009)
7185,72701,3,3.0,3.2,Planet 51 (2009)
7186,72714,1,4.0,3.33,Earthlings (2006)
7187,72720,3,3.8333333333333335,3.39,"Single Man, A (2009)"
7188,72731,3,3.1666666666666665,3.24,"Lovely Bones, The (2009)"
7189,72733,7,3.857142857142857,3.5,Invictus (2009)
7190,72737,12,3.75,3.52,"Princess and the Frog, The (2009)"
7191,72874,1,1.0,3.06,"Peacekeeper, The (1997)"
7192,72919,1,3.0,3.24,Did You Hear About the Morgans? (2009)
7193,72921,1,3.5,3.28,Snow White (1916)
7194,72982,1,4.0,3.33,Alice (2009)
7195,72998,97,3.6030927835051547,3.57,Avatar (2009)
7196,73015,4,2.75,3.12,It's Complicated (2009)
7197,73017,58,3.853448275862069,3.76,Sherlock Holmes (2009)
7198,73023,5,4.1,3.53,Crazy Heart (2009)
7199,73042,3,2.6666666666666665,3.13,Alvin and the Chipmunks: The Squeakquel (2009)
7200,73106,3,2.1666666666666665,3.02,American Pie Presents: The Book of Love (American Pie 7: The Book of Love) (2009)
7201,73160,1,2.5,3.2,Sorority Babes in the Slimeball Bowl-O-Rama (1988)
7202,73211,2,3.75,3.34,Pontypool (2008)
7203,73266,5,3.0,3.18,Youth in Revolt (2009)
7204,73268,6,3.4166666666666665,3.32,Daybreakers (2010)
7205,73290,2,3.5,3.3,Hachiko: A Dog's Story (a.k.a. Hachi: A Dog's Tale) (2009)
7206,73319,5,2.4,2.98,Leap Year (2010)
7207,73321,16,3.28125,3.27,"Book of Eli, The (2010)"
7208,73323,5,4.2,3.57,"Girl Who Kicked the Hornet's Nest, The (Luftslottet som sprängdes) (2009)"
7209,73344,4,4.25,3.54,"Prophet, A (Un Prophète) (2009)"
7210,73386,1,1.5,3.11,Staten Island (2009)
7211,73431,1,2.5,3.2,"Maiden Heist, The (2009)"
7212,73488,1,2.0,3.15,Blood: The Last Vampire (2009)
7213,73499,1,3.5,3.28,MacGyver: Lost Treasure of Atlantis (1994)
7214,73501,1,3.5,3.28,Pekka ja Pätkä Suezilla (1958)
7215,73515,1,3.5,3.28,Bart Got a Room (2008)
7216,73569,2,3.75,3.34,Project A 2 ('A' gai wak juk jap) (1987)
7217,73676,1,3.0,3.24,Robin-B-Hood (Bo bui gai wak) (2006)
7218,73681,1,3.0,3.24,"Concert, Le (2009)"
7219,73741,1,3.0,3.24,Ninja (2009)
7220,73804,1,4.0,3.33,Asterix at the Olympic Games (Astérix aux jeux olympiques) (2008)
7221,73808,1,3.0,3.24,"Chaser, The (Chugyeogja) (2008)"
7222,73822,1,5.0,3.42,Meantime (1984)
7223,73854,3,3.8333333333333335,3.39,"Rudolph, the Red-Nosed Reindeer (1964)"
7224,73858,1,1.5,3.11,"Dennis the Menace Christmas, A (2007)"
7225,73876,1,4.0,3.33,Undisputed II: Last Man Standing (2006)
7226,73881,2,4.75,3.5,3 Idiots (2009)
7227,73929,3,2.8333333333333335,3.17,Legion (2010)
7228,74075,2,1.0,2.9,Stan Helsing (2009)
7229,74089,1,3.5,3.28,Peter Pan (1960)
7230,74095,1,2.5,3.2,Wicked City (Yôjû toshi) (1987)
7231,74154,4,2.5,3.05,When in Rome (2010)
7232,74226,1,5.0,3.42,"Dream of Light (a.k.a. Quince Tree Sun, The) (Sol del membrillo, El) (1992)"
7233,74228,2,4.0,3.38,Triangle (2009)
7234,74275,2,1.5,2.98,I Love You Phillip Morris (2009)
7235,74282,2,4.75,3.5,Anne of Green Gables: The Sequel (a.k.a. Anne of Avonlea) (1987)
7236,74324,4,4.375,3.57,Temple Grandin (2010)
7237,74342,1,4.5,3.37,"Captain Newman, M.D. (1963)"
7238,74370,1,4.0,3.33,"House of the Devil, The (2009)"
7239,74450,3,2.6666666666666665,3.13,Valentine's Day (2010)
7240,74452,2,2.25,3.1,"Wolfman, The (2010)"
7241,74458,67,4.022388059701493,3.92,Shutter Island (2010)
7242,74508,3,3.3333333333333335,3.28,Persuasion (2007)
7243,74510,4,4.25,3.54,"Girl Who Played with Fire, The (Flickan som lekte med elden) (2009)"
7244,74530,7,2.357142857142857,2.9,Percy Jackson & the Olympians: The Lightning Thief (2010)
7245,74532,5,2.5,3.01,Cop Out (2010)
7246,74545,7,3.7857142857142856,3.47,"Ghost Writer, The (2010)"
7247,74553,2,4.0,3.38,"Secret of Kells, The (2009)"
7248,74580,1,2.0,3.15,"Spy Next Door, The (2010)"
7249,74624,1,4.0,3.33,Agora (2009)
7250,74647,1,1.0,3.06,Motherhood (2009)
7251,74668,2,3.75,3.34,District 13: Ultimatum (Banlieue 13 - Ultimatum) (2009)
7252,74677,1,4.0,3.33,"Yes Men Fix the World, The (2009)"
7253,74683,1,4.0,3.33,Mike Bassett: England Manager (2001)
7254,74685,4,3.375,3.29,"Crazies, The (2010)"
7255,74688,1,3.5,3.28,Dear John (2010)
7256,74696,1,3.0,3.24,Last Train Home (2009)
7257,74698,3,2.1666666666666665,3.02,Tooth Fairy (2010)
7258,74727,2,4.75,3.5,Gentlemen of Fortune (Dzhentlmeny udachi) (1972)
7259,74750,3,3.6666666666666665,3.35,[REC]² (2009)
7260,74754,3,3.6666666666666665,3.35,"Room, The (2003)"
7261,74789,28,2.875,2.98,Alice in Wonderland (2010)
7262,74791,2,3.75,3.34,"Town Called Panic, A (Panique au village) (2009)"
7263,74795,9,3.5,3.37,Green Zone (2010)
7264,74851,2,2.5,3.14,From Paris with Love (2010)
7265,74868,5,3.0,3.18,Dorian Gray (2009)
7266,74916,3,2.3333333333333335,3.05,Greenberg (2010)
7267,74946,9,3.2222222222222223,3.24,She's Out of My League (2010)
7268,74948,2,4.0,3.38,Harry Brown (2009)
7269,75341,1,4.0,3.33,Remember Me (2010)
7270,75389,1,3.0,3.24,"Burrowers, The (2008)"
7271,75395,2,3.25,3.26,Frozen (2010)
7272,75416,1,1.5,3.11,Generation X (1996)
7273,75446,1,2.5,3.2,Little Ashes (2008)
7274,75803,1,1.5,3.11,Our Family Wedding (2010)
7275,75805,6,2.75,3.07,"Bounty Hunter, The (2010)"
7276,75813,3,3.1666666666666665,3.24,Leaves of Grass (2009)
7277,75816,1,2.0,3.15,Women in Trouble (2009)
7278,75947,1,2.0,3.15,Mondo Cane (1962)
7279,75985,6,3.5,3.35,Repo Men (2010)
7280,76030,1,0.5,3.02,Case 39 (2009)
7281,76054,1,4.0,3.33,Oceans (Océans) (2009)
7282,76060,2,3.5,3.3,"Slammin' Salmon, The (2009)"
7283,76077,15,3.3,3.28,Hot Tub Time Machine (2010)
7284,76091,1,5.0,3.42,Mother (Madeo) (2009)
7285,76093,53,3.943396226415094,3.83,How to Train Your Dragon (2010)
7286,76143,1,4.5,3.37,"Bone Man, The (Der Knochenmann) (2009)"
7287,76173,2,3.75,3.34,Micmacs (Micmacs à tire-larigot) (2009)
7288,76175,13,2.3076923076923075,2.73,Clash of the Titans (2010)
7289,76251,43,3.6511627906976742,3.58,Kick-Ass (2010)
7290,76293,11,3.3181818181818183,3.29,Date Night (2010)
7291,76301,1,4.5,3.37,"Emperor's New Groove 2: Kronk's New Groove, The (2005)"
7292,76738,1,3.5,3.28,Steam of Life (Miesten vuoro) (2010)
7293,76743,1,3.5,3.28,Mortadelo & Filemon: The Big Adventure (La gran aventura de Mortadelo y Filemón) (2003)
7294,76751,1,3.0,3.24,American Drug War: The Last White Hope (2007)
7295,76763,1,3.5,3.28,"Runaways, The (2010)"
7296,77177,1,4.0,3.33,Wild China (2008)
7297,77191,2,3.25,3.26,Death at a Funeral (2010)
7298,77201,1,2.5,3.2,Valhalla Rising (2009)
7299,77206,1,3.5,3.28,Diary of a Wimpy Kid (2010)
7300,77233,1,3.5,3.28,"Union: The Business Behind Getting High, The (2007)"
7301,77266,1,3.5,3.28,Disgrace (2008)
7302,77364,3,3.0,3.2,"Losers, The (2010)"
7303,77414,1,3.5,3.28,"Last Song, The (2010)"
7304,77421,1,2.5,3.2,Cyrus (2010)
7305,77427,1,0.5,3.02,"Human Centipede, The (First Sequence) (2009)"
7306,77455,13,4.038461538461538,3.69,Exit Through the Gift Shop (2010)
7307,77561,47,3.5106382978723403,3.47,Iron Man 2 (2010)
7308,77667,1,3.0,3.24,MacGruber (2010)
7309,77688,1,4.5,3.37,Three Men and a Cradle (3 hommes et un couffin) (1985)
7310,77709,1,2.5,3.2,"Sky Crawlers, The (Sukai kurora) (2008)"
7311,77795,1,3.5,3.28,Cargo (2009)
7312,77798,2,1.25,2.94,"Nightmare on Elm Street, A (2010)"
7313,77800,5,4.0,3.5,Four Lions (2010)
7314,77841,1,2.0,3.15,St Trinian's 2: The Legend of Fritton's Gold (2009)
7315,77846,1,5.0,3.42,12 Angry Men (1997)
7316,77866,6,3.1666666666666665,3.23,Robin Hood (2010)
7317,77881,1,3.5,3.28,Lovers & Leavers (Kuutamolla) (2002)
7318,77893,1,4.0,3.33,Merantau (2009)
7319,77931,1,4.0,3.33,Stingray Sam (2009)
7320,78034,1,3.5,3.28,Cemetery Junction (2010)
7321,78039,5,2.8,3.11,Blue Valentine (2010)
7322,78041,2,2.25,3.1,Killers (2010)
7323,78088,4,3.5,3.33,Buried (2010)
7324,78103,1,2.5,3.2,Shake Hands with the Devil (2007)
7325,78105,13,2.8846153846153846,3.05,Prince of Persia: The Sands of Time (2010)
7326,78116,1,3.5,3.28,Please Give (2010)
7327,78142,1,4.5,3.37,Baarìa (2009)
7328,78160,1,3.5,3.28,Ricky Gervais Live: Animals (2003)
7329,78174,2,1.0,2.9,Sex and the City 2 (2010)
7330,78209,10,3.55,3.4,Get Him to the Greek (2010)
7331,78218,1,3.0,3.24,Unthinkable (2010)
7332,78264,1,3.0,3.24,"Back-up Plan, The (2010)"
7333,78266,3,3.5,3.32,Splice (2009)
7334,78316,3,2.8333333333333335,3.17,Letters to Juliet (2010)
7335,78349,5,3.8,3.44,Exam (2009)
7336,78467,4,1.875,2.88,Jonah Hex (2010)
7337,78469,17,3.1470588235294117,3.19,"A-Team, The (2010)"
7338,78499,55,4.109090909090909,3.97,Toy Story 3 (2010)
7339,78544,1,3.0,3.24,Ricky Gervais Live 3: Fame (2007)
7340,78574,8,3.4375,3.34,Winter's Bone (2010)
7341,78620,1,4.5,3.37,"Scalphunters, The (1968)"
7342,78626,1,3.5,3.28,Barking Dogs Never Bite (Flandersui gae) (2000)
7343,78637,7,3.5714285714285716,3.39,Shrek Forever After (a.k.a. Shrek: The Final Chapter) (2010)
7344,78703,2,3.75,3.34,TiMER (2009)
7345,78746,1,4.0,3.33,Best Worst Movie (2009)
7346,78772,10,2.45,2.86,"Twilight Saga: Eclipse, The (2010)"
7347,78836,2,5.0,3.54,Enter the Void (2009)
7348,78893,6,1.9166666666666667,2.77,"Last Airbender, The (2010)"
7349,78959,1,3.0,3.24,Endgame (2009)
7350,79006,1,4.5,3.37,Empire of Dreams: The Story of the 'Star Wars' Trilogy (2004)
7351,79008,8,4.0,3.58,South Park: Imaginationland (2008)
7352,79057,10,3.3,3.28,Predators (2010)
7353,79073,1,4.0,3.33,When You're Strange (2009)
7354,79091,38,3.6842105263157894,3.59,Despicable Me (2010)
7355,79132,143,4.066433566433567,4.01,Inception (2010)
7356,79134,10,3.45,3.35,Grown Ups (2010)
7357,79139,10,3.45,3.35,"Sorcerer's Apprentice, The (2010)"
7358,79185,6,3.4166666666666665,3.32,Knight and Day (2010)
7359,79224,8,2.5,2.93,"Karate Kid, The (2010)"
7360,79242,6,2.9166666666666665,3.14,"Kids Are All Right, The (2010)"
7361,79251,2,2.25,3.1,"Serbian Film, A (Srpski film) (2010)"
7362,79259,1,2.5,3.2,Cherrybomb (2009)
7363,79274,3,3.6666666666666665,3.35,Batman: Under the Red Hood (2010)
7364,79293,15,2.966666666666667,3.09,Salt (2010)
7365,79299,1,3.0,3.24,"No. 1 Ladies' Detective Agency, The (2008)"
7366,79333,1,4.0,3.33,Watch Out for the Automobile (Beregis avtomobilya) (1966)
7367,79357,7,4.142857142857143,3.62,Mr. Nobody (2009)
7368,79428,7,3.2857142857142856,3.27,Dinner for Schmucks (2010)
7369,79501,1,4.0,3.33,Deadly Outlaw: Rekka (a.k.a. Violent Fire) (Jitsuroku Andô Noboru kyôdô-den: Rekka) (2002)
7370,79536,1,3.0,3.24,Hellsinki (Rööperi) (2009)
7371,79553,5,3.0,3.18,Ip Man 2 (2010)
7372,79572,1,2.5,3.2,Ramona and Beezus (2010)
7373,79590,1,2.5,3.2,"Rebound, The (2009)"
7374,79592,21,3.261904761904762,3.26,"Other Guys, The (2010)"
7375,79677,1,3.5,3.28,"Two Escobars, The (2010)"
7376,79684,1,4.0,3.33,Paper Man (2009)
7377,79695,17,3.0588235294117645,3.14,"Expendables, The (2010)"
7378,79702,44,3.7045454545454546,3.62,Scott Pilgrim vs. the World (2010)
7379,79798,2,3.5,3.3,I Killed My Mother (J'ai tué ma mère) (2009)
7380,79868,1,2.5,3.2,Heartless (2009)
7381,79879,3,2.1666666666666665,3.02,Piranha (Piranha 3D) (2010)
7382,79895,1,2.5,3.2,"Extraordinary Adventures of Adèle Blanc-Sec, The (2010)"
7383,79897,1,5.0,3.42,Get Low (2009)
7384,79946,1,3.5,3.28,"Joneses, The (2009)"
7385,80083,1,4.0,3.33,Dragon Ball Z: Dead Zone (Doragon bôru Z 1: Ora no Gohan wo kaese) (1989)
7386,80094,1,4.0,3.33,"Last Exorcism, The (2010)"
7387,80124,1,5.0,3.42,Sisters (Syostry) (2001)
7388,80126,4,2.625,3.09,"American, The (2010)"
7389,80139,3,4.166666666666667,3.47,Jackass 2.5 (2007)
7390,80162,1,2.5,3.2,"Horde, The (La Horde) (2009)"
7391,80166,6,2.6666666666666665,3.04,"Switch, The (2010)"
7392,80219,12,3.25,3.26,Machete (2010)
7393,80241,3,3.1666666666666665,3.24,Going the Distance (2010)
7394,80363,7,3.142857142857143,3.21,Resident Evil: Afterlife (2010)
7395,80454,1,2.5,3.2,Princess (Prinsessa) (2010)
7396,80463,57,3.8859649122807016,3.79,"Social Network, The (2010)"
7397,80478,1,4.0,3.33,"Man Vanishes, A (Ningen Johatsu) (1967)"
7398,80489,22,3.9545454545454546,3.73,"Town, The (2010)"
7399,80549,27,3.7962962962962963,3.65,Easy A (2010)
7400,80551,2,3.5,3.3,Eat Pray Love (2010)
7401,80553,1,3.5,3.28,Howl (2010)
7402,80572,1,4.0,3.33,I'm Still Here (2010)
7403,80584,1,4.0,3.33,"Patrik Age 1.5 (Patrik 1,5) (2008)"
7404,80586,3,3.8333333333333335,3.39,Flipped (2010)
7405,80590,3,3.1666666666666665,3.24,Wall Street: Money Never Sleeps (2010)
7406,80615,2,4.0,3.38,Legend of the Guardians: The Owls of Ga'Hoole (2010)
7407,80693,8,3.1875,3.23,It's Kind of a Funny Story (2010)
7408,80727,2,3.25,3.26,Middle Men (2009)
7409,80748,1,4.0,3.33,Alice in Wonderland (1933)
7410,80831,7,3.857142857142857,3.5,Let Me In (2010)
7411,80834,1,3.5,3.28,Sintel (2010)
7412,80839,1,2.5,3.2,Secretariat (2010)
7413,80846,2,3.25,3.26,Devil (2010)
7414,80858,1,3.5,3.28,You Again (2010)
7415,80860,6,3.0,3.17,Life as We Know It (2010)
7416,80862,3,3.6666666666666665,3.35,Catfish (2010)
7417,80864,1,3.5,3.28,You Will Meet a Tall Dark Stranger (2010)
7418,80880,2,3.25,3.26,Stone (2010)
7419,80906,12,4.291666666666667,3.81,Inside Job (2010)
7420,80917,1,3.5,3.28,Monsters (2010)
7421,80969,3,4.0,3.43,Never Let Me Go (2010)
7422,81018,3,3.0,3.2,"Illusionist, The (L'illusionniste) (2010)"
7423,81087,1,4.5,3.37,Luck by Chance (2009)
7424,81132,2,3.75,3.34,Rubber (2010)
7425,81156,6,3.9166666666666665,3.5,Jackass 3D (2010)
7426,81158,3,3.1666666666666665,3.24,Restrepo (2010)
7427,81191,1,4.0,3.33,Waiting for 'Superman' (2010)
7428,81229,20,3.5,3.42,Red (2010)
7429,81257,1,3.5,3.28,In a Better World (Hævnen) (2010)
7430,81383,1,2.5,3.2,Heartbreaker (L'Arnacoeur) (2010)
7431,81417,5,3.7,3.4,Paranormal Activity 2 (2010)
7432,81456,2,3.0,3.22,Heartbeats (Les amours imaginaires) (2010)
7433,81512,1,4.0,3.33,Hereafter (2010)
7434,81520,1,4.0,3.33,Undisputed III: Redemption (2010)
7435,81535,1,4.5,3.37,Saw VII 3D - The Final Chapter (2010)
7436,81537,10,3.1,3.18,Due Date (2010)
7437,81562,18,3.8333333333333335,3.62,127 Hours (2010)
7438,81564,20,3.6,3.48,Megamind (2010)
7439,81591,42,3.630952380952381,3.56,Black Swan (2010)
7440,81681,1,2.0,3.15,I Shot Jesse James (1949)
7441,81782,7,3.357142857142857,3.3,Unstoppable (2010)
7442,81784,6,2.6666666666666665,3.04,Morning Glory (2010)
7443,81786,1,4.0,3.33,Certified Copy (Copie conforme) (2010)
7444,81788,7,3.857142857142857,3.5,"Next Three Days, The (2010)"
7445,81791,1,3.0,3.24,Somewhere (2010)
7446,81819,2,4.25,3.42,Biutiful (2010)
7447,81831,1,4.0,3.33,"First Beautiful Thing, The (La prima cosa bella) (2010)"
7448,81834,47,3.9893617021276597,3.86,Harry Potter and the Deathly Hallows: Part 1 (2010)
7449,81845,58,4.043103448275862,3.92,"King's Speech, The (2010)"
7450,81847,24,3.9166666666666665,3.72,Tangled (2010)
7451,81910,2,4.0,3.38,"Art of the Steal, The (2009)"
7452,81932,23,3.760869565217391,3.61,"Fighter, The (2010)"
7453,81949,1,3.0,3.24,"Romantics, The (2010)"
7454,82041,2,4.25,3.42,"Loved Ones, The (2009)"
7455,82053,2,4.0,3.38,Casino Jack (2010)
7456,82088,1,3.0,3.24,Vincent Wants to Sea (Vincent will meer) (2010)
7457,82093,1,1.5,3.11,London Boulevard (2010)
7458,82095,1,0.5,3.02,Skyline (2010)
7459,82152,1,3.5,3.28,Beastly (2011)
7460,82167,7,2.7857142857142856,3.07,Love and Other Drugs (2010)
7461,82169,7,3.857142857142857,3.5,"Chronicles of Narnia: The Voyage of the Dawn Treader, The (2010)"
7462,82202,7,2.7142857142857144,3.04,"Tourist, The (2010)"
7463,82242,2,4.25,3.42,Rare Exports: A Christmas Tale (Rare Exports) (2010)
7464,82366,1,4.5,3.37,Hatchet II (2010)
7465,82378,2,3.75,3.34,All Good Things (2010)
7466,82459,28,3.75,3.62,True Grit (2010)
7467,82461,19,3.236842105263158,3.25,Tron: Legacy (2010)
7468,82499,3,2.6666666666666665,3.13,How Do You Know (2010)
7469,82527,1,4.0,3.33,Barney's Version (2010)
7470,82534,1,2.5,3.2,"Company Men, The (2010)"
7471,82641,1,3.0,3.24,"One-Armed Swordsman, The (Dubei dao) (1967)"
7472,82667,4,3.875,3.43,I Saw the Devil (Akmareul boatda) (2010)
7473,82684,1,0.5,3.02,Trash Humpers (2009)
7474,82744,1,5.0,3.42,Faster (2010)
7475,82765,1,3.5,3.28,Little Big Soldier (Da bing xiao jiang) (2010)
7476,82767,1,3.5,3.28,Rabbit Hole (2010)
7477,82848,1,3.5,3.28,One Week (1920)
7478,82852,6,1.8333333333333333,2.74,Little Fockers (2010)
7479,82854,6,1.8333333333333333,2.74,Gulliver's Travels (2010)
7480,82857,1,4.5,3.37,Sweetgrass (2009)
7481,83086,1,2.5,3.2,Burlesque (2010)
7482,83132,4,3.5,3.33,"Secret World of Arrietty, The (Kari-gurashi no Arietti) (2010)"
7483,83134,18,3.9166666666666665,3.68,Tucker & Dale vs Evil (2010)
7484,83177,3,1.1666666666666667,2.79,Yogi Bear (2010)
7485,83270,1,2.0,3.15,Made in Dagenham (2010)
7486,83349,11,3.0,3.13,"Green Hornet, The (2011)"
7487,83369,1,4.0,3.33,"Way Back, The (2010)"
7488,83374,1,3.5,3.28,"Warrior's Way, The (2010)"
7489,83480,1,3.5,3.28,Season of the Witch (2011)
7490,83601,1,0.5,3.02,Amer (2009)
7491,83613,9,3.0,3.14,Cowboys & Aliens (2011)
7492,83796,1,2.5,3.2,Anything for Her (Pour elle) (2008)
7493,83803,5,4.1,3.53,Day & Night (2010)
7494,83827,2,4.25,3.42,Marwencol (2010)
7495,83910,2,2.5,3.14,"Dilemma, The (2011)"
7496,83969,1,5.0,3.42,Down Argentine Way (1940)
7497,83976,1,4.0,3.33,"Trip, The (2010)"
7498,84152,30,3.95,3.77,Limitless (2011)
7499,84156,1,4.5,3.37,Happy People: A Year in the Taiga (2010)
7500,84187,3,3.5,3.32,Evangelion: 2.0 You Can (Not) Advance (Evangerion shin gekijôban: Ha) (2009)
7501,84189,2,3.75,3.34,I Spit on Your Grave (2010)
7502,84240,1,4.0,3.33,Even the Rain (También la lluvia) (2010)
7503,84246,1,4.5,3.37,It Happened on Fifth Avenue (1947)
7504,84273,1,5.0,3.42,Zeitgeist: Moving Forward (2011)
7505,84374,14,2.9285714285714284,3.07,No Strings Attached (2011)
7506,84392,10,3.6,3.43,"Lincoln Lawyer, The (2011)"
7507,84414,2,4.25,3.42,All-Star Superman (2011)
7508,84512,1,5.0,3.42,Girls About Town (1931)
7509,84523,1,3.0,3.24,Kill! (Kiru) (1968)
7510,84553,1,4.0,3.33,Pekka ja Pätkä salapoliiseina (1957)
7511,84601,6,3.3333333333333335,3.29,Unknown (2011)
7512,84615,2,2.25,3.1,Cedar Rapids (2011)
7513,84637,1,3.0,3.24,Gnomeo & Juliet (2011)
7514,84696,1,4.0,3.33,Burke and Hare (2010)
7515,84716,1,4.0,3.33,Castaway on the Moon (Kimssi pyoryugi) (2009)
7516,84772,15,3.2,3.23,Paul (2011)
7517,84799,1,4.5,3.37,"Asphyx, The (1973)"
7518,84844,1,4.5,3.37,Brother 2 (Brat 2) (2000)
7519,84847,2,2.5,3.14,Emma (2009)
7520,84942,2,3.75,3.34,Drive Angry (2011)
7521,84944,17,3.6176470588235294,3.48,Rango (2011)
7522,84950,1,2.5,3.2,Take Me Home Tonight (2011)
7523,84952,1,4.0,3.33,Confessions (Kokuhaku) (2010)
7524,84954,21,3.1666666666666665,3.2,"Adjustment Bureau, The (2011)"
7525,85020,4,3.375,3.29,"Mechanic, The (2011)"
7526,85022,4,3.125,3.22,Hall Pass (2011)
7527,85025,1,2.0,3.15,"Eagle, The (2011)"
7528,85056,5,3.1,3.21,I Am Number Four (2011)
7529,85131,4,2.375,3.02,Battle: Los Angeles (2011)
7530,85179,3,3.8333333333333335,3.39,Summer Wars (Samâ wôzu) (2009)
7531,85213,1,4.0,3.33,"Sunset Limited, The (2011)"
7532,85259,1,4.0,3.33,Winnie the Pooh and the Honey Tree (1966)
7533,85261,1,3.5,3.28,Mars Needs Moms (2011)
7534,85295,1,5.0,3.42,Scooby-Doo! Curse of the Lake Monster (2010)
7535,85316,1,3.5,3.28,Winnie the Pooh and Tigger Too (1974)
7536,85334,1,0.5,3.02,Hard Ticket to Hawaii (1987)
7537,85342,7,4.357142857142857,3.7,Elite Squad: The Enemy Within (Tropa de Elite 2 - O Inimigo Agora É Outro) (2010)
7538,85354,3,3.5,3.32,Mesrine: Public Enemy #1 (L'ennemi public n°1) (2008)
7539,85367,7,3.2142857142857144,3.24,Just Go with It (2011)
7540,85394,1,3.0,3.24,Cave of Forgotten Dreams (2010)
7541,85397,2,3.5,3.3,Red Riding Hood (2011)
7542,85399,1,1.0,3.06,"Big Mommas: Like Father, Like Son (2011)"
7543,85401,5,2.9,3.14,Super (2010)
7544,85412,2,3.75,3.34,"Troll Hunter, The (Trolljegeren) (2010)"
7545,85414,34,3.6029411764705883,3.52,Source Code (2011)
7546,85438,1,3.0,3.24,Jane Eyre (2011)
7547,85510,12,3.125,3.19,Sucker Punch (2011)
7548,85736,3,4.5,3.54,BURN-E (2008)
7549,85774,6,3.75,3.44,Senna (2010)
7550,85780,6,3.5833333333333335,3.38,Family Guy Presents: It's a Trap (2010)
7551,85788,3,2.6666666666666665,3.13,Insidious (2010)
7552,85796,4,2.375,3.02,Hobo with a Shotgun (2011)
7553,85881,6,3.75,3.44,Win Win (2011)
7554,85885,2,2.75,3.18,Room in Rome (Habitación en Roma) (2010)
7555,86000,1,4.0,3.33,Boy (2010)
7556,86014,1,3.5,3.28,Diary of a Wimpy Kid: Rodrick Rules (2011)
7557,86028,1,2.0,3.15,Henry's Crime (2010)
7558,86059,2,2.75,3.18,Hop (2011)
7559,86066,1,4.0,3.33,Playing the Victim (Izobrazhaya zhertvu) (2006)
7560,86068,1,0.5,3.02,Films to Keep You Awake: The Christmas Tale (Películas para no dormir: Cuento de navidad) (2005)
7561,86142,4,4.0,3.47,13 Assassins (Jûsan-nin no shikaku) (2010)
7562,86190,11,3.3181818181818183,3.29,Hanna (2011)
7563,86237,1,5.0,3.42,Connections (1978)
7564,86279,1,3.5,3.28,Into Eternity (2010)
7565,86286,1,2.0,3.15,Daffy Duck's Quackbusters (1988)
7566,86290,3,4.0,3.43,American: The Bill Hicks Story (2009)
7567,86293,6,3.0,3.17,Arthur (2011)
7568,86295,3,2.6666666666666665,3.13,Scream 4 (2011)
7569,86298,8,3.125,3.2,Rio (2011)
7570,86320,7,3.0714285714285716,3.19,Melancholia (2011)
7571,86332,34,3.514705882352941,3.46,Thor (2011)
7572,86345,9,4.055555555555555,3.63,Louis C.K.: Hilarious (2010)
7573,86347,7,3.2857142857142856,3.27,Louis C.K.: Chewed Up (2008)
7574,86355,1,2.0,3.15,Atlas Shrugged: Part 1 (2011)
7575,86377,7,4.0,3.56,Louis C.K.: Shameless (2007)
7576,86487,1,4.5,3.37,Mildred Pierce (2011)
7577,86504,5,4.3,3.6,Voices from the List (2004)
7578,86548,4,3.375,3.29,Water for Elephants (2011)
7579,86593,1,2.5,3.2,African Cats (2011)
7580,86628,2,4.0,3.38,Kill the Irishman (2011)
7581,86644,10,3.05,3.16,"Fast Five (Fast and the Furious 5, The) (2011)"
7582,86668,1,5.0,3.42,Louis Theroux: Law & Disorder (2008)
7583,86721,1,5.0,3.42,Idiots and Angels (2008)
7584,86781,5,4.4,3.63,Incendies (2010)
7585,86815,1,3.5,3.28,Soul Surfer (2011)
7586,86817,2,3.25,3.26,Something Borrowed (2011)
7587,86833,21,3.761904761904762,3.6,Bridesmaids (2011)
7588,86835,3,3.0,3.2,Priest (2011)
7589,86864,1,3.0,3.24,Mothra (Mosura) (1961)
7590,86880,24,3.2291666666666665,3.24,Pirates of the Caribbean: On Stranger Tides (2011)
7591,86882,25,3.56,3.47,Midnight in Paris (2011)
7592,86892,3,4.5,3.54,The Man from Nowhere (2010)
7593,86898,2,4.0,3.38,"Tree of Life, The (2011)"
7594,86911,15,3.2666666666666666,3.26,"Hangover Part II, The (2011)"
7595,86922,1,4.0,3.33,Nothing to Declare (Rien à déclarer) (2010)
7596,86960,1,2.0,3.15,Across the Hall (2009)
7597,87028,1,2.0,3.15,"Roommate, The (2011)"
7598,87192,6,3.5,3.35,Attack the Block (2011)
7599,87194,2,3.5,3.3,The Way (2010)
7600,87197,1,3.0,3.24,Let the Bullets Fly (2010)
7601,87222,17,3.323529411764706,3.3,Kung Fu Panda 2 (2011)
7602,87232,43,3.7906976744186047,3.69,X-Men: First Class (2011)
7603,87234,3,4.166666666666667,3.47,Submarine (2010)
7604,87287,1,4.0,3.33,American Grindhouse (2010)
7605,87298,3,2.6666666666666665,3.13,Everything Must Go (2010)
7606,87304,4,3.625,3.36,Beginners (2010)
7607,87306,21,3.5952380952380953,3.49,Super 8 (2011)
7608,87413,2,1.75,3.02,Bernie (1996)
7609,87430,10,2.35,2.81,Green Lantern (2011)
7610,87444,2,2.5,3.14,Elektra Luxx (2010)
7611,87483,5,2.7,3.08,Mr. Popper's Penguins (2011)
7612,87485,9,2.888888888888889,3.09,Bad Teacher (2011)
7613,87520,11,2.3636363636363638,2.8,Transformers: Dark of the Moon (2011)
7614,87522,2,2.75,3.18,Larry Crowne (2011)
7615,87529,9,3.111111111111111,3.19,Your Highness (2011)
7616,87660,1,4.5,3.37,Too Big to Fail (2011)
7617,87785,2,2.75,3.18,Takers (2010)
7618,87834,1,5.0,3.42,My Life as McDull (Mak dau goo si) (2001)
7619,87867,4,2.75,3.12,Zookeeper (2011)
7620,87869,24,3.4375,3.38,Horrible Bosses (2011)
7621,87876,3,3.1666666666666665,3.24,Cars 2 (2011)
7622,87960,1,3.0,3.24,Between the Folds (2008)
7623,88069,1,4.0,3.33,Delhi Belly (2011)
7624,88094,1,3.0,3.24,Upside Down: The Creation Records Story (2010)
7625,88108,1,3.0,3.24,Monte Carlo (2011)
7626,88125,50,3.91,3.8,Harry Potter and the Deathly Hallows: Part 2 (2011)
7627,88129,32,3.765625,3.64,Drive (2011)
7628,88140,32,3.546875,3.48,Captain America: The First Avenger (2011)
7629,88163,31,3.9838709677419355,3.8,"Crazy, Stupid, Love. (2011)"
7630,88179,1,3.5,3.28,One Day (2011)
7631,88235,4,3.625,3.36,"Guard, The (2011)"
7632,88267,1,3.0,3.24,Winnie the Pooh (2011)
7633,88272,2,3.5,3.3,"Woman, The (2011)"
7634,88327,1,3.0,3.24,"New One-Armed Swordsman, The (Xin du bi dao) (1971)"
7635,88345,1,4.0,3.33,Mike's New Car (2002)
7636,88356,4,1.875,2.88,"Smurfs, The (2011)"
7637,88405,20,3.05,3.12,Friends with Benefits (2011)
7638,88448,1,5.0,3.42,Paper Birds (Pájaros de papel) (2010)
7639,88515,1,3.0,3.24,Blitz (2011)
7640,88593,1,2.5,3.2,"Yellow Sea, The (a.k.a. The Murderer) (Hwanghae) (2010)"
7641,88672,2,3.25,3.26,Our Idiot Brother (2011)
7642,88697,1,2.5,3.2,SUBWAYStories: Tales from the Underground (1997)
7643,88699,2,3.5,3.3,Death Race 2 (2010)
7644,88744,27,3.462962962962963,3.41,Rise of the Planet of the Apes (2011)
7645,88746,2,3.5,3.3,Terri (2011)
7646,88785,10,2.85,3.06,"Change-Up, The (2011)"
7647,88810,21,3.8333333333333335,3.64,"Help, The (2011)"
7648,88812,6,2.6666666666666665,3.04,30 Minutes or Less (2011)
7649,88911,1,3.0,3.24,My Afternoons with Margueritte (La tête en friche) (2010)
7650,88932,1,4.5,3.37,Final Destination 5 (2011)
7651,88954,2,3.25,3.26,"Very Harold & Kumar 3D Christmas, A (2011)"
7652,89028,2,3.0,3.22,Don't Be Afraid of the Dark (2010)
7653,89030,2,3.25,3.26,Fright Night (2011)
7654,89039,1,4.5,3.37,Another Earth (2011)
7655,89047,1,4.0,3.33,Hesher (2010)
7656,89072,1,4.0,3.33,Stake Land (2010)
7657,89085,1,2.5,3.2,"Debt, The (2011)"
7658,89087,6,2.5,2.98,Colombiana (2011)
7659,89090,1,4.5,3.37,Bill Cunningham New York (2011)
7660,89118,4,3.0,3.19,"Skin I Live In, The (La piel que habito) (2011)"
7661,89190,2,1.75,3.02,Conan the Barbarian (2011)
7662,89208,1,3.5,3.28,Walled In (2009)
7663,89281,1,3.5,3.28,Birdemic: Shock and Terror (2010)
7664,89305,3,3.6666666666666665,3.35,"Inbetweeners Movie, The (2011)"
7665,89343,1,3.0,3.24,Red State (2011)
7666,89386,1,0.5,3.02,Pearl Jam Twenty (2011)
7667,89388,1,1.5,3.11,I Don't Know How She Does It (2011)
7668,89427,1,1.5,3.11,Shark Night 3D (2011)
7669,89470,12,3.7083333333333335,3.5,Contagion (2011)
7670,89492,26,3.8846153846153846,3.71,Moneyball (2011)
7671,89580,1,4.0,3.33,Neds (2010)
7672,89582,2,4.5,3.46,Cold Fish (Tsumetai nettaigyo) (2010)
7673,89586,1,3.5,3.28,Phineas and Ferb the Movie: Across the 2nd Dimension (2011)
7674,89678,1,4.0,3.33,Northanger Abbey (2007)
7675,89745,69,3.869565217391304,3.79,"Avengers, The (2012)"
7676,89753,8,3.8125,3.5,Tinker Tailor Soldier Spy (2011)
7677,89759,3,4.333333333333333,3.5,"Separation, A (Jodaeiye Nader az Simin) (2011)"
7678,89761,2,3.0,3.22,"Dangerous Method, A (2011)"
7679,89774,11,3.727272727272727,3.5,Warrior (2011)
7680,89804,9,3.2222222222222223,3.24,"Ides of March, The (2011)"
7681,89837,1,4.5,3.37,Kill List (2011)
7682,89840,3,2.8333333333333335,3.17,Killer Elite (2011)
7683,89862,1,3.5,3.28,Bellflower (2011)
7684,89864,19,3.6315789473684212,3.5,50/50 (2011)
7685,89898,1,3.5,3.28,Generation P (2011)
7686,89904,11,4.045454545454546,3.67,The Artist (2011)
7687,89939,2,3.75,3.34,Gigi (1949)
7688,89945,1,3.0,3.24,BlinkyTM (2011)
7689,90057,2,3.75,3.34,Take Shelter (2011)
7690,90243,1,3.5,3.28,Three Outlaw Samurai (Sanbiki no samurai) (1964)
7691,90245,1,4.0,3.33,Antonio Gaudí (1985)
7692,90249,6,3.0,3.17,Real Steel (2011)
7693,90343,2,2.75,3.18,Footloose (2011)
7694,90345,4,3.5,3.33,"Thing, The (2011)"
7695,90353,1,4.0,3.33,Beautiful Boy (2010)
7696,90357,1,3.5,3.28,Tyrannosaur (2011)
7697,90374,2,3.75,3.34,Martha Marcy May Marlene (2011)
7698,90376,4,3.5,3.33,We Need to Talk About Kevin (2011)
7699,90384,1,2.0,3.15,Behind Enemy Lines II: Axis of Evil (2006)
7700,90403,3,3.1666666666666665,3.24,"Three Musketeers, The (2011)"
7701,90405,14,3.392857142857143,3.34,In Time (2011)
7702,90428,1,3.0,3.24,Margaret (2011)
7703,90430,4,4.0,3.47,Carnage (2011)
7704,90439,7,3.7857142857142856,3.47,Margin Call (2011)
7705,90469,2,3.5,3.3,Paranormal Activity 3 (2011)
7706,90471,2,3.0,3.22,Puncture (2011)
7707,90522,6,3.0,3.17,Johnny English Reborn (2011)
7708,90524,1,3.5,3.28,Abduction (2011)
7709,90528,1,3.5,3.28,This Must Be the Place (2011)
7710,90531,4,3.75,3.4,Shame (2011)
7711,90576,1,4.5,3.37,What's Your Number? (2011)
7712,90600,5,3.6,3.37,Headhunters (Hodejegerne) (2011)
7713,90603,3,3.6666666666666665,3.35,Batman: Year One (2011)
7714,90630,1,3.5,3.28,Miss Representation (2011)
7715,90647,8,3.5625,3.39,Puss in Boots (2011)
7716,90717,4,3.5,3.33,Tower Heist (2011)
7717,90719,1,2.5,3.2,J. Edgar (2011)
7718,90738,1,1.5,3.11,"Double, The (2011)"
7719,90746,12,3.5,3.39,"Adventures of Tintin, The (2011)"
7720,90769,1,4.0,3.33,Starsuckers (2009)
7721,90809,1,3.0,3.24,Tomboy (2011)
7722,90863,1,4.0,3.33,George Harrison: Living in the Material World (2011)
7723,90866,18,3.75,3.57,Hugo (2011)
7724,90888,3,2.6666666666666665,3.13,Immortals (2011)
7725,90890,5,2.3,2.95,Jack and Jill (2011)
7726,90943,1,5.0,3.42,Into the Abyss (2011)
7727,90945,1,3.0,3.24,"Sign of Four, The (1987)"
7728,91077,11,4.0,3.64,"Descendants, The (2011)"
7729,91079,2,2.5,3.14,Like Crazy (2011)
7730,91094,10,2.6,2.94,"Muppets, The (2011)"
7731,91104,7,2.2142857142857144,2.84,"Twilight Saga: Breaking Dawn - Part 1, The (2011)"
7732,91126,3,3.0,3.2,War Horse (2011)
7733,91128,6,3.5833333333333335,3.38,"Rum Diary, The (2011)"
7734,91233,1,4.0,3.33,Lifted (2006)
7735,91261,1,3.5,3.28,Hipsters (Stilyagi) (2008)
7736,91266,1,2.5,3.2,Another Cinderella Story (2008)
7737,91273,1,1.5,3.11,Bunraku (2010)
7738,91323,5,2.9,3.14,"Sitter, The (2011)"
7739,91325,2,2.75,3.18,Extremely Loud and Incredibly Close (2011)
7740,91337,1,4.0,3.33,Play the Game (2009)
7741,91353,2,3.75,3.34,Asterix in America (a.k.a Asterix Conquers America) (Astérix et les Indiens) (1994)
7742,91355,1,5.0,3.42,Asterix and the Vikings (Astérix et les Vikings) (2006)
7743,91386,1,5.0,3.42,Happy Feet Two (2011)
7744,91414,1,0.5,3.02,Arthur Christmas (2011)
7745,91470,2,3.0,3.22,Violet & Daisy (2011)
7746,91483,1,1.5,3.11,Bullet to the Head (2012)
7747,91485,10,3.5,3.38,"Expendables 2, The (2012)"
7748,91488,2,3.75,3.34,"Snowman, The (1982)"
7749,91500,54,3.435185185185185,3.41,The Hunger Games (2012)
7750,91529,76,3.9934210526315788,3.91,"Dark Knight Rises, The (2012)"
7751,91535,18,3.138888888888889,3.18,"Bourne Legacy, The (2012)"
7752,91542,38,3.763157894736842,3.66,Sherlock Holmes: A Game of Shadows (2011)
7753,91571,1,2.5,3.2,Coriolanus (2011)
7754,91622,2,2.25,3.1,Young Adult (2011)
7755,91628,3,2.0,2.98,New Year's Eve (2011)
7756,91630,22,3.659090909090909,3.53,Mission: Impossible - Ghost Protocol (2011)
7757,91653,5,3.3,3.27,We Bought a Zoo (2011)
7758,91658,42,3.488095238095238,3.44,"Girl with the Dragon Tattoo, The (2011)"
7759,91660,2,2.5,3.14,"Darkest Hour, The (2011)"
7760,91666,1,4.0,3.33,Last Holiday (1950)
7761,91671,2,1.0,2.9,Alvin and the Chipmunks: Chipwrecked (2011)
7762,91688,1,1.5,3.11,Salvation Boulevard (2011)
7763,91690,3,3.6666666666666665,3.35,Friends with Kids (2011)
7764,91784,1,4.5,3.37,Girl Walks Into a Bar (2011)
7765,91842,2,3.0,3.22,Contraband (2012)
7766,91860,1,4.0,3.33,"Way South, The (De weg naar het zuiden) (1981)"
7767,91869,1,3.5,3.28,Being Elmo: A Puppeteer's Journey (2011)
7768,91873,1,1.5,3.11,Joyful Noise (2012)
7769,91890,1,3.0,3.24,"Iron Lady, The (2011)"
7770,91935,1,2.5,3.2,Albatross (2011)
7771,91947,1,4.5,3.37,"Revenant, The (2009)"
7772,91974,5,3.8,3.44,Underworld: Awakening (2012)
7773,91976,6,2.9166666666666665,3.14,"Grey, The (2012)"
7774,91978,3,3.1666666666666665,3.24,Man on a Ledge (2012)
7775,91981,1,2.5,3.2,Sacrifice (Zhao shi gu er) (2010)
7776,92008,3,2.8333333333333335,3.17,Haywire (2011)
7777,92046,1,3.0,3.24,Contact High (2009)
7778,92048,2,3.25,3.26,"Whistleblower, The (2010)"
7779,92094,1,3.5,3.28,Einstein and Eddington (2008)
7780,92192,1,2.0,3.15,Apollo 18 (2011)
7781,92198,1,2.0,3.15,Seeking Justice (2011)
7782,92234,1,1.5,3.11,Red Tails (2012)
7783,92243,1,4.5,3.37,"Flowers of War, The (Jin líng shí san chai) (2011)"
7784,92259,37,4.108108108108108,3.92,Intouchables (2011)
7785,92264,2,2.0,3.06,One for the Money (2012)
7786,92309,2,2.75,3.18,"Innkeepers, The (2011)"
7787,92348,1,4.0,3.33,Puss in Boots (Nagagutsu o haita neko) (1969)
7788,92391,3,3.1666666666666665,3.24,Grave Encounters (2011)
7789,92420,8,3.375,3.31,Chronicle (2012)
7790,92422,2,3.75,3.34,"Woman in Black, The (2012)"
7791,92427,1,1.0,3.06,Woman in Love (Rubbeldiekatz) (2011)
7792,92439,2,3.0,3.22,"Art of Getting By, The (2011)"
7793,92475,2,4.25,3.42,All Watched Over by Machines of Loving Grace (2011)
7794,92494,1,5.0,3.42,Dylan Moran: Monster (2004)
7795,92507,4,3.375,3.29,Safe House (2012)
7796,92509,3,2.6666666666666665,3.13,"Vow, The (2012)"
7797,92535,10,4.3,3.77,Louis C.K.: Live at the Beacon Theater (2011)
7798,92637,1,3.5,3.28,Pitfall (Otoshiana) (1962)
7799,92643,2,4.5,3.46,Monsieur Lazhar (2011)
7800,92665,1,2.5,3.2,"For a Good Time, Call... (2012)"
7801,92674,1,2.5,3.2,Janie Jones (2010)
7802,92681,1,0.5,3.02,Journey 2: The Mysterious Island (2012)
7803,92694,2,4.25,3.42,Perfect Sense (2011)
7804,92730,1,2.0,3.15,Rollo and the Woods Sprite (Rölli ja metsänhenki) (2001)
7805,92760,1,3.5,3.28,"Atomic Brain, The (1963)"
7806,92938,5,1.6,2.72,Ghost Rider: Spirit of Vengeance (2012)
7807,92954,1,3.5,3.28,Prayers for Bobby (2009)
7808,93006,2,4.25,3.42,"Very Potter Musical, A (2009)"
7809,93008,1,5.0,3.42,"Very Potter Sequel, A (2010)"
7810,93022,1,5.0,3.42,Miss Nobody (2010)
7811,93040,1,4.0,3.33,"Civil War, The (1990)"
7812,93114,1,3.0,3.24,Ro.Go.Pa.G. (1963)
7813,93134,1,3.5,3.28,"Women on the 6th Floor, The (Les Femmes du 6ème Étage) (2010)"
7814,93139,1,1.5,3.11,Mega Shark vs. Crocosaurus (2010)
7815,93193,1,3.0,3.24,Red Hill (2010)
7816,93208,1,2.0,3.15,Mickey's The Prince and the Pauper (1990)
7817,93242,1,1.5,3.11,Gone (2012)
7818,93270,8,2.0625,2.74,Project X (2012)
7819,93272,5,3.1,3.21,Dr. Seuss' The Lorax (2012)
7820,93287,4,3.75,3.4,"Big Year, The (2011)"
7821,93297,2,3.75,3.34,Act of Valor (2012)
7822,93320,1,5.0,3.42,Trailer Park Boys (1999)
7823,93326,11,2.6363636363636362,2.94,This Means War (2012)
7824,93363,11,3.090909090909091,3.17,John Carter (2012)
7825,93443,4,3.25,3.26,Goon (2011)
7826,93502,1,2.5,3.2,"Ledge, The (2011)"
7827,93510,26,3.8653846153846154,3.69,21 Jump Street (2012)
7828,93512,1,4.0,3.33,"Jeff, Who Lives at Home (2012)"
7829,93563,3,3.1666666666666665,3.24,Lockout (2012)
7830,93598,1,2.5,3.2,"Snowtown (Snowtown Murders, The) (2011)"
7831,93610,1,3.0,3.24,Space Battleship Yamato (2010)
7832,93721,5,4.1,3.53,Jiro Dreams of Sushi (2011)
7833,93723,2,2.25,3.1,Damsels in Distress (2011)
7834,93740,1,1.5,3.11,Salmon Fishing in the Yemen (2011)
7835,93766,4,2.625,3.09,Wrath of the Titans (2012)
7836,93790,1,4.0,3.33,Detachment (2011)
7837,93805,2,3.75,3.34,Iron Sky (2012)
7838,93819,1,3.5,3.28,Absentia (2011)
7839,93831,4,2.625,3.09,American Reunion (American Pie 4) (2012)
7840,93838,9,4.333333333333333,3.76,The Raid: Redemption (2011)
7841,93840,22,4.0227272727272725,3.78,"Cabin in the Woods, The (2012)"
7842,93855,1,4.5,3.37,God Bless America (2011)
7843,93980,2,1.25,2.94,"Three Stooges, The (2012)"
7844,93982,1,2.0,3.15,"Raven, The (2012)"
7845,93988,1,4.5,3.37,North & South (2004)
7846,94011,1,1.5,3.11,"Big Bang, The (2011)"
7847,94015,4,3.0,3.19,Mirror Mirror (2012)
7848,94018,3,2.3333333333333335,3.05,Battleship (2012)
7849,94070,4,3.875,3.43,"Best Exotic Marigold Hotel, The (2011)"
7850,94122,1,2.0,3.15,Comic-Con Episode IV: A Fan's Hope (2011)
7851,94130,2,3.5,3.3,Bully (2011)
7852,94150,2,4.0,3.38,Hysteria (2011)
7853,94160,1,3.0,3.24,Dante's Inferno: An Animated Epic (2010)
7854,94262,1,3.0,3.24,"Atomic Submarine, The (1959)"
7855,94266,4,2.5,3.05,"Five-Year Engagement, The (2012)"
7856,94323,2,2.5,3.14,Think Like a Man (2012)
7857,94325,1,4.0,3.33,"Lucky One, The (2012)"
7858,94405,2,3.5,3.3,Safe (2012)
7859,94478,6,2.5,2.98,Dark Shadows (2012)
7860,94494,1,2.5,3.2,96 Minutes (2011) 
7861,94503,3,3.6666666666666665,3.35,"Decoy Bride, The (2011)"
7862,94661,1,4.0,3.33,Rocket Singh: Salesman of the Year (2009)
7863,94677,17,3.5588235294117645,3.45,"Dictator, The (2012)"
7864,94735,1,4.0,3.33,Walking with Monsters (2005)
7865,94777,18,3.2777777777777777,3.27,Men in Black III (M.III.B.) (M.I.B.³) (2012)
7866,94780,6,2.8333333333333335,3.11,Snow White and the Huntsman (2012)
7867,94799,1,3.5,3.28,Sound of My Voice (2011)
7868,94810,1,5.0,3.42,Eva (2011)
7869,94833,3,3.3333333333333335,3.28,"Pirates! Band of Misfits, The (2012)"
7870,94864,27,3.2962962962962963,3.29,Prometheus (2012)
7871,94867,1,3.5,3.28,"Pact, The (2012)"
7872,94896,2,3.5,3.3,Bernie (2011)
7873,94919,1,2.5,3.2,Inhale (2010)
7874,94931,1,3.5,3.28,Take This Waltz (2011)
7875,94953,5,3.0,3.18,Wanderlust (2012)
7876,94959,29,3.7758620689655173,3.64,Moonrise Kingdom (2012)
7877,94985,3,3.8333333333333335,3.39,Get the Gringo (2012)
7878,95004,1,4.0,3.33,Superman/Doomsday (2007) 
7879,95067,3,2.8333333333333335,3.17,"Thousand Words, A (2012)"
7880,95088,6,3.75,3.44,Safety Not Guaranteed (2012)
7881,95105,9,3.388888888888889,3.32,Madagascar 3: Europe's Most Wanted (2012)
7882,95135,1,4.0,3.33,Your Sister's Sister (2011)
7883,95145,1,3.5,3.28,Dragon Ball: The Curse Of The Blood Rubies (Doragon bôru: Shenron no densetsu) (1986)
7884,95147,2,3.25,3.26,Dragon Ball: Sleeping Princess in Devil's Castle (Doragon bôru: Majinjô no nemuri hime) (1987)
7885,95149,1,5.0,3.42,Superman/Batman: Public Enemies (2009)
7886,95163,1,3.5,3.28,Dragon Ball: Mystical Adventure (Doragon bôru: Makafushigi dai bôken) (1988)
7887,95165,1,4.0,3.33,Dragon Ball Z the Movie: The World's Strongest (a.k.a. Dragon Ball Z: The Strongest Guy in The World) (Doragon bôru Z: Kono yo de ichiban tsuyoi yatsu) (1990)
7888,95167,30,3.466666666666667,3.41,Brave (2012)
7889,95170,1,4.0,3.33,Beauty and the Beast: The Enchanted Christmas (1997)
7890,95175,1,5.0,3.42,Front of the Class (2008)
7891,95182,2,3.0,3.22,Dragon Ball Z the Movie: The Tree of Might (Doragon bôru Z 3: Chikyû marugoto chô kessen) (1990)
7892,95193,1,2.0,3.15,Pocahontas II: Journey to a New World (1998) 
7893,95199,1,3.0,3.24,What to Expect When You're Expecting (2012)
7894,95201,1,3.0,3.24,To Rome with Love (2012)
7895,95207,6,2.75,3.07,Abraham Lincoln: Vampire Hunter (2012)
7896,95218,1,3.5,3.28,First Position (2011)
7897,95307,4,2.75,3.12,Rock of Ages (2012)
7898,95309,3,4.166666666666667,3.47,Seeking a Friend for the End of the World (2012)
7899,95311,1,5.0,3.42,Presto (2008)
7900,95313,1,4.5,3.37,Jack-Jack Attack (2005)
7901,95377,3,3.8333333333333335,3.39,One Man Band (2005)
7902,95441,21,3.2857142857142856,3.28,Ted (2012)
7903,95449,5,2.7,3.08,Magic Mike (2012)
7904,95473,1,4.0,3.33,Dragon Ball Z: The Return of Cooler (Doragon bôru Z 6: Gekitotsu! Hyakuoku pawâ no senshi) (1992)
7905,95475,2,4.0,3.38,Dragon Ball Z: Cooler's Revenge (Doragon bôru Z 5: Tobikkiri no saikyô tai saikyô) (1991)
7906,95497,2,3.75,3.34,Dragon Ball Z: Super Android 13! (Doragon bôru Z 7: Kyokugen batoru!! San dai sûpâ saiyajin) (1992)
7907,95499,1,4.0,3.33,Dragon Ball Z: Broly - The Legendary Super Saiyan (Doragon bôru Z 8: Moetsukiro!! Nessen retsusen-chô gekisen) (1993)
7908,95508,1,3.5,3.28,Cleanskin (2012)
7909,95510,30,3.25,3.25,"Amazing Spider-Man, The (2012)"
7910,95519,1,4.0,3.33,Dragon Ball Z: Bojack Unbound (Doragon bôru Z 9: Ginga girigiri!! Butchigiri no sugoi yatsu) (1993)
7911,95543,6,2.9166666666666665,3.14,Ice Age 4: Continental Drift (2012)
7912,95558,7,3.357142857142857,3.3,Beasts of the Southern Wild (2012)
7913,95583,2,2.75,3.18,Savages (2012)
7914,95624,1,3.0,3.24,"Firm, The (2009)"
7915,95633,1,4.5,3.37,Spirit Camp (2009)
7916,95654,3,4.166666666666667,3.47,Geri's Game (1997)
7917,95690,1,4.5,3.37,Some Guy Who Kills People (2011)
7918,95717,1,2.0,3.15,Treasure Island (2012)
7919,95720,9,3.0,3.14,"Watch, The (2012)"
7920,95738,1,3.0,3.24,"Adventures of Mary-Kate and Ashley, The: The Case of the Christmas Caper (1995)"
7921,95744,1,2.5,3.2,2 Days in New York (2012)
7922,95761,1,4.5,3.37,Killer Joe (2011)
7923,95771,1,4.0,3.33,Dragon Ball Z: Broly Second Coming (Doragon bôru Z 10: Kiken na futari! Sûpâ senshi wa nemurenai) (1994)
7924,95780,1,4.0,3.33,Dragon Ball Z: Bio-Broly (Doragon bôru Z 11: Sûpâ senshi gekiha! Katsu no wa ore da) (1994)
7925,95796,1,0.5,3.02,Anaconda: The Offspring (2008)
7926,95839,1,3.0,3.24,"Christmas Carol, A (1999)"
7927,95843,1,5.0,3.42,Goodbye Charlie (1964)
7928,95858,5,3.9,3.47,For the Birds (2000)
7929,95873,4,3.5,3.33,Ruby Sparks (2012)
7930,95875,8,3.1875,3.23,Total Recall (2012)
7931,95939,1,4.0,3.33,"Angels' Share, The (2012)"
7932,95949,1,3.5,3.28,"Immature, The (Immaturi) (2011)"
7933,95965,1,4.0,3.33,Dragon Ball Z: Bardock - The Father of Goku (Doragon bôru Z: Tatta hitori no saishuu kessen - Furiiza ni itonda Z senshi Kakarotto no chichi) (1990)
7934,96004,2,3.25,3.26,Dragon Ball Z: The History of Trunks (Doragon bôru Z: Zetsubô e no hankô!! Nokosareta chô senshi - Gohan to Torankusu) (1993)
7935,96007,1,2.0,3.15,Dragon Ball GT: A Hero's Legacy (Doragon bôru GT: Gokû gaiden! Yûki no akashi wa sû-shin-chû) (1997)
7936,96020,3,3.6666666666666665,3.35,Sidewalls (Medianeras) (2011)
7937,96079,50,3.81,3.72,Skyfall (2012)
7938,96084,1,4.5,3.37,Hands Over the City (Le mani sulla città) (1963)
7939,96110,9,3.4444444444444446,3.35,"Campaign, The (2012)"
7940,96114,1,2.0,3.15,Brake (2012)
7941,96121,1,1.0,3.06,Hope Springs (2012)
7942,96150,1,2.0,3.15,"Queen of Versailles, The (2012)"
7943,96281,2,3.5,3.3,ParaNorman (2012)
7944,96283,1,3.0,3.24,Diary of a Wimpy Kid: Dog Days (2012)
7945,96373,1,4.5,3.37,Broken (2012)
7946,96411,1,4.0,3.33,6 Days to Air: The Making of South Park (2011)
7947,96417,5,3.2,3.24,Premium Rush (2012)
7948,96430,1,5.0,3.42,"Odd Life of Timothy Green, The (2012)"
7949,96432,4,3.625,3.36,Lawless (2012)
7950,96448,3,2.1666666666666665,3.02,Piranha 3DD (a.k.a. Piranha DD) (2012)
7951,96471,1,3.0,3.24,Prime Suspect 3 (1993)
7952,96488,4,4.25,3.54,Searching for Sugar Man (2012)
7953,96518,1,3.0,3.24,Prime Suspect 6: The Last Witness (2003)
7954,96520,1,2.0,3.15,Prime Suspect: The Lost Child (1995)
7955,96530,1,2.5,3.2,Conception (2011)
7956,96563,1,4.0,3.33,Paradise Lost 3: Purgatory (2011)
7957,96567,1,4.0,3.33,"Words, The (2012)"
7958,96588,20,3.625,3.5,Pitch Perfect (2012)
7959,96606,3,3.8333333333333335,3.39,Samsara (2011)
7960,96608,1,5.0,3.42,Runaway Brain (1995) 
7961,96610,32,3.640625,3.55,Looper (2012)
7962,96616,3,2.5,3.09,That's My Boy (2012)
7963,96655,3,3.0,3.2,Robot & Frank (2012)
7964,96691,2,3.75,3.34,Resident Evil: Retribution (2012)
7965,96726,1,1.5,3.11,Lola Versus (2012)
7966,96728,6,3.9166666666666665,3.5,"Master, The (2012)"
7967,96737,14,3.7142857142857144,3.52,Dredd (2012)
7968,96811,6,3.9166666666666665,3.5,End of Watch (2012)
7969,96815,2,2.75,3.18,V/H/S (2012)
7970,96821,20,3.825,3.63,"Perks of Being a Wallflower, The (2012)"
7971,96829,10,4.3,3.77,"Hunt, The (Jagten) (2012)"
7972,96832,1,5.0,3.42,Holy Motors (2012)
7973,96861,7,3.2857142857142856,3.27,Taken 2 (2012)
7974,96917,1,4.0,3.33,House at the End of the Street (2012)
7975,96935,1,5.0,3.42,My Left Eye Sees Ghosts (Ngo joh aan gin diy gwai) (2002)
7976,96945,1,3.5,3.28,Love Lasts Three Years (L'amour dure trois ans) (2011)
7977,96964,1,1.5,3.11,"Tall Man, The (2012)"
7978,96975,1,3.5,3.28,LOL (2012)
7979,97024,1,0.5,3.02,Rust and Bone (De rouille et d'os) (2012)
7980,97168,2,3.5,3.3,Marley (2012)
7981,97172,2,2.5,3.14,Frankenweenie (2012)
7982,97188,1,4.0,3.33,Sinister (2012)
7983,97194,1,1.0,3.06,"Thing: Terror Takes Shape, The (1998)"
7984,97225,11,3.409090909090909,3.34,Hotel Transylvania (2012)
7985,97230,1,3.0,3.24,Side by Side (2012)
7986,97285,1,3.5,3.28,Take Aim at the Police Van (Sono gosôsha wo nerae: 'Jûsangô taihisen' yori) (1960)
7987,97304,28,3.982142857142857,3.79,Argo (2012)
7988,97306,15,3.466666666666667,3.38,Seven Psychopaths (2012)
7989,97328,1,3.0,3.24,Liberal Arts (2012)
7990,97470,2,1.25,2.94,Catch .44 (2011)
7991,97643,2,3.0,3.22,[REC]³ 3 Génesis (2012)
7992,97665,1,2.5,3.2,Asterix & Obelix: God Save Britannia (Astérix et Obélix: Au service de Sa Majesté) (2012)
7993,97701,1,3.0,3.24,Paranormal Activity 4 (2012)
7994,97742,1,1.5,3.11,Alex Cross (2012)
7995,97752,19,3.736842105263158,3.57,Cloud Atlas (2012)
7996,97757,1,4.0,3.33,'Hellboy': The Seeds of Creation (2004)
7997,97785,1,3.0,3.24,Silent Hill: Revelation 3D (2012)
7998,97836,7,2.5714285714285716,2.98,Here Comes the Boom (2012)
7999,97858,1,2.0,3.15,Mental (2012)
8000,97860,4,3.125,3.22,Killing Them Softly (2012)
8001,97866,2,4.75,3.5,"Imposter, The (2012)"
8002,97870,1,4.0,3.33,"Sessions, The (Surrogate, The) (2012)"
8003,97904,1,4.0,3.33,Smashed (2012)
8004,97913,22,3.75,3.59,Wreck-It Ralph (2012)
8005,97921,30,3.716666666666667,3.6,Silver Linings Playbook (2012)
8006,97923,9,3.5,3.37,Flight (2012)
8007,97936,1,3.0,3.24,Anna Karenina (2012)
8008,97938,31,3.629032258064516,3.54,Life of Pi (2012)
8009,97950,1,2.5,3.2,"Man with the Iron Fists, The (2012)"
8010,97988,1,2.5,3.2,"Bay, The (2012)"
8011,98061,1,3.5,3.28,Himizu (2011)
8012,98083,2,4.0,3.38,Jackass 3.5 (2011)
8013,98122,2,3.0,3.22,Indie Game: The Movie (2012)
8014,98124,7,3.9285714285714284,3.53,"Batman: The Dark Knight Returns, Part 1 (2012)"
8015,98154,4,4.5,3.61,Lincoln (2012)
8016,98160,1,1.5,3.11,Nature Calls (2012)
8017,98175,1,1.5,3.11,Vamps (2012)
8018,98203,4,1.875,2.88,"Twilight Saga: Breaking Dawn - Part 2, The (2012)"
8019,98230,1,3.5,3.28,10 Years (2011)
8020,98239,2,2.25,3.1,Red Dawn (2012)
8021,98243,12,3.7916666666666665,3.55,Rise of the Guardians (2012)
8022,98279,2,4.0,3.38,"Fantastic Fear of Everything, A (2012)"
8023,98296,1,1.5,3.11,Deadfall (2012)
8024,98361,1,4.0,3.33,Byzantium (2012)
8025,98491,8,4.375,3.75,Paperman (2012)
8026,98499,2,3.0,3.22,"Fearless Hyena, The (Xiao quan guai zhao) (1979)"
8027,98503,1,3.0,3.24,Half a Loaf of Kung Fu (Dian zhi gong fu gan chian chan) (1980)
8028,98585,5,3.5,3.34,Hitchcock (2012)
8029,98604,1,4.5,3.37,From Up on Poppy Hill (Kokuriko-zaka kara) (2011)
8030,98607,1,4.5,3.37,Redline (2009)
8031,98623,2,3.0,3.22,Winners and Sinners (Qi mou miao ji: Wu fu xing) (1983)
8032,98633,1,3.5,3.28,My Lucky Stars (Fuk sing go jiu) (1985)
8033,98697,1,2.5,3.2,"Money Money Money (L'aventure, c'est l'aventure) (1972)"
8034,98799,1,2.5,3.2,"Liar's Autobiography: The Untrue Story of Monty Python's Graham Chapman, A (2012)"
8035,98809,40,3.8125,3.7,"Hobbit: An Unexpected Journey, The (2012)"
8036,98836,1,2.0,3.15,Hyde Park on Hudson (2012)
8037,98908,1,1.5,3.11,How to Make Love to a Woman (2010)
8038,98961,14,4.107142857142857,3.75,Zero Dark Thirty (2012)
8039,99005,1,1.5,3.11,Fire with Fire (2012)
8040,99007,14,3.5,3.4,Warm Bodies (2013)
8041,99030,1,4.0,3.33,Wrong (2012)
8042,99087,1,3.0,3.24,Playing for Keeps (2012)
8043,99106,3,2.5,3.09,"Guilt Trip, The (2012)"
8044,99112,12,3.4166666666666665,3.35,Jack Reacher (2012)
8045,99114,71,3.943661971830986,3.86,Django Unchained (2012)
8046,99117,8,3.125,3.2,This Is 40 (2012)
8047,99122,1,3.5,3.28,I Bought a Vampire Motorcycle (1990)
8048,99130,1,3.5,3.28,Ice Cream Man (1995)
8049,99145,3,3.6666666666666665,3.35,"Impossible, The (Imposible, Lo) (2012)"
8050,99149,7,3.5,3.36,"Misérables, Les (2012)"
8051,99191,1,4.0,3.33,Campfire Tales (1997)
8052,99415,1,2.0,3.15,Parental Guidance (2012)
8053,99437,2,4.0,3.38,John Dies at the End (2012)
8054,99532,2,2.25,3.1,"Misérables, Les (2000)"
8055,99574,1,3.0,3.24,Promised Land (2012)
8056,99636,1,5.0,3.42,English Vinglish (2012)
8057,99638,1,3.0,3.24,Fish Story (Fisshu sutôrî) (2009)
8058,99721,1,1.5,3.11,Texas Chainsaw 3D (2013)
8059,99728,3,3.3333333333333335,3.28,Gangster Squad (2013)
8060,99750,1,3.5,3.28,"Iceman, The (2012)"
8061,99764,2,4.25,3.42,It's Such a Beautiful Day (2012)
8062,99813,8,3.875,3.53,"Batman: The Dark Knight Returns, Part 2 (2013)"
8063,99846,1,3.0,3.24,Everything or Nothing: The Untold Story of 007 (2012)
8064,99853,1,4.0,3.33,Codependent Lesbian Space Alien Seeks Same (2011)
8065,99910,2,3.25,3.26,"Last Stand, The (2013)"
8066,99917,3,3.1666666666666665,3.24,Upstream Color (2013)
8067,99992,1,3.0,3.24,Shadow Dancer (2012)
8068,100044,1,4.0,3.33,Human Planet (2011)
8069,100068,1,3.5,3.28,Comme un chef (2012)
8070,100083,3,3.5,3.32,Movie 43 (2013)
8071,100106,1,3.5,3.28,"Pervert's Guide to Ideology, The (2012)"
8072,100159,1,4.5,3.37,Sightseers (2012)
8073,100163,5,2.9,3.14,Hansel & Gretel: Witch Hunters (2013)
8074,100194,1,4.5,3.37,Jim Jefferies: Fully Functional (EPIX) (2012)
8075,100226,1,1.5,3.11,Why Stop Now (2012)
8076,100277,1,4.0,3.33,Tabu (2012)
8077,100302,1,3.0,3.24,Upside Down (2012)
8078,100304,1,3.0,3.24,"Liability, The (2012)"
8079,100306,1,3.5,3.28,Angst  (1983)
8080,100326,1,2.5,3.2,Stand Up Guys (2012)
8081,100383,6,3.9166666666666665,3.5,Side Effects (2013)
8082,100390,4,2.875,3.15,Identity Thief (2013)
8083,100397,1,3.5,3.28,"ABCs of Death, The (2012)"
8084,100487,1,2.0,3.15,Beautiful Creatures (2013)
8085,100498,6,2.0833333333333335,2.83,"Good Day to Die Hard, A (2013)"
8086,100507,4,3.625,3.36,21 and Over (2013)
8087,100527,1,4.0,3.33,Safe Haven (2013)
8088,100553,2,4.5,3.46,Frozen Planet (2011)
8089,100556,1,5.0,3.42,"Act of Killing, The (2012)"
8090,100579,1,4.0,3.33,Universal Soldier: Day of Reckoning (2012)
8091,100611,2,4.0,3.38,Escape from Planet Earth (2013)
8092,100714,3,3.5,3.32,Before Midnight (2013)
8093,100737,1,3.5,3.28,Snitch (2013)
8094,100810,2,3.0,3.22,Dark Skies (2013)
8095,100843,1,3.5,3.28,Oh Boy (A Coffee in Berlin) (2012)
8096,100882,2,4.75,3.5,Journey to the West: Conquering the Demons (Daai wa sai you chi Chui mo chun kei) (2013)
8097,100906,1,5.0,3.42,Maniac Cop 2 (1990)
8098,101025,5,2.2,2.92,Jack the Giant Slayer (2013)
8099,101070,1,2.5,3.2,Wadjda (2012)
8100,101072,1,2.5,3.2,"Unintentional Kidnapping of Mrs. Elfriede Ott, The (Die Unabsichtliche Entführung der Frau Elfriede Ott) (2010)"
8101,101074,1,2.0,3.15,"Legend of Sleepy Hollow, The (1949)"
8102,101076,3,3.0,3.2,G.I. Joe: Retaliation (2013)
8103,101088,2,3.75,3.34,Stoker (2013)
8104,101112,6,3.0833333333333335,3.2,Oz the Great and Powerful (2013)
8105,101142,9,3.7777777777777777,3.5,"Croods, The (2013)"
8106,101283,3,2.8333333333333335,3.17,"Incredible Burt Wonderstone, The (2013)"
8107,101360,1,1.5,3.11,"Call, The (2013)"
8108,101362,8,2.875,3.09,Olympus Has Fallen (2013)
8109,101415,2,1.5,2.98,"First Time, The (2012)"
8110,101423,1,3.0,3.24,Mezzo Forte (1998)
8111,101525,5,3.5,3.34,"Place Beyond the Pines, The (2012)"
8112,101529,1,2.0,3.15,"Brass Teapot, The (2012)"
8113,101531,1,2.0,3.15,Phil Spector (2013)
8114,101577,4,2.5,3.05,"Host, The (2013)"
8115,101612,4,3.0,3.19,Admission (2013)
8116,101739,2,3.25,3.26,Evil Dead (2013)
8117,101741,2,3.75,3.34,Trance (2013)
8118,101765,2,4.25,3.42,"Perfect Plan, A (Plan parfait, Un) (2012)"
8119,101864,20,3.3,3.29,Oblivion (2013)
8120,101884,1,1.5,3.11,Dark Tide (2012)
8121,101895,1,4.0,3.33,42 (2013)
8122,101962,4,4.0,3.47,Wolf Children (Okami kodomo no ame to yuki) (2012)
8123,101973,1,1.5,3.11,Disconnect (2012)
8124,102007,1,3.0,3.24,"Invincible Iron Man, The (2007)"
8125,102025,1,0.5,3.02,Yongary: Monster from the Deep (1967)
8126,102033,5,3.2,3.24,Pain & Gain (2013)
8127,102058,1,3.0,3.24,Hulk Vs. (2009)
8128,102066,1,4.0,3.33,Resolution (2012)
8129,102070,1,3.0,3.24,Grabbers (2012)
8130,102084,1,5.0,3.42,Justice League: Doom (2012) 
8131,102088,1,2.0,3.15,"Grandmaster, The (Yi dai zong shi) (2013)"
8132,102123,14,3.2142857142857144,3.23,This Is the End (2013)
8133,102125,32,3.5625,3.49,Iron Man 3 (2013)
8134,102165,1,2.0,3.15,"English Teacher, The (2013)"
8135,102194,3,4.333333333333333,3.5,Mud (2012)
8136,102217,1,5.0,3.42,Bill Hicks: Revelations (1993)
8137,102278,1,2.0,3.15,Pawn (2013)
8138,102338,1,4.5,3.37,Shaolin Temple (Shao Lin si) (1976)
8139,102378,2,2.75,3.18,Syrup (2013)
8140,102407,20,3.375,3.34,"Great Gatsby, The (2013)"
8141,102445,27,3.685185185185185,3.57,Star Trek Into Darkness (2013)
8142,102481,10,3.55,3.4,"Internship, The (2013)"
8143,102590,1,3.0,3.24,Darkon (2006)
8144,102602,1,4.0,3.33,Mimino (1977)
8145,102666,1,4.5,3.37,Ivan Vasilievich: Back to the Future (Ivan Vasilievich menyaet professiyu) (1973)
8146,102684,2,3.75,3.34,Only God Forgives (2013)
8147,102686,8,3.375,3.31,"Hangover Part III, The (2013)"
8148,102716,7,3.357142857142857,3.3,"Fast & Furious 6 (Fast and the Furious 6, The) (2013)"
8149,102720,2,3.0,3.22,Epic (2013)
8150,102735,1,0.5,3.02,Captain America (1979)
8151,102742,1,4.0,3.33,Tie Xi Qu: West of the Tracks (Tiexi qu) (2003)
8152,102747,1,3.5,3.28,"Rink, The (1916)"
8153,102749,1,0.5,3.02,Captain America II: Death Too Soon (1979)
8154,102760,1,4.0,3.33,Down Terrace (2009)
8155,102800,1,2.5,3.2,Frances Ha (2012)
8156,102802,1,2.5,3.2,"Lords of Salem, The (2012)"
8157,102819,1,3.0,3.24,Behind the Candelabra (2013)
8158,102823,1,3.5,3.28,As I Was Moving Ahead Occasionally I Saw Brief Glimpses of Beauty (2000)
8159,102852,1,3.0,3.24,With Great Power: The Stan Lee Story (2012)
8160,102880,2,1.0,2.9,After Earth (2013)
8161,102903,22,3.409090909090909,3.36,Now You See Me (2013)
8162,102984,1,4.5,3.37,Inhuman Resources (Redd Inc.) (2012)
8163,102993,4,3.125,3.22,"Way, Way Back, The (2013)"
8164,103027,1,3.0,3.24,Much Ado About Nothing (2012)
8165,103042,22,3.2954545454545454,3.28,Man of Steel (2013)
8166,103048,2,3.5,3.3,"Kings of Summer, The (2013)"
8167,103075,4,3.25,3.26,"Purge, The (2013)"
8168,103085,1,3.0,3.24,Rapture-Palooza (2013)
8169,103107,2,4.25,3.42,20 Feet from Stardom (Twenty Feet from Stardom) (2013)
8170,103137,2,2.0,3.06,"Bling Ring, The (2013)"
8171,103141,16,3.875,3.63,Monsters University (2013)
8172,103171,1,1.0,3.06,Schlussmacher (2013)
8173,103210,1,2.0,3.15,Fullmetal Alchemist: The Sacred Star of Milos (2011)
8174,103219,1,3.5,3.28,Maniac (2012)
8175,103221,1,2.5,3.2,Not Suitable for Children (2012)
8176,103228,14,3.607142857142857,3.46,Pacific Rim (2013)
8177,103233,1,3.0,3.24,LEGO Batman: The Movie - DC Heroes Unite (2013)
8178,103235,5,4.0,3.5,"Best Offer, The (Migliore offerta, La) (2013)"
8179,103245,1,2.5,3.2,Adam and Eve (National Lampoon's Adam & Eve) (2005)
8180,103249,19,3.026315789473684,3.11,World War Z (2013)
8181,103253,16,3.3125,3.29,Elysium (2013)
8182,103335,19,3.5789473684210527,3.47,Despicable Me 2 (2013)
8183,103339,6,2.9166666666666665,3.14,White House Down (2013)
8184,103341,18,3.4166666666666665,3.36,"World's End, The (2013)"
8185,103366,1,2.0,3.15,Redemption (Hummingbird) (2013)
8186,103372,6,3.4166666666666665,3.32,"Heat, The (2013)"
8187,103384,7,2.7857142857142856,3.07,"Lone Ranger, The (2013)"
8188,103449,1,1.0,3.06,Passion (2012)
8189,103483,1,4.5,3.37,V/H/S/2 (2013)
8190,103502,1,1.5,3.11,"Knot, The (2012)"
8191,103539,2,3.25,3.26,The Spectacular Now (2013)
8192,103543,2,3.5,3.3,"Lifeguard, The (2013)"
8193,103596,4,1.875,2.88,Sharknado (2013)
8194,103602,1,5.0,3.42,Craig Ferguson: I'm Here To Help (2013)
8195,103606,1,4.0,3.33,Stuck in Love (2012)
8196,103609,1,1.5,3.11,Class Act (1992)
8197,103624,2,4.0,3.38,Fruitvale Station (2013)
8198,103655,3,1.8333333333333333,2.94,R.I.P.D. (2013)
8199,103685,1,4.5,3.37,"Field in England, A (2013)"
8200,103688,7,4.214285714285714,3.65,"Conjuring, The (2013)"
8201,103755,1,2.5,3.2,Turbo (2013)
8202,103772,16,3.375,3.33,"Wolverine, The (2013)"
8203,103801,3,2.3333333333333335,3.05,Drinking Buddies (2013)
8204,103810,5,3.2,3.24,Red 2 (2013)
8205,103819,2,2.25,3.1,Coffee Town (2013)
8206,103865,1,2.0,3.15,Revenge for Jolly! (2012)
8207,103883,3,4.0,3.43,2 Guns (2013)
8208,103980,4,3.375,3.29,Blue Jasmine (2013)
8209,103984,3,3.5,3.32,"Great Beauty, The (Grande Bellezza, La) (2013)"
8210,104017,1,0.5,3.02,3 dev adam (Three Giant Men) (1973) 
8211,104069,4,4.125,3.5,Louis C.K.: Oh My God (2013)
8212,104074,2,1.75,3.02,Percy Jackson: Sea of Monsters (2013)
8213,104076,4,1.875,2.88,"Smurfs 2, The (2013)"
8214,104078,1,4.0,3.33,Alan Partridge: Alpha Papa (2013)
8215,104129,2,3.25,3.26,Man of Tai Chi (2013)
8216,104141,1,3.0,3.24,Batman: Mystery of the Batwoman (2003)
8217,104211,21,3.738095238095238,3.58,We're the Millers (2013)
8218,104218,5,3.4,3.31,Grown Ups 2 (2013)
8219,104241,11,3.4545454545454546,3.36,Kick-Ass 2 (2013)
8220,104243,5,3.3,3.27,Riddick (2013)
8221,104245,2,3.0,3.22,Planes (2013)
8222,104272,2,3.0,3.22,Blackfish (2013)
8223,104283,3,4.0,3.43,"Wind Rises, The (Kaze tachinu) (2013)"
8224,104303,3,2.5,3.09,Jobs (2013)
8225,104337,1,1.5,3.11,Lee Daniels' The Butler (2013)
8226,104339,2,4.0,3.38,In a World... (2013)
8227,104374,15,3.933333333333333,3.66,About Time (2013)
8228,104419,2,3.25,3.26,Justice League: Crisis on Two Earths (2010)
8229,104457,2,3.75,3.34,You're Next (2011)
8230,104644,1,0.5,3.02,Maria Bamford: The Special Special Special! (2012)
8231,104760,1,1.0,3.06,Getaway (2013)
8232,104780,1,5.0,3.42,"Mystery of the Third Planet, The (Tayna tretey planety) (1981)"
8233,104837,1,2.0,3.15,Rage of Honor (1987)
8234,104841,32,3.578125,3.5,Gravity (2013)
8235,104863,3,2.6666666666666665,3.13,What If (2013)
8236,104875,2,4.0,3.38,"History of Future Folk, The (2012)"
8237,104879,16,4.15625,3.8,Prisoners (2013)
8238,104906,3,3.1666666666666665,3.24,Austenland (2013)
8239,104908,2,3.0,3.22,Insidious: Chapter 2 (2013)
8240,104913,11,3.8181818181818183,3.55,Rush (2013)
8241,104925,3,3.5,3.32,"Family, The (2013)"
8242,104944,2,3.75,3.34,Short Term 12 (2013)
8243,105020,1,1.5,3.11,Collision Course (1989)
8244,105037,4,2.5,3.05,"To Do List, The (2013)"
8245,105121,1,1.0,3.06,Inescapable (2012)
8246,105197,4,4.125,3.5,Nebraska (2013)
8247,105211,2,3.0,3.22,Enough Said (2013)
8248,105213,8,3.125,3.2,Don Jon (2013)
8249,105246,1,3.5,3.28,Mood Indigo (L'écume des jours) (2013)
8250,105250,2,3.75,3.34,"Century of the Self, The (2002)"
8251,105254,2,3.5,3.3,Crystal Fairy & the Magical Cactus and 2012 (2013)
8252,105325,1,1.0,3.06,Bad Milo (Bad Milo!) (2013)
8253,105351,2,2.25,3.1,Runner Runner (2013)
8254,105355,2,3.25,3.26,Blue Is the Warmest Color (La vie d'Adèle) (2013)
8255,105468,2,2.25,3.1,Cloudy with a Chance of Meatballs 2 (2013)
8256,105504,21,4.0476190476190474,3.79,Captain Phillips (2013)
8257,105540,1,4.5,3.37,"All Dogs Christmas Carol, An (1998)"
8258,105585,2,4.0,3.38,Machete Kills (Machete 2) (2013)
8259,105593,2,4.5,3.46,Filth (2013)
8260,105653,4,4.0,3.47,Escape Plan (2013)
8261,105720,1,3.0,3.24,"Thief of Paris, The (Le voleur) (1967)"
8262,105731,2,2.5,3.14,Carrie (2013)
8263,105746,1,4.5,3.37,UnHung Hero (2013)
8264,105755,1,1.5,3.11,"Counselor, The (2013)"
8265,105801,1,3.0,3.24,Escape From Tomorrow (2013)
8266,105835,1,4.0,3.33,"Double, The (2013)"
8267,105844,16,3.625,3.48,12 Years a Slave (2013)
8268,105954,4,3.625,3.36,All Is Lost (2013)
8269,106002,16,3.4375,3.37,Ender's Game (2013)
8270,106062,2,3.25,3.26,Jackass Presents: Bad Grandpa (2013)
8271,106072,21,3.3095238095238093,3.29,Thor: The Dark World (2013)
8272,106100,17,3.9705882352941178,3.7,Dallas Buyers Club (2013)
8273,106144,1,3.5,3.28,"Selfish Giant, The (2013)"
8274,106330,2,2.0,3.06,Last Vegas (2013)
8275,106438,2,3.25,3.26,Philomena (2013)
8276,106441,1,3.0,3.24,"Book Thief, The (2013)"
8277,106487,26,3.6346153846153846,3.53,The Hunger Games: Catching Fire (2013)
8278,106489,25,3.58,3.49,"Hobbit: The Desolation of Smaug, The (2013)"
8279,106491,7,2.642857142857143,3.01,47 Ronin (2013)
8280,106540,4,2.875,3.15,Delivery Man (2013)
8281,106542,1,1.5,3.11,Charlie Countryman (2013)
8282,106594,1,4.5,3.37,Red Flag (2012)
8283,106642,7,4.571428571428571,3.79,"Day of the Doctor, The (2013)"
8284,106648,1,3.0,3.24,Guilty of Romance (Koi no tsumi) (2011) 
8285,106696,29,3.6206896551724137,3.53,Frozen (2013)
8286,106766,7,3.642857142857143,3.42,Inside Llewyn Davis (2013)
8287,106782,54,3.9166666666666665,3.81,"Wolf of Wall Street, The (2013)"
8288,106785,1,3.0,3.24,Homefront (2013)
8289,106839,2,3.75,3.34,Mandela: Long Walk to Freedom (2013)
8290,106873,3,2.5,3.09,Evangelion: 3.0 You Can (Not) Redo (2012)
8291,106883,1,1.5,3.11,All is Bright (2013)
8292,106889,1,4.0,3.33,Tim's Vermeer (2013)
8293,106916,16,3.25,3.25,American Hustle (2013)
8294,106918,20,4.0,3.75,"Secret Life of Walter Mitty, The (2013)"
8295,106920,25,3.92,3.73,Her (2013)
8296,106927,1,3.0,3.24,RoboGeisha (Robo-geisha) (2009)
8297,107013,1,0.5,3.02,"Christmas Carol, A (1977)"
8298,107069,2,3.0,3.22,Lone Survivor (2013)
8299,107141,8,3.6875,3.45,Saving Mr. Banks (2013)
8300,107159,1,4.0,3.33,Zatoichi and the Chest of Gold (Zatôichi senryô-kubi) (Zatôichi 6) (1964)
8301,107314,2,3.0,3.22,Oldboy (2013)
8302,107338,1,2.5,3.2,Dampfnudelblues (2013)
8303,107348,11,3.3636363636363638,3.31,Anchorman 2: The Legend Continues (2013)
8304,107406,21,3.4285714285714284,3.37,Snowpiercer (2013)
8305,107408,1,4.5,3.37,Only Old Men Are Going to Battle (V boy idut odni stariki) (1973)
8306,107410,1,4.0,3.33,Guest from the Future (Gostya iz buduschego) (1985)
8307,107412,1,4.5,3.37,"Kidnapping, Caucasian Style (Kavkazskaya plennitsa) (1967)"
8308,107436,1,3.0,3.24,Haunter (2013)
8309,107447,1,4.0,3.33,Wrong Cops (2013)
8310,107449,1,1.5,3.11,"Muppet Christmas: Letters to Santa, A (2008)"
8311,107462,1,4.5,3.37,Ninja: Shadow of a Tear (2013)
8312,107565,2,2.75,3.18,"Fuck You, Goethe (Fack Ju Göhte) (2013)"
8313,107630,1,4.5,3.37,High School (2010)
8314,107702,2,2.5,3.14,Grudge Match (2013)
8315,107723,1,3.0,3.24,Highlander: The Search for Vengeance (2007)
8316,107771,1,5.0,3.42,Only Lovers Left Alive (2013)
8317,107780,1,4.0,3.33,Cats (1998)
8318,107846,1,3.5,3.28,MacGyver: Trail to Doomsday (1994)
8319,107945,1,2.0,3.15,Bad Karma (2012)
8320,107951,1,5.0,3.42,Hunting Elephants (2013)
8321,107953,2,4.0,3.38,Dragon Ball Z: Battle of Gods (2013)
8322,107962,1,2.0,3.15,Freezer (2014)
8323,107997,2,2.25,3.1,We Are What We Are (2013)
8324,107999,1,4.0,3.33,Dragon ball Z 04: Lord Slug (1991)
8325,108078,1,5.0,3.42,Chinese Puzzle (Casse-tête chinois) (2013)
8326,108090,1,3.5,3.28,Dragon Ball: The Path to Power (Doragon bôru: Saikyô e no michi) (1996)
8327,108156,6,3.1666666666666665,3.23,Ride Along (2014)
8328,108188,2,2.0,3.06,Jack Ryan: Shadow Recruit (2014)
8329,108190,18,3.0,3.1,Divergent (2014)
8330,108192,1,3.5,3.28,Hotel Chevalier (Part 1 of 'The Darjeeling Limited') (2007)
8331,108540,1,4.5,3.37,Ernest & Célestine (Ernest et Célestine) (2012)
8332,108601,1,2.0,3.15,Drift (2013)
8333,108689,2,2.25,3.1,"I, Frankenstein (2014)"
8334,108715,1,1.5,3.11,Better Living Through Chemistry (2014)
8335,108727,2,4.25,3.42,Nymphomaniac: Volume I (2013)
8336,108729,7,3.5,3.36,Enemy (2013)
8337,108795,1,5.0,3.42,Wonder Woman (2009)
8338,108928,6,2.6666666666666665,3.04,"Monuments Men, The (2014)"
8339,108932,31,3.870967741935484,3.72,The Lego Movie (2014)
8340,108945,6,2.3333333333333335,2.92,RoboCop (2014)
8341,108949,3,3.3333333333333335,3.28,"Art of the Steal, The (2013)"
8342,108981,1,4.5,3.37,Nymphomaniac: Volume II (2013)
8343,109042,2,2.25,3.1,Knights of Badassdom (2013)
8344,109161,1,4.5,3.37,Venus in Fur (La Vénus à la fourrure) (2013)
8345,109183,1,2.0,3.15,Date and Switch (2014)
8346,109187,3,3.0,3.2,"Zero Theorem, The (2013)"
8347,109191,1,1.5,3.11,Winter's Tale (2014)
8348,109241,1,5.0,3.42,On the Other Side of the Tracks (De l'autre côté du périph) (2012)
8349,109282,1,3.0,3.24,GLOW: The Story of the Gorgeous Ladies of Wrestling (2012)
8350,109295,1,2.0,3.15,Cold Comes the Night (2013)
8351,109313,1,4.0,3.33,Chouchou (2003)
8352,109317,1,2.5,3.2,Someone Marry Barry (2014)
8353,109372,2,2.25,3.1,About Last Night (2014)
8354,109374,52,3.7788461538461537,3.69,"Grand Budapest Hotel, The (2014)"
8355,109383,1,3.5,3.28,"Oversimplification of Her Beauty, An (2012)"
8356,109416,1,2.0,3.15,Bring It On: Fight to the Finish (2009)
8357,109483,4,2.625,3.09,That Awkward Moment (2014)
8358,109487,73,3.993150684931507,3.9,Interstellar (2014)
8359,109569,2,1.0,2.9,3 Days to Kill (2014)
8360,109576,2,2.0,3.06,Welcome to the Jungle (2013)
8361,109578,4,3.25,3.26,Non-Stop (2014)
8362,109596,1,4.0,3.33,Wrinkles (Arrugas) (2011)
8363,109633,1,5.0,3.42,"Garden of Words, The (Koto no ha no niwa) (2013)"
8364,109673,4,2.125,2.95,300: Rise of an Empire (2014)
8365,109687,1,5.0,3.42,Particle Fever (2013)
8366,109723,1,3.5,3.28,"Bag Man, The (2014)"
8367,109846,4,3.25,3.26,Mr. Peabody & Sherman (2014)
8368,109848,2,2.75,3.18,Under the Skin (2013)
8369,109850,2,3.75,3.34,Need for Speed (2014)
8370,109853,2,3.0,3.22,Barefoot (2014)
8371,109864,2,1.75,3.02,Veronica Mars (2014)
8372,109895,3,2.0,2.98,Bad Words (2013)
8373,109897,1,0.5,3.02,Son of God (2014)
8374,109941,1,3.0,3.24,Puss in Boots: The Three Diablos (2012)
8375,109968,2,4.25,3.42,Why Don't You Play In Hell? (Jigoku de naze warui) (2013)
8376,109971,1,4.5,3.37,Ocho apellidos vascos (2014)
8377,110102,31,3.7419354838709675,3.62,Captain America: The Winter Soldier (2014)
8378,110127,5,2.8,3.11,Noah (2014)
8379,110130,3,4.333333333333333,3.5,"Nut Job, The (2014)"
8380,110281,1,4.0,3.33,King of Comedy (Hei kek ji wong) (1999)
8381,110286,1,3.5,3.28,13 Sins (2014)
8382,110297,3,3.3333333333333335,3.28,Muppets Most Wanted (2014)
8383,110330,1,4.5,3.37,Me and you (io e te) (2012)
8384,110350,1,4.5,3.37,Free to Play (2014)
8385,110387,1,4.0,3.33,"Unknown Known, The (2013)"
8386,110501,7,3.9285714285714284,3.53,The Raid 2: Berandal (2014)
8387,110541,1,2.5,3.2,"Brain Smasher... A Love Story (Bouncer and the Lady, The) (1993)"
8388,110553,11,2.6363636363636362,2.94,The Amazing Spider-Man 2 (2014)
8389,110586,1,4.0,3.33,Calvary (2014)
8390,110591,1,4.5,3.37,Oculus (2013)
8391,110603,1,0.5,3.02,God's Not Dead (2014)
8392,110611,1,2.5,3.2,Cold in July (2014)
8393,110655,2,2.0,3.06,Rio 2 (2014)
8394,110669,2,3.75,3.34,"Honest Liar, An (2014)"
8395,110718,1,4.0,3.33,Fading Gigolo (2013)
8396,110730,7,2.2857142857142856,2.87,Transcendence (2014)
8397,110746,1,4.0,3.33,Hatchet III (2013)
8398,110771,6,2.9166666666666665,3.14,"Other Woman, The (2014)"
8399,110773,1,0.5,3.02,"Haunted House 2, A (2014)"
8400,110781,1,2.5,3.2,Mulan II (2004)
8401,110826,1,1.5,3.11,Brick Mansions (2014)
8402,110882,3,3.8333333333333335,3.39,Locke (2013)
8403,111113,12,3.2916666666666665,3.28,Neighbors (2014)
8404,111146,1,4.5,3.37,Alpha and Omega 3: The Great Wolf Games (2014)
8405,111320,1,1.5,3.11,Mom's Night Out (2014)
8406,111360,14,2.8214285714285716,3.01,Lucy (2014)
8407,111362,30,3.8333333333333335,3.69,X-Men: Days of Future Past (2014)
8408,111364,13,2.6153846153846154,2.9,Godzilla (2014)
8409,111375,1,2.5,3.2,Walk of Shame (2014)
8410,111384,1,4.0,3.33,Blue Ruin (2013)
8411,111443,2,2.75,3.18,Chef (2014)
8412,111551,1,3.5,3.28,Afflicted (2013)
8413,111617,8,3.8125,3.5,Blended (2014)
8414,111622,3,4.0,3.43,Begin Again (2013)
8415,111659,16,2.75,2.95,Maleficent (2014)
8416,111663,2,2.5,3.14,Zombeavers (2014)
8417,111680,1,1.5,3.11,At Middleton (2013)
8418,111732,1,3.5,3.28,"Dance of Reality, The (Danza de la realidad, La) (2013)"
8419,111743,12,2.9583333333333335,3.1,A Million Ways to Die in the West (2014)
8420,111759,44,3.977272727272727,3.84,Edge of Tomorrow (2014)
8421,111781,17,3.6470588235294117,3.5,Mission: Impossible - Rogue Nation (2015)
8422,111785,1,0.5,3.02,Midnight Chronicles (2009)
8423,111795,1,3.0,3.24,Million Dollar Arm (2014)
8424,111800,1,3.0,3.24,G.B.F. (2013)
8425,111817,1,3.5,3.28,Jimi: All Is by My Side (2013)
8426,111844,1,3.5,3.28,Bad Asses (Bad Ass 2) (2014)
8427,111913,1,4.5,3.37,Lilting (2014)
8428,111921,9,3.388888888888889,3.32,The Fault in Our Stars (2014)
8429,112006,3,3.8333333333333335,3.39,Tangled Ever After (2012)
8430,112070,1,3.5,3.28,Maps to the Stars (2014)
8431,112138,19,3.6842105263157894,3.54,22 Jump Street (2014)
8432,112171,9,3.2777777777777777,3.27,"Equalizer, The (2014)"
8433,112175,15,3.7666666666666666,3.56,How to Train Your Dragon 2 (2014)
8434,112183,26,3.3461538461538463,3.32,Birdman: Or (The Unexpected Virtue of Ignorance) (2014)
8435,112290,17,3.823529411764706,3.61,Boyhood (2014)
8436,112303,1,1.5,3.11,Think Like a Man Too (2014)
8437,112316,1,2.5,3.2,Jersey Boys (2014)
8438,112326,1,1.0,3.06,Nick Fury: Agent of S.H.I.E.L.D. (1998)
8439,112334,1,4.5,3.37,"Internet's Own Boy: The Story of Aaron Swartz, The (2014)"
8440,112370,4,1.875,2.88,Transformers: Age of Extinction (2014)
8441,112421,3,4.333333333333333,3.5,Frank (2014)
8442,112450,1,2.0,3.15,They Came Together (2014)
8443,112454,1,3.5,3.28,Honey (Miele) (2013)
8444,112460,2,2.25,3.1,Planes: Fire & Rescue (2014)
8445,112497,2,2.0,3.06,Tammy (2014)
8446,112512,1,5.0,3.42,Colourful (Karafuru) (2010)
8447,112515,3,4.5,3.54,"Babadook, The (2014)"
8448,112552,38,4.0394736842105265,3.87,Whiplash (2014)
8449,112556,37,3.7162162162162162,3.62,Gone Girl (2014)
8450,112580,1,4.0,3.33,"Angriest Man in Brooklyn, The (2014)"
8451,112623,15,3.433333333333333,3.36,Dawn of the Planet of the Apes (2014)
8452,112727,1,3.0,3.24,Deliver Us from Evil (2014)
8453,112749,1,2.0,3.15,And So It Goes (2014)
8454,112788,5,2.6,3.05,Sex Tape (2014)
8455,112804,3,3.8333333333333335,3.39,I Origins (2014)
8456,112818,5,3.3,3.27,"Purge: Anarchy, The (2014)"
8457,112852,59,4.0508474576271185,3.93,Guardians of the Galaxy (2014)
8458,112868,1,4.5,3.37,"Signal, The (2014)"
8459,112897,3,3.5,3.32,The Expendables 3 (2014)
8460,112911,4,2.0,2.91,Hercules (2014)
8461,112940,1,4.5,3.37,A Most Wanted Man (2014)
8462,113159,1,3.5,3.28,Life After Beth (2014)
8463,113186,1,3.0,3.24,Felony (2013)
8464,113207,1,3.5,3.28,Get on Up (2014)
8465,113225,1,3.0,3.24,Magic in the Moonlight (2014)
8466,113252,2,4.25,3.42,Housebound (2014)
8467,113275,1,4.5,3.37,The Hundred-Foot Journey (2014)
8468,113278,1,3.0,3.24,Batman: Assault on Arkham (2014)
8469,113280,1,4.0,3.33,White Frog (2012)
8470,113313,1,3.5,3.28,"Den, The (2013)"
8471,113345,2,2.0,3.06,Jupiter Ascending (2015)
8472,113348,4,2.75,3.12,Teenage Mutant Ninja Turtles (2014)
8473,113350,1,1.5,3.11,I'll Follow You Down (2013)
8474,113374,1,3.0,3.24,"Old Lady and the Pigeons, The (La vieille dame et les pigeons) (1997)"
8475,113378,5,2.3,2.95,"Giver, The (2014)"
8476,113394,1,4.0,3.33,"Pretty One, The (2013)"
8477,113416,1,1.5,3.11,Revenge of the Green Dragons (2014)
8478,113453,5,3.1,3.21,Let's Be Cops (2014)
8479,113532,2,3.5,3.3,"Inbetweeners 2, The (2014)"
8480,113565,1,4.0,3.33,"Sacrament, The (2013)"
8481,113573,4,3.25,3.26,Sin City: A Dame to Kill For (2014)
8482,113604,1,2.0,3.15,If I Stay (2014)
8483,113705,1,3.5,3.28,"Two Days, One Night (Deux jours, une nuit) (2014)"
8484,113741,2,4.0,3.38,Coherence (2013)
8485,113780,1,3.0,3.24,"As Above, So Below (2014)"
8486,113829,1,5.0,3.42,"One I Love, The (2014)"
8487,113849,1,2.5,3.2,Headshot (2011)
8488,113862,1,4.0,3.33,"Guest, The (2014)"
8489,114028,2,4.0,3.38,Pride (2014)
8490,114044,1,3.5,3.28,Honeymoon (2014)
8491,114060,3,2.8333333333333335,3.17,The Drop (2014)
8492,114066,1,4.0,3.33,"20,000 Days on Earth (2014)"
8493,114074,3,3.3333333333333335,3.28,The Skeleton Twins (2014)
8494,114126,1,2.5,3.2,Beautiful Losers (2008)
8495,114180,16,2.9375,3.07,"Maze Runner, The (2014)"
8496,114184,1,3.5,3.28,Camp X-Ray (2014)
8497,114246,1,3.0,3.24,"Walk Among the Tombstones, A (2014)"
8498,114265,1,5.0,3.42,Laggies (2014)
8499,114335,1,3.0,3.24,La cravate (1957)
8500,114396,1,1.5,3.11,Cesar Chavez (2014)
8501,114494,1,1.5,3.11,Who Am I (Kein System Ist Sicher) (2014)
8502,114554,1,1.0,3.06,"Tale of Princess Kaguya, The (Kaguyahime no monogatari) (2013)"
8503,114601,2,2.75,3.18,This Is Where I Leave You (2014)
8504,114627,2,3.25,3.26,Angel's Egg (Tenshi no tamago) (1985)
8505,114662,15,3.8,3.58,American Sniper (2014)
8506,114670,1,3.5,3.28,Tusk (2014)
8507,114678,2,4.25,3.42,Hector and the Search for Happiness (2014)
8508,114707,1,3.0,3.24,Horns (2014)
8509,114713,2,3.0,3.22,Annabelle (2014)
8510,114762,3,2.8333333333333335,3.17,Two Night Stand (2014)
8511,114795,4,3.5,3.33,Dracula Untold (2014)
8512,114818,3,2.1666666666666665,3.02,Stretch (2014)
8513,114847,1,3.0,3.24,Autómata (Automata) (2014)
8514,114925,1,2.0,3.15,"Captive, The (2014)"
8515,114935,10,3.9,3.58,Predestination (2014)
8516,115065,1,2.0,3.15,Justin and the Knights of Valour (2013)
8517,115111,1,3.5,3.28,Ward 13 (2003)
8518,115122,3,4.833333333333333,3.61,What We Do in the Shadows (2014)
8519,115149,29,3.8448275862068964,3.69,John Wick (2014)
8520,115151,1,2.0,3.15,Plastic (2014)
8521,115170,1,2.5,3.2,"Judge, The (2014)"
8522,115203,1,3.0,3.24,"Culture High, The (2014)"
8523,115210,13,3.769230769230769,3.54,Fury (2014)
8524,115216,1,3.0,3.24,"Salvation, The (2014)"
8525,115231,2,3.25,3.26,St. Vincent (2014)
8526,115502,1,3.5,3.28,"Rewrite, The (2014)"
8527,115569,18,4.166666666666667,3.84,Nightcrawler (2014)
8528,115617,41,3.8536585365853657,3.73,Big Hero 6 (2014)
8529,115664,2,4.0,3.38,The Book of Life (2014)
8530,115667,1,3.5,3.28,"Love, Rosie (2014)"
8531,115680,3,3.8333333333333335,3.39,Time Lapse (2014)
8532,115713,28,3.9107142857142856,3.74,Ex Machina (2015)
8533,115727,1,5.0,3.42,Crippled Avengers (Can que) (Return of the 5 Deadly Venoms) (1981)
8534,115819,1,3.0,3.24,Mr Hublot (2013)
8535,115828,1,4.5,3.37,Copenhagen (2014)
8536,115877,3,3.6666666666666665,3.35,"Simpsons: The Longest Daycare, The (2012)"
8537,115969,1,4.0,3.33,Generation War (2013)
8538,116044,1,1.5,3.11,Christmas in Connecticut (1992)
8539,116138,1,2.0,3.15,Leviathan (2014)
8540,116169,1,2.5,3.2,Reign of Assassins (2010)
8541,116207,1,1.5,3.11,Zulu (2013)
8542,116411,1,4.5,3.37,Tangerines (2013)
8543,116413,1,3.0,3.24,Life Partners (2014)
8544,116419,1,1.5,3.11,Drive Hard (2014)
8545,116505,1,3.0,3.24,New Kids Nitro (2011)
8546,116529,1,3.0,3.24,Stalingrad (2013)
8547,116668,2,4.0,3.38,Dead Snow 2: Red vs. Dead (2014) 
8548,116718,1,3.5,3.28,Volga - Volga (1938)
8549,116724,1,4.0,3.33,You Are the Apple of My Eye (2011)
8550,116738,1,3.5,3.28,DeadHeads (2011)
8551,116797,50,4.02,3.89,The Imitation Game (2014)
8552,116799,6,3.6666666666666665,3.41,Inherent Vice (2014)
8553,116817,1,4.5,3.37,Rudderless (2014)
8554,116823,23,3.869565217391304,3.68,The Hunger Games: Mockingjay - Part 1 (2014)
8555,116849,1,2.5,3.2,Sex Ed (2014)
8556,116887,2,2.75,3.18,Exodus: Gods and Kings (2014)
8557,116897,10,4.25,3.75,Wild Tales (2014)
8558,116941,1,2.0,3.15,Jetsons: The Movie (1990)
8559,116963,1,1.5,3.11,Ski School (1991)
8560,116977,3,2.3333333333333335,3.05,Dumb and Dumber To (2014)
8561,116985,1,1.5,3.11,The Longest Week (2014)
8562,117107,1,2.5,3.2,Miss Meadows (2014)
8563,117109,2,3.0,3.22,Too Many Cooks (2014)
8564,117133,1,3.5,3.28,Painted Skin (2008)
8565,117176,17,3.7058823529411766,3.54,The Theory of Everything (2014)
8566,117192,3,4.5,3.54,Doctor Who: The Time of the Doctor (2013)
8567,117364,1,4.0,3.33,Virunga (2014)
8568,117368,1,3.5,3.28,The Madagascar Penguins in a Christmas Caper (2005)
8569,117444,1,3.0,3.24,Song of the Sea (2014)
8570,117466,3,3.5,3.32,In the Heart of the Sea (2015)
8571,117511,1,3.0,3.24,Hello Ladies: The Movie (2014)
8572,117529,23,3.260869565217391,3.26,Jurassic World (2015)
8573,117531,1,5.0,3.42,Watermark (2014)
8574,117533,4,3.875,3.43,Citizenfour (2014)
8575,117545,2,3.75,3.34,Asterix: The Land of the Gods (Astérix: Le domaine des dieux) (2014)
8576,117572,1,2.5,3.2,Hit by Lightning (2014)
8577,117590,11,3.6363636363636362,3.45,Horrible Bosses 2 (2014)
8578,117630,1,1.0,3.06,Double Trouble (1992)
8579,117646,1,4.5,3.37,Dragonheart 2: A New Beginning (2000)
8580,117849,1,4.5,3.37,La Belle Verte (1996)
8581,117851,5,3.7,3.4,Penguins of Madagascar (2014)
8582,117867,1,4.0,3.33,'71 (2014)
8583,117877,1,3.0,3.24,The Rabbi's Cat (Le chat du rabbin) (2011)
8584,117881,5,3.8,3.44,Still Alice (2014)
8585,117887,4,4.0,3.47,Paddington (2014)
8586,117895,6,1.8333333333333333,2.74,Maze Runner: Scorch Trials (2015)
8587,117922,1,3.5,3.28,Ice Age: A Mammoth Christmas (2011)
8588,118082,1,3.5,3.28,The Voices (2014)
8589,118166,1,3.5,3.28,Courier (1987)
8590,118198,1,2.5,3.2,The Green Prince (2014)
8591,118248,1,1.5,3.11,Dying of the Light (2014)
8592,118270,1,5.0,3.42,Hellbenders (2012)
8593,118290,1,2.0,3.15,Omega Doom (1996)
8594,118326,1,2.0,3.15,By the Gun (2014)
8595,118354,1,3.0,3.24,Kill the Messenger (2014)
8596,118512,1,1.5,3.11,Bring It On: In It To Win It (2007)
8597,118530,1,4.5,3.37,Fans (1999)
8598,118572,2,3.5,3.3,The Mule (2014)
8599,118696,18,3.4166666666666665,3.36,The Hobbit: The Battle of the Five Armies (2014)
8600,118700,2,2.5,3.14,Selma (2014)
8601,118702,3,2.5,3.09,Unbroken (2014)
8602,118706,1,4.0,3.33,Black Sea (2015)
8603,118784,1,3.5,3.28,Good Copy Bad Copy (2007)
8604,118814,1,2.0,3.15,Playing It Cool (2014)
8605,118834,1,5.0,3.42,National Lampoon's Bag Boy (2007)
8606,118862,1,4.0,3.33,Closer to the Moon (2013)
8607,118880,2,3.5,3.3,"Girl Walks Home Alone at Night, A (2014)"
8608,118888,2,4.25,3.42,Dave Chappelle: For What it's Worth (2004)
8609,118894,1,5.0,3.42,Scooby-Doo! Abracadabra-Doo (2010)
8610,118896,1,4.0,3.33,Mommy (2014)
8611,118900,5,2.9,3.14,Wild (2014)
8612,118924,2,3.0,3.22,Top Five (2014)
8613,118930,1,4.5,3.37,Bill Burr: I'm Sorry You Feel That Way (2014)
8614,118985,2,3.75,3.34,Big Eyes (2014)
8615,118997,5,2.8,3.11,Into the Woods (2014)
8616,119068,1,2.0,3.15,"Men, Women & Children (2014)"
8617,119141,12,3.4583333333333335,3.37,The Interview (2014)
8618,119145,36,3.986111111111111,3.82,Kingsman: The Secret Service (2015)
8619,119153,1,4.5,3.37,Bill Burr: You People Are All the Same (2012)
8620,119155,6,3.5,3.35,Night at the Museum: Secret of the Tomb (2014)
8621,119167,1,3.5,3.28,Paradox (2010)
8622,119218,1,2.5,3.2,The Punisher: Dirty Laundry (2012)
8623,119655,2,2.25,3.1,Seventh Son (2014)
8624,119714,1,3.5,3.28,Corner Gas: The Movie (2014)
8625,119828,1,3.0,3.24,A Man Called Blade (1977)
8626,119964,1,2.0,3.15,A Merry Friggin' Christmas (2014)
8627,120130,1,5.0,3.42,Into the Forest of Fireflies' Light (2011)
8628,120138,1,5.0,3.42,PK (2014)
8629,120466,10,3.25,3.26,Chappie (2015)
8630,120478,3,4.333333333333333,3.5,The Salt of the Earth (2014)
8631,120625,1,4.5,3.37,The Fool (2014)
8632,120635,5,2.7,3.08,Taken 3 (2015)
8633,120637,2,2.5,3.14,Blackhat (2015)
8634,120761,1,3.5,3.28,By the Law (1926)
8635,120783,1,2.5,3.2,Son of a Gun (2014)
8636,120799,9,2.5,2.91,Terminator Genisys (2015)
8637,120807,1,4.0,3.33,John Mulaney: New In Town (2012)
8638,120813,1,4.5,3.37,Patton Oswalt: My Weakness Is Strong (2009)
8639,120827,1,3.0,3.24,The Hound of the Baskervilles (1988)
8640,120919,1,3.0,3.24,Man on High Heels (2014)
8641,121007,1,4.0,3.33,Space Buddies (2009)
8642,121035,1,2.0,3.15,Houdini (2014)
8643,121097,2,2.75,3.18,To Grandmother's House We Go (1992)
8644,121099,1,2.5,3.2,101 Dalmatians II: Patch's London Adventure (2003)
8645,121129,1,2.5,3.2,The Hungover Games (2014)
8646,121169,1,3.5,3.28,The Duke of Burgundy (2014)
8647,121171,1,4.0,3.33,Red Army (2014)
8648,121231,4,4.125,3.5,It Follows (2014)
8649,121253,1,3.0,3.24,The Town that Dreaded Sundown (2014)
8650,121338,1,4.5,3.37,Carry on Cabby (1963)
8651,121342,1,3.5,3.28,Carry on Cruising (1962)
8652,121372,1,4.5,3.37,Bill Burr: Let It Go (2010)
8653,121374,1,4.5,3.37,Bill Burr: Why Do I Do This? (2008)
8654,121469,1,4.5,3.37,Killer Movie (2008)
8655,121715,1,3.5,3.28,Sebastian Maniscalco: What's Wrong with People? (2012)
8656,121781,1,5.0,3.42,Stuart Little 3: Call of the Wild (2005)
8657,122092,1,5.0,3.42,Guy X (2005)
8658,122246,1,0.5,3.02,Tooth Fairy 2 (2012)
8659,122260,1,2.5,3.2,The Diary of Anne Frank (2009)
8660,122433,1,1.0,3.06,The Deadly Bees (1967)
8661,122490,1,1.5,3.11,Wicked Blood (2014)
8662,122627,1,0.5,3.02,Oblivion 2: Backlash (1996)
8663,122882,47,3.8191489361702127,3.72,Mad Max: Fury Road (2015)
8664,122884,2,2.5,3.14,Insidious: Chapter 3 (2015)
8665,122886,41,3.8536585365853657,3.73,Star Wars: Episode VII - The Force Awakens (2015)
8666,122888,1,0.5,3.02,Ben-hur (2016)
8667,122890,6,3.4166666666666665,3.32,Warcraft (2016)
8668,122892,27,3.5185185185185186,3.45,Avengers: Age of Ultron (2015)
8669,122896,7,3.7857142857142856,3.47,Pirates of the Caribbean: Dead Men Tell No Tales (2017)
8670,122898,6,2.5,2.98,Justice League (2017)
8671,122900,27,3.7222222222222223,3.59,Ant-Man (2015)
8672,122902,5,2.1,2.88,Fantastic Four (2015)
8673,122904,54,3.8333333333333335,3.74,Deadpool (2016)
8674,122906,11,3.727272727272727,3.5,Black Panther (2017)
8675,122912,13,4.0,3.67,Avengers: Infinity War - Part I (2018)
8676,122916,20,4.025,3.76,Thor: Ragnarok (2017)
8677,122918,27,3.925925925925926,3.74,Guardians of the Galaxy 2 (2017)
8678,122920,22,3.6136363636363638,3.5,Captain America: Civil War (2016)
8679,122922,22,3.7045454545454546,3.56,Doctor Strange (2016)
8680,122924,14,3.0714285714285716,3.15,X-Men: Apocalypse (2016)
8681,122926,16,4.15625,3.8,Untitled Spider-Man Reboot (2017)
8682,122932,1,2.0,3.15,Elsa & Fred (2014)
8683,123200,1,4.5,3.37,Jim Jefferies: I Swear to God (2009)
8684,123310,1,2.0,3.15,Tornado! (1996)
8685,123545,1,3.0,3.24,The Blue Lagoon (1949)
8686,123553,1,1.0,3.06,In the Name of the King III (2014)
8687,123947,2,2.75,3.18,Cake (2014)
8688,124273,1,4.5,3.37,Kevin Smith: Too Fat For 40 (2010)
8689,124404,1,5.0,3.42,"Snowflake, the White Gorilla (2011)"
8690,124484,1,3.0,3.24,Kenny & Company (1976)
8691,124851,1,5.0,3.42,Delirium (2014)
8692,124853,1,4.0,3.33,Why Man Creates (1968)
8693,124859,1,2.0,3.15,The Gambler (2014)
8694,125221,1,0.5,3.02,The Beast of Hollow Mountain (1956)
8695,125914,1,3.0,3.24,Mortdecai (2015)
8696,125916,3,1.0,2.75,Fifty Shades of Grey (2015)
8697,125970,1,3.5,3.28,Halloweentown (1998)
8698,125974,2,3.75,3.34,Halloweentown High (2004)
8699,126088,1,5.0,3.42,A Flintstones Christmas Carol (1994)
8700,126090,1,4.5,3.37,Hedgehog in the Fog (1975)
8701,126142,1,4.0,3.33,The Cave of the Golden Rose (1991)
8702,126420,1,1.5,3.11,American Heist (2015)
8703,126426,1,4.0,3.33,Solyaris (1968)
8704,126430,2,4.75,3.5,The Pacific (2010)
8705,126482,1,3.0,3.24,Strange Magic (2015)
8706,126548,6,3.25,3.26,The DUFF (2015)
8707,126577,1,4.0,3.33,"Daddy, I'm A Zombie (2012)"
8708,126921,1,5.0,3.42,The Fox and the Hound 2 (2006)
8709,127052,3,3.8333333333333335,3.39,Operation 'Y' & Other Shurik's Adventures (1965)
8710,127096,4,3.75,3.4,Project Almanac (2015)
8711,127098,4,4.375,3.57,Louis C.K.: Live at The Comedy Store (2015)
8712,127108,4,3.875,3.43,Brooklyn (2015)
8713,127114,1,4.0,3.33,The End of the Tour (2015)
8714,127116,1,4.5,3.37,Experimenter (2015)
8715,127130,1,4.0,3.33,Mistress America (2015)
8716,127132,1,2.0,3.15,Zipper (2015)
8717,127134,1,3.5,3.28,A Walk in the Woods (2015)
8718,127136,2,3.25,3.26,True Story (2015)
8719,127146,1,3.0,3.24,Kurt Cobain: Montage of Heck (2015)
8720,127152,2,4.25,3.42,Going Clear: Scientology and the Prison of Belief (2015)
8721,127164,1,3.5,3.28,"What Happened, Miss Simone? (2015)"
8722,127172,1,3.5,3.28,A Story of Children and Film (2013)
8723,127180,1,4.0,3.33,"Story of Film: An Odyssey, The (2011)"
8724,127184,1,4.0,3.33,Eden (2014)
8725,127194,1,2.0,3.15,The D Train (2015)
8726,127198,6,3.5833333333333335,3.38,Dope (2015)
8727,127202,6,3.75,3.44,Me and Earl and the Dying Girl (2015)
8728,127204,2,3.75,3.34,The Overnight (2015)
8729,127212,1,4.5,3.37,The Stanford Prison Experiment (2015)
8730,127298,2,4.0,3.38,A Pigeon Sat on a Branch Reflecting on Existence (2014)
8731,127319,1,1.5,3.11,The Loft (2014)
8732,127323,1,1.0,3.06,Vice (2015)
8733,127390,1,4.0,3.33,Family Guy Presents: Blue Harvest (2007)
8734,128087,1,5.0,3.42,Trinity and Sartana Are Coming (1972)
8735,128089,1,4.5,3.37,Kevin Hart: I'm a Grown Little Man (2009)
8736,128097,1,4.0,3.33,Jim Norton: American Degenerate (2013)
8737,128099,1,4.5,3.37,Jim Jefferies: BARE (2014)
8738,128197,1,2.0,3.15,Hard Promises (1991)
8739,128360,18,3.75,3.57,The Hateful Eight (2015)
8740,128366,1,4.0,3.33,Patton Oswalt: Tragedy Plus Comedy Equals Time (2014)
8741,128488,1,3.0,3.24,Wild Card (2015)
8742,128512,2,2.0,3.06,Paper Towns (2015)
8743,128520,5,3.8,3.44,The Wedding Ringer (2015)
8744,128542,1,3.5,3.28,Wyrmwood (2015)
8745,128592,1,1.0,3.06,The Boy Next Door (2015)
8746,128594,1,4.0,3.33,Boy Meets Girl (2015)
8747,128620,5,3.9,3.47,Victoria (2015)
8748,128695,1,2.5,3.2,The Dark Valley (2014)
8749,128736,1,3.5,3.28,I'm Here (2010)
8750,128832,1,3.5,3.28,The Last Five Years (2014)
8751,128838,1,3.5,3.28,Crimson Peak (2015)
8752,128842,1,4.0,3.33,Dragonheart 3: The Sorcerer's Curse (2015)
8753,128852,2,3.75,3.34,Chris Rock: Bigger & Blacker (1999)
8754,128900,1,4.5,3.37,The Natural Love (1996)
8755,128902,1,4.0,3.33,The Forgotten Space (2010)
8756,128908,1,4.0,3.33,Cloudburst (2011)
8757,128914,1,5.0,3.42,Tom Segura: Completely Normal (2014)
8758,128944,1,3.5,3.28,"Honey, We Shrunk Ourselves (1997)"
8759,128968,2,4.0,3.38,Stitch! The Movie (2003)
8760,128975,4,2.875,3.15,Hot Tub Time Machine 2 (2015)
8761,128991,1,4.5,3.37,Johnny Express (2014)
8762,129011,1,3.5,3.28,Eddie Izzard: Glorious (1997)
8763,129229,1,2.0,3.15,Northmen - A Viking Saga (2014)
8764,129250,1,0.5,3.02,Superfast! (2015)
8765,129313,1,4.0,3.33,Reality (2014)
8766,129333,1,1.5,3.11,Julia (2014)
8767,129354,10,3.25,3.26,Focus (2015)
8768,129397,2,2.75,3.18,Marvel One-Shot: Item 47 (2012)
8769,129428,2,3.0,3.22,The Second Best Exotic Marigold Hotel (2015)
8770,129514,1,5.0,3.42,George Carlin: It's Bad for Ya! (2008)
8771,129657,1,1.0,3.06,Tracers (2015)
8772,129659,1,3.5,3.28,"McFarland, USA (2015)"
8773,129737,2,2.25,3.1,Unfinished Business (2015)
8774,129779,1,2.5,3.2,Ghost in the Shell Arise - Border 1: Ghost Pain (2013)
8775,129937,3,2.1666666666666665,3.02,Run All Night (2015)
8776,130050,1,3.0,3.24,Digging Up the Marrow (2014)
8777,130052,1,3.5,3.28,Clown (2014)
8778,130073,1,4.0,3.33,Cinderella (2015)
8779,130083,1,2.0,3.15,Kidnapping Mr. Heineken (2015)
8780,130087,2,3.75,3.34,The Cobbler (2015)
8781,130444,1,4.0,3.33,Ruby Red (2013)
8782,130450,3,2.5,3.09,Pan (2015)
8783,130452,1,4.0,3.33,While We're Young (2014)
8784,130482,1,4.0,3.33,Too Late for Tears (1949)
8785,130490,6,2.8333333333333335,3.11,Insurgent (2015)
8786,130498,1,3.5,3.28,La vérité si je mens ! (1997)
8787,130518,3,4.0,3.43,The Amazing Screw-On Head (2006)
8788,130520,8,3.25,3.26,Home (2015)
8789,130576,4,2.375,3.02,Midnight Special (2015)
8790,130578,1,4.0,3.33,"Gunman, The (2015)"
8791,130634,6,2.75,3.07,Furious 7 (2015)
8792,130686,1,3.0,3.24,The Final Girls (2015)
8793,130840,1,4.5,3.37,Spring (2015)
8794,130842,1,4.0,3.33,Power/Rangers (2015)
8795,130970,1,5.0,3.42,George Carlin: Life Is Worth Losing (2005)
8796,130976,1,4.5,3.37,Legend No. 17 (2013)
8797,130978,1,5.0,3.42,Love and Pigeons (1985)
8798,131013,8,3.125,3.2,Get Hard (2015)
8799,131023,1,4.5,3.37,That Sugar Film (2014)
8800,131098,1,5.0,3.42,Saving Santa (2013)
8801,131104,1,4.5,3.37,The Brain (1969)
8802,131130,1,5.0,3.42,Tom and Jerry: A Nutcracker Tale (2007)
8803,131237,1,5.0,3.42,What Men Talk About (2010)
8804,131439,1,3.0,3.24,Kill Me Three Times (2014)
8805,131480,1,2.0,3.15,Poker Night (2014)
8806,131578,1,2.5,3.2,Reckless Kelly (1994)
8807,131610,1,5.0,3.42,Willy/Milly (1986)
8808,131656,2,3.0,3.22,Shaun the Sheep Movie (2015)
8809,131714,3,3.0,3.2,Last Knights (2015)
8810,131724,1,5.0,3.42,The Jinx: The Life and Deaths of Robert Durst (2015)
8811,131739,1,3.0,3.24,Batman vs. Robin (2015)
8812,131749,1,3.0,3.24,Libre et assoupi (2014)
8813,131796,1,4.0,3.33,Woman in Gold (2015)
8814,131826,2,3.75,3.34,Iliza Shlesinger: Freezing Hot (2015)
8815,131920,1,4.5,3.37,The Road Within (2014)
8816,131934,1,1.0,3.06,The Malibu Bikini Shop (1986)
8817,132046,7,2.5,2.96,Tomorrowland (2015)
8818,132084,1,2.5,3.2,Let It Be Me (1995)
8819,132153,1,5.0,3.42,Buzzard (2015)
8820,132157,4,2.75,3.12,Paul Blart: Mall Cop 2 (2015)
8821,132333,1,5.0,3.42,Seve (2014)
8822,132335,1,1.0,3.06,Breathe (2014)
8823,132362,1,3.5,3.28,Patlabor 2: The Movie (1993)
8824,132422,2,3.25,3.26,Da Sweet Blood of Jesus (2014)
8825,132424,2,1.75,3.02,The Longest Ride (2015)
8826,132454,1,3.5,3.28,Girltrash: All Night Long (2014)
8827,132462,1,1.0,3.06,Sword of Vengeance (2014)
8828,132488,1,2.0,3.15,Lovesick (2014)
8829,132496,1,4.5,3.37,Danny Collins (2015)
8830,132584,1,3.5,3.28,The Even Stevens Movie (2003)
8831,132618,1,1.5,3.11,Kite (2014)
8832,132660,2,3.75,3.34,Man Up (2015)
8833,132796,4,1.875,2.88,San Andreas (2015)
8834,132800,2,3.0,3.22,Welcome to Me (2014)
8835,132888,1,3.0,3.24,Comedy Central Roast of James Franco (2013)
8836,133115,1,4.0,3.33,We Could Be King (2014)
8837,133195,1,1.5,3.11,Hitman: Agent 47 (2015)
8838,133217,1,3.5,3.28,B/W (2015)
8839,133281,1,2.0,3.15,Ricki and the Flash (2015)
8840,133365,1,2.0,3.15,Partisan (2015)
8841,133377,1,1.5,3.11,Infini (2015)
8842,133419,9,3.4444444444444446,3.35,Pitch Perfect 2 (2015)
8843,133545,1,1.0,3.06,Just Before I Go (2014)
8844,133645,1,4.0,3.33,Carol (2015)
8845,133712,2,3.75,3.34,Office Romance (1977)
8846,133716,1,4.5,3.37,Bootleggers (1961)
8847,133771,7,4.0,3.56,The Lobster (2015)
8848,133780,1,3.0,3.24,Güeros (2014)
8849,133782,1,2.0,3.15,Maggie (2015)
8850,133798,1,1.5,3.11,Hot Pursuit (2015)
8851,133802,2,4.25,3.42,Slow West (2015)
8852,133832,1,3.5,3.28,The Green Inferno (2014)
8853,133867,1,4.5,3.37,Barely Lethal (2015)
8854,133879,1,4.0,3.33,Carry On Don't Lose Your Head (1966)
8855,134004,1,5.0,3.42,What Love Is (2007)
8856,134019,1,3.5,3.28,The Monkey King (1964)
8857,134021,1,2.5,3.2,5 to 7 (2014)
8858,134041,1,4.0,3.33,Afonya (1975)
8859,134095,1,5.0,3.42,My Love (2006)
8860,134109,1,5.0,3.42,Radio Day (2008)
8861,134130,48,4.0,3.87,The Martian (2015)
8862,134158,1,1.5,3.11,Return to Sender (2015)
8863,134170,7,3.7142857142857144,3.44,Kung Fury (2015)
8864,134184,1,4.5,3.37,Elections Day (2007)
8865,134214,4,3.5,3.33,Youth (2015)
8866,134246,1,0.5,3.02,Survivor (2015)
8867,134248,1,3.0,3.24,Hot Girls Wanted (2015)
8868,134252,1,4.5,3.37,That Munchhausen (1979)
8869,134326,1,4.5,3.37,The Taming of the Scoundrel (1980)
8870,134334,1,4.5,3.37,Phir Hera Pheri (2006)
8871,134368,16,3.6875,3.52,Spy (2015)
8872,134393,10,3.2,3.23,Trainwreck (2015)
8873,134515,1,3.0,3.24,BMX Bandits (1983)
8874,134524,1,3.0,3.24,Turtle Power: The Definitive History of the Teenage Mutant Ninja Turtles (2014)
8875,134528,1,0.5,3.02,Aloha (2015)
8876,134775,1,2.0,3.15,Dragon Blade (2015)
8877,134783,1,2.0,3.15,Entourage (2015)
8878,134796,1,5.0,3.42,Bitter Lake (2015)
8879,134808,1,2.0,3.15,No Way Jose (2015)
8880,134847,1,5.0,3.42,Ghost Graduation (2012)
8881,134849,1,4.0,3.33,Duck Amuck (1953)
8882,134853,43,3.813953488372093,3.71,Inside Out (2015)
8883,134859,1,3.5,3.28,The Wolfpack (2015)
8884,134861,1,2.5,3.2,Trevor Noah: African American (2013)
8885,134881,3,4.333333333333333,3.5,Love & Mercy (2014)
8886,135133,10,3.7,3.48,The Hunger Games: Mockingjay - Part 2 (2015)
8887,135137,6,2.5833333333333335,3.01,Pixels (2015)
8888,135143,14,3.6785714285714284,3.5,Fantastic Beasts and Where to Find Them (2016)
8889,135198,1,4.0,3.33,The Hairdresser (2010)
8890,135216,1,0.5,3.02,The Star Wars Holiday Special (1978)
8891,135288,1,3.0,3.24,Mr. Holmes (2015)
8892,135436,7,3.0714285714285716,3.19,The Secret Life of Pets (2016)
8893,135456,2,3.25,3.26,Ghost in the Shell: Stand Alone Complex - The Laughing Man (2005)
8894,135518,2,2.75,3.18,Self/less (2015)
8895,135532,3,3.3333333333333335,3.28,The Last Witch Hunter (2015)
8896,135534,1,3.5,3.28,Krampus (2015)
8897,135536,12,2.9166666666666665,3.08,Suicide Squad (2016)
8898,135567,4,2.375,3.02,Independence Day: Resurgence (2016)
8899,135569,15,3.466666666666667,3.38,Star Trek Beyond (2016)
8900,135777,1,4.5,3.37,Golmaal (2006)
8901,135787,1,3.5,3.28,Bruce Lee: A Warrior's Journey (2000)
8902,135803,1,3.5,3.28,Five Element Ninjas (1982)
8903,135815,1,4.0,3.33,The Magnificent Ruffians (1979)
8904,135861,9,2.7777777777777777,3.04,Ted 2 (2015)
8905,135885,1,3.0,3.24,Absolutely Anything (2015)
8906,135887,15,3.1666666666666665,3.21,Minions (2015)
8907,135937,1,3.0,3.24,The Silence of the Hams (1994)
8908,136012,1,1.5,3.11,Bloodsport III (1996)
8909,136016,4,3.0,3.19,The Good Dinosaur (2015)
8910,136018,3,2.5,3.09,Black Mass (2015)
8911,136020,17,3.0588235294117645,3.14,Spectre (2015)
8912,136024,1,3.0,3.24,The Professional: Golgo 13 (1983)
8913,136297,1,0.5,3.02,Mortal Kombat: The Journey Begins (1995)
8914,136305,2,1.0,2.9,Sharknado 3: Oh Hell No! (2015)
8915,136341,1,5.0,3.42,Scooby-Doo! and the Samurai Sword (2009)
8916,136353,1,5.0,3.42,Scooby-Doo! and the Loch Ness Monster (2004)
8917,136355,1,5.0,3.42,Big Top Scooby-Doo! (2012)
8918,136359,1,5.0,3.42,Scooby-Doo Goes Hollywood (1979)
8919,136443,1,1.5,3.11,Gabriel Iglesias: Hot and Fluffy (2007)
8920,136445,1,5.0,3.42,George Carlin: Back in Town (1996)
8921,136447,1,5.0,3.42,George Carlin: You Are All Diseased (1999)
8922,136449,2,3.75,3.34,Ghost in the Shell 2.0 (2008)
8923,136469,1,5.0,3.42,Larry David: Curb Your Enthusiasm (1999)
8924,136471,1,3.5,3.28,Kevin Hart: Laugh at My Pain (2011)
8925,136503,1,5.0,3.42,Tom and Jerry: Shiver Me Whiskers (2006)
8926,136511,1,2.0,3.15,Jeff Dunham: All Over the Map (2014)
8927,136540,1,4.5,3.37,The FP (2012)
8928,136556,1,5.0,3.42,Kung Fu Panda: Secrets of the Masters (2011)
8929,136562,6,3.75,3.44,Steve Jobs (2015)
8930,136564,1,2.5,3.2,Macbeth (2015)
8931,136598,6,3.4166666666666665,3.32,Vacation (2015)
8932,136602,2,3.0,3.22,Creep (2014)
8933,136654,1,1.5,3.11,The Face of an Angel (2015)
8934,136664,1,1.0,3.06,Wild Horses (2015)
8935,136666,2,2.25,3.1,Search Party (2014)
8936,136778,1,2.0,3.15,The Squeeze (2015)
8937,136786,1,1.5,3.11,Careful What You Wish For (2015)
8938,136800,1,1.5,3.11,Robot Overlords (2014)
8939,136816,1,2.5,3.2,Bad Asses on the Bayou (2015)
8940,136834,1,5.0,3.42,The Eye: Infinity (2005)
8941,136838,1,2.5,3.2,Kiss me Kismet (2006)
8942,136840,1,3.5,3.28,Da geht noch was! (2013)
8943,136850,1,5.0,3.42,Villain (1971)
8944,136859,1,1.5,3.11,The Lovers (2015)
8945,136864,16,2.34375,2.71,Batman v Superman: Dawn of Justice (2016)
8946,136912,1,2.0,3.15,God Loves Caviar (2012)
8947,136958,1,2.0,3.15,Mortuary (1983)
8948,137218,1,2.5,3.2,April Morning (1988)
8949,137337,4,3.5,3.33,Amy (2015)
8950,137345,1,2.0,3.15,That Demon Within (2014)
8951,137517,1,0.5,3.02,Carnival Magic (1981)
8952,137595,1,4.0,3.33,Magic Mike XXL (2015)
8953,137857,11,3.6363636363636362,3.45,The Jungle Book (2016)
8954,137859,1,4.0,3.33,Dragon Ball Z Gaiden: The Plot to Destroy the Saiyans (1993)
8955,137863,1,4.0,3.33,Dragon Ball Z: Resurrection of F (2015)
8956,138036,18,3.4722222222222223,3.4,The Man from U.N.C.L.E. (2015)
8957,138186,1,0.5,3.02,Sorrow (2015)
8958,138204,2,4.0,3.38,7 Days in Hell (2015)
8959,138208,2,3.0,3.22,The Walk (2015)
8960,138210,5,3.3,3.27,13 Hours (2016)
8961,138396,1,3.5,3.28,There Will Come a Day (2013)
8962,138546,1,1.5,3.11,The Opposite Sex (2014)
8963,138610,1,1.5,3.11,The Gallows (2015)
8964,138632,1,5.0,3.42,Tokyo Tribe (2014)
8965,138702,1,3.0,3.24,Feast (2014)
8966,138798,1,0.5,3.02,Joe Dirt 2: Beautiful Loser (2015)
8967,138835,1,5.0,3.42,Return to Treasure Island (1988)
8968,138966,1,5.0,3.42,Nasu: Summer in Andalusia (2003)
8969,139052,1,2.0,3.15,Dark Places (2015)
8970,139130,1,2.5,3.2,Afro Samurai (2007)
8971,139157,1,4.5,3.37,Massu Engira Maasilamani (2015)
8972,139385,31,3.903225806451613,3.74,The Revenant (2015)
8973,139415,1,3.0,3.24,Irrational Man (2015)
8974,139511,1,3.0,3.24,Exte: Hair Extensions (2007)
8975,139640,1,5.0,3.42,Ooops! Noah is Gone... (2015)
8976,139642,6,2.8333333333333335,3.11,Southpaw (2015)
8977,139644,11,3.5454545454545454,3.41,Sicario (2015)
8978,139655,1,3.0,3.24,Goodnight Mommy (Ich seh ich seh) (2014)
8979,139717,2,1.25,2.94,10 Cent Pistol (2015)
8980,139747,1,3.5,3.28,Before We Go (2014)
8981,139855,2,3.25,3.26,Anomalisa (2015)
8982,139857,1,1.5,3.11,Colonia (2016)
8983,139859,1,2.5,3.2,Ghost in the Shell Arise - Border 2: Ghost Whispers (2013)
8984,139915,2,2.25,3.1,How to Make Love Like an Englishman (2014)
8985,139994,1,4.0,3.33,Fracchia contro Dracula (1985)
8986,140016,1,2.0,3.15,Always Watching: A Marble Hornets Story (2015)
8987,140038,1,4.5,3.37,Madly in Love (1981)
8988,140110,13,3.6538461538461537,3.48,The Intern (2015)
8989,140133,1,5.0,3.42,Hollywood Chainsaw Hookers (1988)
8990,140162,1,4.5,3.37,Love (2015)
8991,140174,8,3.5625,3.39,Room (2015)
8992,140237,1,2.0,3.15,The Runner (2015)
8993,140247,4,3.25,3.26,The Gift (2015)
8994,140265,1,5.0,3.42,George Carlin: Jammin' in New York (1992)
8995,140267,1,4.0,3.33,The Witch (2015)
8996,140289,1,4.0,3.33,Men & Chicken (2015)
8997,140301,1,3.0,3.24,The Escort (2015)
8998,140359,4,4.0,3.47,Doctor Who: The Waters of Mars (2009)
8999,140481,1,4.5,3.37,"Family Guy Presents: Something, Something, Something, Dark Side (2009)"
9000,140523,1,3.5,3.28,"Visit, The (2015)"
9001,140525,1,1.5,3.11,Secret in Their Eyes (2015)
9002,140541,1,4.0,3.33,The Electric Hotel (1908)
9003,140561,1,4.0,3.33,Jeff Ross Roasts Criminals: Live at Brazos County Jail (2015)
9004,140627,1,5.0,3.42,Battle For Sevastopol (2015)
9005,140711,6,2.6666666666666665,3.04,American Ultra (2015)
9006,140715,7,4.214285714285714,3.65,Straight Outta Compton (2015)
9007,140725,2,3.5,3.3,Cop Car (2015)
9008,140737,1,3.5,3.28,The Lost Room (2006)
9009,140816,1,4.5,3.37,Tangerine (2015)
9010,140850,1,2.0,3.15,Every Secret Thing (2014)
9011,140852,1,1.0,3.06,964 Pinocchio (1991)
9012,140928,5,3.2,3.24,Joy (2015)
9013,140956,4,3.5,3.33,Ready Player One
9014,141004,2,3.25,3.26,Victor Frankenstein (2015)
9015,141131,1,2.5,3.2,Guardians (2016)
9016,141400,1,4.0,3.33,Invincible Shaolin (1978)
9017,141408,2,3.75,3.34,Scouts Guide to the Zombie Apocalypse (2015)
9018,141422,1,2.5,3.2,Suffragette (2015)
9019,141513,1,4.0,3.33,Fort Tilden (2014)
9020,141544,3,3.5,3.32,Turbo Kid (2015)
9021,141646,1,3.5,3.28,The Unauthorized Saved by the Bell Story (2014)
9022,141668,1,0.5,3.02,War Room (2015)
9023,141688,2,3.5,3.3,Legend (2015)
9024,141718,1,5.0,3.42,Deathgasm (2015)
9025,141749,2,3.75,3.34,The Danish Girl (2015)
9026,141799,1,3.5,3.28,Cooties (2015)
9027,141810,1,4.0,3.33,Autumn Marathon (1979)
9028,141816,1,5.0,3.42,12 Chairs (1976)
9029,141818,1,4.5,3.37,Ordinary Miracle (1978)
9030,141820,1,4.0,3.33,Old Men: Robbers (1971)
9031,141830,2,3.25,3.26,Unbelievable Adventures of Italians in Russia (1974)
9032,141836,1,4.5,3.37,It Can't Be! (1975)
9033,141844,1,4.5,3.37,12 Chairs (1971)
9034,141846,1,4.0,3.33,Steve Jobs: The Man in the Machine (2015)
9035,141866,3,3.3333333333333335,3.28,Green Room (2015)
9036,141890,2,3.0,3.22,Beasts of No Nation (2015)
9037,141928,1,5.0,3.42,Bloodsucking Bastards (2015)
9038,141994,1,0.5,3.02,Saving Christmas (2014)
9039,142020,1,5.0,3.42,Oscar (1967)
9040,142056,1,3.0,3.24,Iron Man & Hulk: Heroes United (2013)
9041,142074,1,1.5,3.11,Knock Knock (2015)
9042,142115,2,4.75,3.5,The Blue Planet (2001)
9043,142196,1,4.5,3.37,Cornered! (2009)
9044,142222,4,3.125,3.22,Demolition (2016)
9045,142366,1,3.0,3.24,Cigarette Burns (2005)
9046,142372,2,2.75,3.18,Our Brand Is Crisis (2015)
9047,142420,2,3.0,3.22,High Rise (2015)
9048,142422,4,4.25,3.54,The Night Before (2015)
9049,142424,1,2.0,3.15,Into the Forest (2015)
9050,142444,1,5.0,3.42,The Editor (2015)
9051,142448,6,3.0833333333333335,3.2,Everest (2015)
9052,142456,2,4.0,3.38,The Brand New Testament (2015)
9053,142488,19,4.157894736842105,3.84,Spotlight (2015)
9054,142507,1,2.5,3.2,Pawn Sacrifice (2015)
9055,142509,2,3.75,3.34,Hardcore Henry (2015)
9056,142536,3,2.0,2.98,Burnt (2015)
9057,142550,1,4.5,3.37,Ryuzo and the Seven Henchmen (2015)
9058,142558,1,3.0,3.24,If I Were a Rich Man (2002)
9059,142598,1,4.0,3.33,Last Shift (2014)
9060,142602,1,1.0,3.06,"F*ck You, Goethe 2 (2015)"
9061,142831,1,4.5,3.37,Garam Masala (2005)
9062,142961,1,2.5,3.2,Life Eternal (2015)
9063,142997,4,2.875,3.15,Hotel Transylvania 2 (2015)
9064,143001,1,1.5,3.11,Anti-Social (2015)
9065,143031,1,5.0,3.42,Jump In! (2007)
9066,143245,2,2.25,3.1,The Little Prince (2015)
9067,143255,1,1.5,3.11,Narcopolis (2014)
9068,143257,2,3.0,3.22,Ashby (2015)
9069,143355,13,3.3076923076923075,3.29,Wonder Woman (2017)
9070,143365,1,2.5,3.2,The Circle (2016)
9071,143367,2,3.75,3.34,Silence (2016)
9072,143385,8,3.4375,3.34,Bridge of Spies (2015)
9073,143410,1,2.0,3.15,Hyena Road
9074,143458,1,4.0,3.33,The Great Hypnotist (2014)
9075,143472,1,1.5,3.11,Into the Grizzly Maze (2015)
9076,143511,1,5.0,3.42,Human (2015)
9077,143525,1,4.0,3.33,Chasuke's Journey (2015)
9078,143559,1,5.0,3.42,L.A. Slasher (2015)
9079,143859,8,2.8125,3.07,"Hail, Caesar! (2016)"
9080,143896,1,4.5,3.37,How To Change The World (2015)
9081,143969,3,2.8333333333333335,3.17,Er ist wieder da (2015)
9082,144210,1,4.0,3.33,Just Eat It: A Food Waste Story (2014)
9083,144222,1,3.0,3.24,Bros Before Hos (2013)
9084,144262,1,2.0,3.15,Slow Learners (2015)
9085,144352,1,0.5,3.02,Unforgiven (2013)
9086,144478,1,4.5,3.37,"Sex, Drugs & Taxation (2013)"
9087,144522,1,2.0,3.15,Sky High (2003)
9088,144606,1,4.0,3.33,Confessions of a Dangerous Mind (2002)
9089,144620,2,2.0,3.06,Goosebumps (2015)
9090,144714,1,1.5,3.11,The Perfect Guy (2015)
9091,144716,1,2.0,3.15,Rock the Kasbah (2015)
9092,144734,1,4.5,3.37,Freaks of Nature (2015)
9093,144976,2,4.5,3.46,Bone Tomahawk (2015)
9094,145080,1,2.5,3.2,Extraordinary Tales (2015)
9095,145150,1,3.0,3.24,The Dressmaker (2015)
9096,145283,1,3.5,3.28,Nowitzki: The Perfect Shot (2014)
9097,145418,1,4.0,3.33,Trumbo (2015)
9098,145491,1,3.5,3.28,Our Lips Are Sealed (2000)
9099,145724,1,0.5,3.02,Idaho Transfer (1973)
9100,145745,1,2.5,3.2,Witch Hunt (1999)
9101,145839,3,2.5,3.09,Concussion (2015)
9102,145935,1,1.5,3.11,"Peanuts Movie, The (2015)"
9103,145951,1,0.5,3.02,Bloodsport: The Dark Kumite (1999)
9104,145994,1,5.0,3.42,Formula of Love (1984)
9105,146024,1,4.0,3.33,A Man from Boulevard des Capucines (1987)
9106,146028,1,4.0,3.33,The Adventures of Sherlock Holmes and Dr. Watson: The Hound of the Baskervilles (1981)
9107,146210,1,3.0,3.24,Blue Mountain State: The Rise of Thadland (2015)
9108,146244,1,4.0,3.33,Dil To Pagal Hai (1997)
9109,146309,1,4.0,3.33,The Boy and the Beast (2015)
9110,146656,8,3.75,3.47,Creed (2015)
9111,146662,1,5.0,3.42,Dragons: Gift of the Night Fury (2011)
9112,146682,1,4.0,3.33,Twinsters (2015)
9113,146684,1,5.0,3.42,Cosmic Scrat-tastrophe (2015)
9114,146688,1,2.0,3.15,Solace (2015)
9115,146730,1,2.0,3.15,Lost in the Sun (2015)
9116,146986,1,4.0,3.33,Le Maître d'école (1981)
9117,147002,1,4.0,3.33,Eros (2004)
9118,147142,1,3.0,3.24,Those Happy Days (2006)
9119,147196,1,5.0,3.42,The Girls (1961)
9120,147250,1,5.0,3.42,The Adventures of Sherlock Holmes and Doctor Watson
9121,147282,1,4.0,3.33,What Men Still Talk About (2011)
9122,147286,1,5.0,3.42,The Adventures of Sherlock Holmes and Doctor Watson: The Treasures of Agra (1983)
9123,147300,1,5.0,3.42,Adventures Of Sherlock Holmes And Dr. Watson: The Twentieth Century Approaches (1986)
9124,147326,1,5.0,3.42,The Adventures of Sherlock Holmes and Doctor Watson: King of Blackmailers (1980)
9125,147328,1,5.0,3.42,The Adventures of Sherlock Holmes and Dr. Watson: Bloody Signature (1979)
9126,147330,1,5.0,3.42,Sherlock Holmes and Dr. Watson: Acquaintance (1979)
9127,147372,2,3.75,3.34,Doctor Who: Last Christmas (2014)
9128,147374,3,4.166666666666667,3.47,"Doctor Who: The Doctor, the Widow and the Wardrobe (2011)"
9129,147376,2,4.75,3.5,Doctor Who: A Christmas Carol (2010)
9130,147378,4,3.0,3.19,Doctor Who: Planet of the Dead (2009)
9131,147380,4,2.875,3.15,Doctor Who: The Next Doctor (2008)
9132,147382,3,4.5,3.54,Doctor Who: Voyage Of The Damned (2007)
9133,147384,4,4.0,3.47,Doctor Who: The Runaway Bride (2007)
9134,147410,1,5.0,3.42,A Perfect Day (2015)
9135,147657,1,4.0,3.33,Masked Avengers (1981)
9136,147662,1,3.0,3.24,Return of the One-Armed Swordsman (1969)
9137,147936,1,4.5,3.37,The Lord's Lantern in Budapest (1999)
9138,148166,1,3.5,3.28,Hitchcock/Truffaut (2015)
9139,148172,2,2.5,3.14,The 5th Wave (2016)
9140,148238,1,2.5,3.2,A Very Murray Christmas (2015)
9141,148424,2,3.75,3.34,Chi-Raq (2015)
9142,148482,1,3.0,3.24,Truth (2015)
9143,148592,1,3.0,3.24,Just Jim (2015)
9144,148626,26,3.9615384615384617,3.76,"Big Short, The (2015)"
9145,148632,1,4.5,3.37,Applesauce (2015)
9146,148652,2,3.25,3.26,The Ridiculous 6 (2015)
9147,148667,1,3.5,3.28,John Mulaney: The Comeback Kid (2015)
9148,148671,2,4.5,3.46,Saw (2003)
9149,148675,1,2.0,3.15,North Pole: Open For Christmas (2015)
9150,148709,1,2.0,3.15,Mojave (2015)
9151,148775,1,4.0,3.33,Wizards of Waverly Place: The Movie (2009)
9152,148881,2,4.5,3.46,World of Tomorrow (2015)
9153,148888,3,2.5,3.09,Zoolander 2 (2016)
9154,148956,4,3.125,3.22,How to Be Single (2016)
9155,148978,1,4.0,3.33,Blue Exorcist: The Movie (2012)
9156,148982,1,4.0,3.33,Devil Dog: The Hound of Hell (1978)
9157,149011,1,3.5,3.28,He Never Died (2015)
9158,149144,1,4.0,3.33,Parasyte: Part 1 (2014)
9159,149146,1,4.0,3.33,Parasyte: Part 2 (2015)
9160,149330,1,4.0,3.33,A Cosmic Christmas (1977)
9161,149334,1,3.0,3.24,Nocturnal Animals
9162,149350,1,5.0,3.42,Lumberjack Man (2015)
9163,149352,6,2.6666666666666665,3.04,Daddy's Home (2015)
9164,149354,7,2.5,2.96,Sisters (2015)
9165,149380,1,1.5,3.11,'Tis the Season for Love (2015)
9166,149406,8,3.375,3.31,Kung Fu Panda 3 (2016)
9167,149508,1,5.0,3.42,Spellbound (2011)
9168,149566,1,5.0,3.42,Unicorn City (2012)
9169,149590,1,2.5,3.2,Standoff (2016)
9170,149612,1,2.0,3.15,Swelter (2014)
9171,149830,1,4.5,3.37,Pride and Prejudice and Zombies (2016)
9172,149902,1,2.0,3.15,Garm Wars: The Last Druid (2014)
9173,150254,1,2.0,3.15,The Devil's Candy (2015)
9174,150401,2,3.0,3.22,Close Range (2015)
9175,150548,10,3.85,3.55,Sherlock: The Abominable Bride (2016)
9176,150554,1,5.0,3.42,The Love Bug (1997)
9177,150596,2,4.25,3.42,Doctor Who: The Husbands of River Song (2015)
9178,150604,1,2.5,3.2,Moonwalkers (2015)
9179,150696,1,4.5,3.37,Tomorrow (2015)
9180,150993,1,4.0,3.33,Anacleto: Agente secreto (2015)
9181,151311,1,3.0,3.24,Wiener-Dog (2016)
9182,151315,3,2.0,2.98,Ride Along 2 (2016)
9183,151317,1,2.0,3.15,Maggie's Plan (2015)
9184,151455,3,2.8333333333333335,3.17,Eddie the Eagle (2016)
9185,151479,1,1.5,3.11,The Flash 2 - Revenge of the Trickster (1991)
9186,151501,1,1.5,3.11,Exposed (2016)
9187,151557,1,2.5,3.2,Stonewall (2015)
9188,151559,1,2.0,3.15,Frankenstein (2015)
9189,151653,1,1.5,3.11,Welcome to Happiness (2015)
9190,151687,1,0.5,3.02,Risen (2016)
9191,151695,1,4.0,3.33,The Survivalist (2015)
9192,151739,4,2.875,3.15,Dirty Grandpa (2016)
9193,151745,1,0.5,3.02,Reptilicus (1961)
9194,151759,1,2.5,3.2,Requiem for the American Dream (2015)
9195,151763,2,4.0,3.38,Death Note Rewrite: Genshisuru Kami (2007)
9196,151769,1,5.0,3.42,Three from Prostokvashino (1978)
9197,151777,1,3.0,3.24,The Finest Hours (2016)
9198,151781,1,3.5,3.28,Ghost in the Shell: Solid State Society (2006)
9199,152037,2,2.0,3.06,Grease Live (2016)
9200,152063,1,0.5,3.02,Gods of Egypt (2016)
9201,152065,1,3.5,3.28,Embrace of the Serpent (2016)
9202,152071,1,1.5,3.11,Race (2016)
9203,152077,14,3.6785714285714284,3.5,10 Cloverfield Lane (2016)
9204,152079,2,2.0,3.06,London Has Fallen (2016)
9205,152081,32,3.890625,3.74,Zootopia (2016)
9206,152083,3,3.3333333333333335,3.28,Whiskey Tango Foxtrot (2016)
9207,152085,1,2.5,3.2,Desierto (2016)
9208,152091,4,3.125,3.22,The Brothers Grimsby (2016)
9209,152105,1,4.5,3.37,Dad's Army (1971)
9210,152173,1,4.0,3.33,Michael Jackson's Thriller (1983)
9211,152270,1,3.5,3.28,The Wait (2015)
9212,152284,1,3.5,3.28,War and Peace (2016)
9213,152372,1,3.5,3.28,Southbound (2016)
9214,152591,1,4.0,3.33,Ip Man 3 (2015)
9215,152658,1,1.5,3.11,Santa's Little Helper (2015)
9216,152711,1,5.0,3.42,Who Killed Chea Vichea? (2010)
9217,152970,4,4.375,3.57,Hunt for the Wilderpeople (2016)
9218,153070,1,3.5,3.28,Rabbits (2002)
9219,153236,1,3.0,3.24,Genius Party (2007)
9220,153386,1,3.0,3.24,Long Live Ghosts! (1977)
9221,153408,1,4.0,3.33,Tears for Sale (2008)
9222,154065,1,2.0,3.15,Dad's Army (2016)
9223,154358,1,4.0,3.33,The Barkley Marathons: The Race That Eats Its Young (2015)
9224,154975,1,4.0,3.33,Merci Patron ! (2016)
9225,155064,2,3.0,3.22,The Neon Demon (2016)
9226,155168,1,4.0,3.33,Fraktus (2012)
9227,155288,3,2.8333333333333335,3.17,Eye in the Sky (2016)
9228,155358,1,2.0,3.15,Camino (2016)
9229,155509,3,3.5,3.32,Mr. Right (2016)
9230,155589,1,3.0,3.24,Noin 7 veljestä (1968)
9231,155659,1,4.0,3.33,Florence Foster Jenkins (2016)
9232,155743,1,2.0,3.15,My Big Fat Greek Wedding 2 (2016)
9233,155774,1,3.5,3.28,Neon Bull (2015)
9234,155812,2,3.25,3.26,Get a Job (2016)
9235,155820,2,2.5,3.14,Keanu (2016)
9236,155892,1,2.0,3.15,Me Him Her (2015)
9237,156025,1,5.0,3.42,Ice Age: The Great Egg-Scapade (2016)
9238,156371,3,4.166666666666667,3.47,Everybody Wants Some (2016)
9239,156387,3,3.8333333333333335,3.39,Sing Street (2016)
9240,156553,1,2.5,3.2,Zoom (2015)
9241,156605,1,4.5,3.37,Paterson
9242,156607,3,1.0,2.75,The Huntsman Winter's War (2016)
9243,156609,5,2.6,3.05,Neighbors 2: Sorority Rising (2016)
9244,156675,1,2.0,3.15,Project X (1968)
9245,156706,1,2.5,3.2,The Trust (2016)
9246,156726,3,2.6666666666666665,3.13,Hush (2016)
9247,156781,1,4.0,3.33,Jimmy Carr: Telling Jokes (2009)
9248,156783,1,2.5,3.2,Jimmy Carr: Making People Laugh (2010)
9249,157108,1,4.5,3.37,Texas - Doc Snyder hält die Welt in Atem (1993)
9250,157110,1,4.5,3.37,00 Schneider - Jagd auf Nihil Baxter (1994)
9251,157122,1,3.0,3.24,The Man Who Knew Infinity (2016)
9252,157130,1,2.0,3.15,Despite the Falling Snow (2016)
9253,157172,1,0.5,3.02,Wizards of the Lost Kingdom II (1989)
9254,157200,2,2.25,3.1,Money Monster (2016)
9255,157270,1,2.5,3.2,Barbershop: The Next Cut (2016)
9256,157296,13,3.576923076923077,3.44,Finding Dory (2016)
9257,157312,3,2.6666666666666665,3.13,The Boss (2016)
9258,157340,1,2.5,3.2,The Angry Birds Movie (2016)
9259,157369,1,4.0,3.33,Bakuman (2015)
9260,157407,1,1.5,3.11,I Am Wrath (2016)
9261,157432,1,1.0,3.06,Precious Cargo (2016)
9262,157699,6,3.8333333333333335,3.47,Snowden (2016)
9263,157775,1,5.0,3.42,Tenchi Muyô! In Love (1996)
9264,157865,1,1.5,3.11,Ratchet & Clank (2016)
9265,158022,1,1.5,3.11,Kicking Off (2016)
9266,158027,1,5.0,3.42,SORI: Voice from the Heart (2016)
9267,158035,1,3.5,3.28,Gintama: The Final Chapter - Be Forever Yorozuya (2013)
9268,158238,15,3.8333333333333335,3.6,The Nice Guys (2016)
9269,158254,1,1.5,3.11,Kindergarten Cop 2 (2016)
9270,158388,1,2.5,3.2,Buck Rogers in the 25th Century (1979)
9271,158398,1,5.0,3.42,World of Glory (1991)
9272,158402,1,2.5,3.2,The Crew (2016)
9273,158528,1,2.5,3.2,The Shallows (2016)
9274,158721,1,3.5,3.28,Gen-X Cops (1999)
9275,158783,3,2.6666666666666665,3.13,The Handmaiden (2016)
9276,158813,4,2.0,2.91,Alice Through the Looking Glass (2016)
9277,158830,1,2.5,3.2,The BFG (2016)
9278,158842,1,3.5,3.28,My Scientology Movie (2016)
9279,158872,7,3.642857142857143,3.42,Sausage Party (2016)
9280,158874,1,3.0,3.24,Karate Bullfighter (1975)
9281,158882,1,5.0,3.42,All Yours (2016)
9282,158956,2,2.5,3.14,Kill Command (2016)
9283,158966,5,4.5,3.67,Captain Fantastic (2016)
9284,158972,3,3.6666666666666665,3.35,Toni Erdmann (2016)
9285,159061,1,3.0,3.24,The Wailing (2016)
9286,159069,1,4.5,3.37,Comedy of the Strict Regime (1993)
9287,159077,1,2.5,3.2,The Meddler (2016)
9288,159093,11,3.6363636363636362,3.45,Now You See Me 2 (2016)
9289,159161,1,4.5,3.37,Ali Wong: Baby Cobra (2016)
9290,159193,1,3.0,3.24,Café Society (2016)
9291,159403,1,3.0,3.24,Neo Tokyo (1987)
9292,159415,2,3.25,3.26,Swiss Army Man (2016)
9293,159441,2,3.5,3.3,The Do-Over (2016)
9294,159510,1,2.0,3.15,Death Smiles on a Murderer (1973)
9295,159690,1,2.0,3.15,Teenage Mutant Ninja Turtles: Out of the Shadows (2016)
9296,159717,2,3.75,3.34,The Fundamentals of Caring (2016)
9297,159755,2,2.75,3.18,Popstar: Never Stop Never Stopping (2016)
9298,159779,1,4.0,3.33,A Midsummer Night's Dream (2016)
9299,159811,1,5.0,3.42,The Bremen Town Musicians (1969)
9300,159817,7,4.214285714285714,3.65,Planet Earth (2006)
9301,159849,1,2.5,3.2,Bo Burnham: Make Happy (2016)
9302,159858,2,2.25,3.1,The Conjuring 2 (2016)
9303,159976,1,4.5,3.37,Pelé: Birth of a Legend (2016)
9304,160080,8,3.125,3.2,Ghostbusters (2016)
9305,160271,4,3.625,3.36,Central Intelligence (2016)
9306,160289,1,4.5,3.37,O.J.: Made in America (2016)
9307,160341,1,2.5,3.2,Bloodmoon (1997)
9308,160400,1,3.0,3.24,Genius (2016)
9309,160422,1,3.0,3.24,The Wooden Horse (1950)
9310,160438,9,2.7222222222222223,3.01,Jason Bourne (2016)
9311,160440,1,1.5,3.11,The Maid's Room (2014)
9312,160527,1,4.5,3.37,Sympathy for the Underdog (1971)
9313,160563,6,3.0833333333333335,3.2,The Legend of Tarzan (2016)
9314,160565,2,2.75,3.18,The Purge: Election Year (2016)
9315,160567,3,3.3333333333333335,3.28,Mike & Dave Need Wedding Dates (2016)
9316,160569,1,1.0,3.06,Ice Age: Collision Course (2016)
9317,160571,2,3.0,3.22,Lights Out (2016)
9318,160573,1,3.0,3.24,Pete's Dragon (2016)
9319,160644,1,5.0,3.42,Indignation (2016)
9320,160646,1,2.5,3.2,Goat (2016)
9321,160684,1,3.5,3.28,Marauders (2016)
9322,160718,2,4.5,3.46,Piper (2016)
9323,160730,1,2.0,3.15,The Adderall Diaries (2015)
9324,160836,1,3.0,3.24,Hazard (2005)
9325,160848,1,4.5,3.37,The Red Turtle (2016)
9326,160872,1,0.5,3.02,Satanic (2016)
9327,160954,4,2.625,3.09,Nerve (2016)
9328,160978,1,1.0,3.06,Hellevator (2004)
9329,160980,6,3.1666666666666665,3.23,Sully (2016)
9330,161008,1,2.5,3.2,The Forbidden Dance (1990)
9331,161024,1,4.5,3.37,Jim Jefferies: Freedumb (2016)
9332,161032,1,2.5,3.2,The Grandmother (1970)
9333,161044,1,3.0,3.24,Webmaster (1998)
9334,161127,2,3.75,3.34,The Infiltrator (2016)
9335,161131,8,3.625,3.42,War Dogs (2016)
9336,161290,1,1.0,3.06,Vigilante Diaries (2016)
9337,161354,1,3.0,3.24,Batman: The Killing Joke (2016)
9338,161580,3,3.8333333333333335,3.39,Bad Moms (2016)
9339,161582,8,3.5625,3.39,Hell or High Water (2016)
9340,161594,1,3.5,3.28,Kingsglaive: Final Fantasy XV (2016)
9341,161634,5,3.3,3.27,Don't Breathe (2016)
9342,161830,1,1.0,3.06,Body (2015)
9343,161918,1,1.5,3.11,Sharknado 4: The 4th Awakens (2016)
9344,161922,2,3.25,3.26,The Edge of Seventeen (2016)
9345,161966,1,4.0,3.33,Elle (2016)
9346,162082,1,3.5,3.28,Train to Busan (2016)
9347,162344,1,5.0,3.42,Tom Segura: Mostly Stories (2016)
9348,162350,6,3.5833333333333335,3.38,The Magnificent Seven (2016)
9349,162414,1,5.0,3.42,Moonlight
9350,162478,3,4.0,3.43,Masterminds (2016)
9351,162578,6,4.0,3.53,Kubo and the Two Strings (2016)
9352,162590,1,1.0,3.06,Bridget Jones's Baby (2016)
9353,162598,1,3.5,3.28,Deepwater Horizon (2016)
9354,162600,3,3.0,3.2,Miss Peregrine's Home for Peculiar Children (2016)
9355,162602,1,4.5,3.37,The Girl on the Train (2016)
9356,162606,6,3.0,3.17,The Accountant (2016)
9357,162828,1,2.5,3.2,Imperium (2016)
9358,162968,1,4.0,3.33,Kizumonogatari Part 1: Tekketsu (2016)
9359,162982,1,3.0,3.24,Steins;Gate the Movie: The Burden of Déjà vu (2013)
9360,163056,1,4.0,3.33,Shin Godzilla (2016)
9361,163072,1,5.0,3.42,Winnie Pooh (1969)
9362,163112,1,5.0,3.42,Winnie the Pooh Goes Visiting (1971)
9363,163134,3,4.0,3.43,Your Name. (2016)
9364,163386,1,5.0,3.42,Winnie the Pooh and the Day of Concern (1972)
9365,163527,1,4.0,3.33,Comedy Central Roast of David Hasselhoff (2010)
9366,163639,1,4.0,3.33,DC Super Hero Girls: Hero of the Year (2016)
9367,163645,8,3.9375,3.56,Hacksaw Ridge (2016)
9368,163653,1,3.0,3.24,David Cross: Making America Great Again (2016)
9369,163809,1,2.5,3.2,Over the Garden Wall (2013)
9370,163925,1,5.0,3.42,"Wings, Legs and Tails (1986)"
9371,163937,1,3.5,3.28,Blair Witch (2016)
9372,163981,1,3.5,3.28,31 (2016)
9373,163985,1,4.5,3.37,ARQ (2016)
9374,164179,26,3.980769230769231,3.78,Arrival (2016)
9375,164200,2,4.0,3.38,Storks (2016)
9376,164226,1,4.5,3.37,Maximum Ride (2016)
9377,164280,1,3.5,3.28,Endless Poetry (2016)
9378,164367,1,5.0,3.42,The Girl with All the Gifts (2016)
9379,164375,1,1.5,3.11,All Roads Lead to Rome (2016)
9380,164540,1,3.5,3.28,Amanda Knox (2016)
9381,164647,1,2.5,3.2,Dirty 30 (2016)
9382,164655,1,2.0,3.15,Gimme Danger (2016)
9383,164707,1,4.0,3.33,Go Figure (2005)
9384,164753,1,2.0,3.15,Anything for Love (2016)
9385,164881,1,1.5,3.11,Night Guards (2016)
9386,164909,9,3.388888888888889,3.32,La La Land (2016)
9387,164917,2,4.5,3.46,13th (2016)
9388,165075,1,2.5,3.2,London Town (2016)
9389,165101,4,2.875,3.15,Inferno (2016)
9390,165103,2,3.75,3.34,Keeping Up with the Joneses (2016)
9391,165139,1,2.0,3.15,Wild Oats (2016)
9392,165343,1,1.5,3.11,The Rocky Horror Picture Show: Let's Do the Time Warp Again (2016)
9393,165347,1,2.0,3.15,Jack Reacher: Never Go Back (2016)
9394,165483,1,4.0,3.33,Joe Rogan: Triggered (2016)
9395,165489,1,2.5,3.2,Ethel & Ernest (2016)
9396,165529,1,2.0,3.15,Flowers for Algernon (2000)
9397,165549,5,2.9,3.14,Manchester by the Sea (2016)
9398,165551,1,4.5,3.37,Lion (2016)
9399,165635,1,1.0,3.06,The Thinning (2016)
9400,165639,3,3.8333333333333335,3.39,While You Were Fighting: A Thor Mockumentary (2016)
9401,165645,1,0.5,3.02,Bad Santa 2 (2016)
9402,165671,1,4.5,3.37,Ice Guardians (2016)
9403,165843,1,4.0,3.33,Risk (2016)
9404,165947,2,3.25,3.26,The True Memoirs of an International Assassin (2016)
9405,165959,1,5.0,3.42,Alesha Popovich and Tugarin the Dragon (2004)
9406,165969,2,4.0,3.38,HyperNormalisation (2016)
9407,166015,1,3.5,3.28,The African Doctor (2016)
9408,166024,2,4.75,3.5,Whiplash (2013)
9409,166183,1,5.0,3.42,Junior and Karlson (1968)
9410,166203,1,4.0,3.33,Sapphire Blue (2014)
9411,166291,2,4.0,3.38,A Silent Voice (2016)
9412,166461,10,3.45,3.35,Moana (2016)
9413,166492,3,3.5,3.32,Office Christmas Party (2016)
9414,166526,1,1.0,3.06,The Space Between Us (2016)
9415,166528,27,3.925925925925926,3.74,Rogue One: A Star Wars Story (2016)
9416,166534,6,3.3333333333333335,3.29,Split (2017)
9417,166558,1,3.0,3.24,Underworld: Blood Wars (2016)
9418,166568,2,4.5,3.46,Miss Sloane (2016)
9419,166635,6,3.6666666666666665,3.41,Passengers (2016)
9420,166643,10,3.8,3.53,Hidden Figures (2016)
9421,166705,1,3.0,3.24,Fences (2016)
9422,166946,2,4.25,3.42,The Founder (2016)
9423,167018,4,3.125,3.22,Why Him? (2016)
9424,167036,4,3.75,3.4,Sing (2016)
9425,167064,1,5.0,3.42,I Am Not Your Negro (2017)
9426,167296,1,0.5,3.02,Iron Man (1931)
9427,167370,2,2.5,3.14,Assassin's Creed (2016)
9428,167380,1,4.5,3.37,A Dog's Purpose (2017)
9429,167538,1,1.0,3.06,Microwave Massacre (1983)
9430,167570,1,4.0,3.33,The OA
9431,167634,1,4.5,3.37,Fist Fight (2017)
9432,167706,1,2.5,3.2,Shakespeare Behind Bars (2005)
9433,167732,1,3.5,3.28,A Street Cat Named Bob (2016)
9434,167746,7,3.7142857142857144,3.44,The Lego Batman Movie (2017)
9435,167772,1,1.5,3.11,The Spirit of Christmas (1995)
9436,167790,1,3.5,3.28,The Good Boy (2016)
9437,167854,1,4.5,3.37,"Dana Carvey: Straight White Male, 60 (2016)"
9438,168026,1,4.0,3.33,Marvel One-Shot: Agent Carter (2013)
9439,168090,1,4.0,3.33,Kizumonogatari II: Passionate Blood (2016)
9440,168144,1,4.0,3.33,Joe Rogan: Live (2006)
9441,168174,1,3.0,3.24,Jim Gaffigan: Cinco (2017)
9442,168218,1,4.5,3.37,Kizumonogatari III: Cold Blood (2017)
9443,168248,7,4.142857142857143,3.62,John Wick: Chapter Two (2017)
9444,168250,15,3.6333333333333333,3.48,Get Out (2017)
9445,168252,25,4.28,3.98,Logan (2017)
9446,168254,4,3.125,3.22,Kong: Skull Island (2017)
9447,168266,4,3.75,3.4,T2: Trainspotting (2017)
9448,168326,4,4.0,3.47,The Big Sick (2017)
9449,168350,1,2.5,3.2,100 Streets (2016)
9450,168358,1,2.5,3.2,Saturn 3 (1980)
9451,168366,2,3.5,3.3,Beauty and the Beast (2017)
9452,168418,5,3.8,3.44,The Boss Baby (2017)
9453,168456,1,2.0,3.15,Mercury Plains (2016)
9454,168492,4,3.75,3.4,Call Me by Your Name (2017)
9455,168608,1,3.0,3.24,Mudbound (2017)
9456,168612,2,3.75,3.34,Ghost in the Shell (2017)
9457,168632,1,4.0,3.33,Bill Burr: Walk Your Way Out (2017)
9458,168712,1,1.0,3.06,Fifty Shades Darker (2017)
9459,168846,1,4.5,3.37,Neal Brennan: 3 Mics (2017)
9460,169034,1,4.5,3.37,Lemonade (2016)
9461,169180,1,2.5,3.2,American Fable (2017)
9462,169670,1,1.5,3.11,The Void (2016)
9463,169904,1,2.0,3.15,Guyver: Dark Hero (1994)
9464,169912,2,3.0,3.22,Denis Leary: No Cure for Cancer (1993)
9465,169958,1,1.0,3.06,Buster's Mal Heart (2017)
9466,169982,1,3.0,3.24,Power Rangers (2017)
9467,169984,5,2.8,3.11,Alien: Covenant (2017)
9468,169992,1,3.5,3.28,Free Fire (2017)
9469,170289,1,1.0,3.06,Species III (2004)
9470,170297,1,2.0,3.15,Ultimate Avengers 2 (2006)
9471,170355,2,3.75,3.34,Mulholland Dr. (1999)
9472,170357,1,4.0,3.33,Dave Chappelle: The Age of Spin (2017)
9473,170399,1,4.0,3.33,CHiPS (2017)
9474,170401,1,3.0,3.24,Table 19 (2017)
9475,170411,1,4.0,3.33,Dave Chappelle: Deep in the Heart of Texas (2017)
9476,170551,1,2.5,3.2,The Quiet Family (1998)
9477,170597,1,5.0,3.42,A Plasticine Crow (1981)
9478,170697,4,4.125,3.5,Gifted (2017)
9479,170705,7,4.285714285714286,3.67,Band of Brothers (2001)
9480,170777,1,5.0,3.42,There Once Was a Dog (1982)
9481,170813,3,3.0,3.2,Baywatch (2017)
9482,170817,1,4.0,3.33,Snatched (2017)
9483,170827,1,3.5,3.28,The Mummy (2017)
9484,170837,1,4.0,3.33,Life-Size (2000)
9485,170875,3,2.3333333333333335,3.05,The Fate of the Furious (2017)
9486,170897,1,2.0,3.15,Sandy Wexler (2017)
9487,170907,1,4.0,3.33,Betting on Zero (2016)
9488,170937,1,3.0,3.24,Win It All (2017)
9489,170939,1,3.5,3.28,Captain Underpants: The First Epic Movie (2017)
9490,170945,1,3.5,3.28,It Comes at Night (2017)
9491,170957,1,3.0,3.24,Cars 3 (2017)
9492,170993,1,4.0,3.33,Mini's First Time (2006)
9493,171011,5,4.2,3.57,Planet Earth II (2016)
9494,171023,1,4.0,3.33,The Hero (2017)
9495,171251,1,4.0,3.33,"Nobody Speak: Hulk Hogan, Gawker and Trials of a Free Press (2017)"
9496,171495,2,4.5,3.46,Cosmos
9497,171631,1,1.0,3.06,Maria Bamford: Old Baby
9498,171695,1,3.0,3.24,Robin Williams: Live on Broadway (2002)
9499,171701,1,3.5,3.28,The Death of Louis XIV (2016)
9500,171749,1,5.0,3.42,Death Note: Desu nôto (2006–2007)
9501,171751,1,2.5,3.2,Munna bhai M.B.B.S. (2003)
9502,171759,1,3.0,3.24,The Beguiled (2017)
9503,171763,9,4.333333333333333,3.76,Baby Driver (2017)
9504,171765,2,3.75,3.34,Okja (2017)
9505,171811,1,4.0,3.33,Embassy (2013)
9506,171867,2,3.25,3.26,Rough Night (2017)
9507,171891,1,3.5,3.28,Generation Iron 2
9508,171917,1,4.5,3.37,Mystère à la Tour Eiffel (2015)
9509,172013,1,3.0,3.24,Stefan Zweig: Farewell to Europe (2016)
9510,172215,2,2.75,3.18,Saved by the Bell: Hawaiian Style (1992)
9511,172229,1,3.0,3.24,Plain Clothes (1988)
9512,172233,1,2.5,3.2,The Prime Gig (2000)
9513,172253,1,3.0,3.24,The Night Before (1988)
9514,172321,1,2.0,3.15,Late Night with Conan O'Brien: The Best of Triumph the Insult Comic Dog (2004)
9515,172461,1,3.0,3.24,Get Me Roger Stone (2017)
9516,172497,1,4.0,3.33,T2 3-D: Battle Across Time (1996)
9517,172547,2,2.25,3.1,Despicable Me 3 (2017)
9518,172577,1,5.0,3.42,Last Year's Snow Was Falling (1983)
9519,172583,1,5.0,3.42,Investigation Held by Kolobki (1986)
9520,172585,1,5.0,3.42,Karlson Returns (1970)
9521,172587,1,5.0,3.42,Vacations in Prostokvashino (1980)
9522,172589,1,5.0,3.42,Winter in Prostokvashino (1984)
9523,172591,2,4.75,3.5,The Godfather Trilogy: 1972-1990 (1992)
9524,172637,1,5.0,3.42,Priklyucheniya Kapitana Vrungelya (1979)
9525,172705,1,5.0,3.42,Tickling Giants (2017)
9526,172793,1,5.0,3.42,Vovka in the Kingdom of Far Far Away (1965)
9527,172825,1,4.5,3.37,Adventures of Mowgli: The Kidnapping (1968)
9528,172875,1,5.0,3.42,A Detective Story (2003)
9529,172881,1,3.5,3.28,Final Flight of the Osiris (2003)
9530,172887,1,3.0,3.24,Kid's Story (2003)
9531,172909,1,5.0,3.42,Cheburashka (1971)
9532,173145,4,2.875,3.15,War for the Planet of the Apes (2017)
9533,173197,2,4.25,3.42,The Square (2017)
9534,173205,1,4.0,3.33,The Meyerowitz Stories (2017)
9535,173209,1,4.0,3.33,War Machine (2017)
9536,173235,1,4.5,3.37,Tokyo Idols (2017)
9537,173253,1,3.5,3.28,Vir Das: Abroad Understanding (2017)
9538,173255,1,2.5,3.2,"Norm Macdonald: Hitler's Dog, Gossip & Trickery (2017)"
9539,173291,4,2.875,3.15,Valerian and the City of a Thousand Planets (2017)
9540,173307,1,0.5,3.02,The Gracefield Incident (2015)
9541,173317,1,4.5,3.37,Shadow World (2016)
9542,173351,1,5.0,3.42,Wow! A Talking Fish! (1983)
9543,173355,1,5.0,3.42,Travels of an Ant (1983)
9544,173535,1,4.5,3.37,The Adventures of Sherlock Holmes and Doctor Watson: The Hunt for the Tiger (1980)
9545,173619,1,5.0,3.42,Fugitives (1986)
9546,173751,1,2.0,3.15,Tiger Raid (2016)
9547,173873,1,2.0,3.15,Gulliver's Travels (1996)
9548,173925,2,4.25,3.42,Seven Sisters (2017)
9549,173941,1,3.0,3.24,Atomic Blonde (2017)
9550,173963,1,5.0,3.42,Empties (2007)
9551,174045,1,4.0,3.33,Goon: Last of the Enforcers (2017)
9552,174053,4,4.75,3.68,Black Mirror: White Christmas (2014)
9553,174055,13,3.423076923076923,3.35,Dunkirk (2017)
9554,174141,1,3.5,3.28,Belladonna of Sadness (1973)
9555,174403,1,2.5,3.2,The Putin Interviews (2017)
9556,174479,1,4.0,3.33,Unedited Footage of a Bear (2014)
9557,174551,1,5.0,3.42,Obsession (1965)
9558,174681,1,3.5,3.28,"Oh, Hello: On Broadway (2017)"
9559,174727,1,3.0,3.24,Good Time (2017)
9560,174737,1,3.0,3.24,Don Camillo in Moscow (1965)
9561,174815,1,3.5,3.28,The House (2017)
9562,174909,1,4.5,3.37,Logan Lucky (2017)
9563,175197,1,3.5,3.28,The Dark Tower (2017)
9564,175199,1,4.0,3.33,Annabelle: Creation (2017)
9565,175293,1,5.0,3.42,Gena the Crocodile (1969)
9566,175303,9,3.3333333333333335,3.3,It (2017)
9567,175387,1,5.0,3.42,On the Trail of the Bremen Town Musicians (1973)
9568,175397,1,5.0,3.42,"In the blue sea, in the white foam. (1984)"
9569,175401,1,4.0,3.33,Wolf and Calf (1984)
9570,175431,1,5.0,3.42,Bobik Visiting Barbos (1977)
9571,175435,1,4.5,3.37,The Magic Ring (1982)
9572,175475,1,0.5,3.02,The Emoji Movie (2017)
9573,175485,3,1.6666666666666667,2.9,Death Note (2017)
9574,175569,5,3.4,3.31,Wind River (2017)
9575,175577,1,1.5,3.11,Rory Scovel Tries Stand-Up for the First Time (2017)
9576,175585,1,3.5,3.28,Shot Caller (2017)
9577,175661,3,2.6666666666666665,3.13,The Hitman's Bodyguard (2017)
9578,175693,1,2.5,3.2,Rick and Morty: State of Georgia Vs. Denver Fenton Allen (2016)
9579,175705,1,3.5,3.28,Themroc (1973)
9580,175707,1,3.0,3.24,A German Life (2016)
9581,175743,1,3.0,3.24,Self-criticism of a Bourgeois Dog (2017)
9582,175781,1,3.0,3.24,Der Herr Karl (1961)
9583,176051,1,3.5,3.28,LEGO DC Super Hero Girls: Brain Drain (2017)
9584,176101,8,3.0625,3.18,Kingsman: The Golden Circle (2017)
9585,176329,1,4.0,3.33,Ari Shaffir: Double Negative (2017)
9586,176371,18,3.8055555555555554,3.61,Blade Runner 2049 (2017)
9587,176389,1,2.0,3.15,The Nut Job 2: Nutty by Nature (2017)
9588,176413,1,4.5,3.37,Bliss (2012)
9589,176415,1,3.5,3.28,Alles Inklusive (2014)
9590,176419,2,3.25,3.26,Mother! (2017)
9591,176423,1,4.0,3.33,Icarus (2017)
9592,176579,1,1.0,3.06,Cage Dive (2017)
9593,176601,1,5.0,3.42,Black Mirror
9594,176621,1,2.0,3.15,Boniface's Holiday (1965)
9595,176751,2,4.5,3.46,American Made (2017)
9596,176805,1,4.0,3.33,Little Boxes (2017)
9597,176935,1,2.0,3.15,Geostorm (2017)
9598,177185,1,4.5,3.37,Maz Jobrani: Immigrant (2017)
9599,177285,1,3.0,3.24,Sword Art Online The Movie: Ordinal Scale (2017)
9600,177593,8,4.75,3.91,"Three Billboards Outside Ebbing, Missouri (2017)"
9601,177615,3,3.3333333333333335,3.28,Lady Bird (2017)
9602,177763,3,2.8333333333333335,3.17,Murder on the Orient Express (2017)
9603,177765,13,3.5384615384615383,3.42,Coco (2017)
9604,177939,1,4.5,3.37,"The Night Is Short, Walk on Girl (2017)"
9605,178061,3,3.3333333333333335,3.28,"I, Tonya (2017)"
9606,178111,1,2.0,3.15,"Fireworks, Should We See It from the Side or the Bottom? (2017)"
9607,178129,1,3.5,3.28,Adventures in Plymptoons! (2011)
9608,178323,1,3.5,3.28,Gaga: Five Foot Two (2017)
9609,178613,1,4.0,3.33,Dave Chappelle: Killin' Them Softly (2000)
9610,178615,1,3.5,3.28,Front Cover (2016)
9611,178827,2,4.25,3.42,Paddington 2 (2017)
9612,179053,1,3.5,3.28,2048: Nowhere to Run (2017)
9613,179073,1,3.0,3.24,Male Hunt (1964)
9614,179119,1,4.0,3.33,The Death of Stalin (2017)
9615,179133,1,5.0,3.42,Loving Vincent (2017)
9616,179135,1,5.0,3.42,Blue Planet II (2017)
9617,179211,2,3.0,3.22,Christina P: Mother Inferior (2017)
9618,179401,6,3.6666666666666665,3.41,Jumanji: Welcome to the Jungle (2017)
9619,179427,1,4.0,3.33,Dane Cook: Troublemaker (2014)
9620,179491,1,1.0,3.06,Mayhem (2017)
9621,179511,1,4.0,3.33,Emerald Green (2016)
9622,179709,1,3.0,3.24,Wonder Wheel (2017)
9623,179749,1,1.5,3.11,Creep 2 (2017)
9624,179813,1,4.0,3.33,LBJ (2017)
9625,179815,1,1.5,3.11,"Roman J. Israel, Esq. (2017)"
9626,179817,3,3.8333333333333335,3.39,Darkest Hour (2017)
9627,179819,12,3.125,3.19,Star Wars: The Last Jedi (2017)
9628,179953,1,3.5,3.28,A Bad Moms Christmas (2017)
9629,180031,8,3.6875,3.45,The Shape of Water (2017)
9630,180045,1,4.0,3.33,Molly's Game (2017)
9631,180095,3,4.0,3.43,Wonder (2017)
9632,180231,1,4.0,3.33,Daddy's Home 2 (2017)
9633,180263,1,2.0,3.15,The Shining (1997)
9634,180265,1,4.5,3.37,Jim & Andy: The Great Beyond (2017)
9635,180297,2,3.75,3.34,The Disaster Artist (2017)
9636,180497,2,4.25,3.42,The Post (2017)
9637,180777,1,4.5,3.37,Die Frauen von Ravensbrück (2005)
9638,180985,5,3.0,3.18,The Greatest Showman (2017)
9639,180987,1,1.5,3.11,Ferdinand (2017)
9640,181065,2,3.75,3.34,Jack Whitehall: At Large (2017)
9641,181139,1,1.5,3.11,Lynne Koplitz: Hormonal Beast (2017)
9642,181315,1,3.5,3.28,Phantom Thread (2017)
9643,181413,1,4.5,3.37,Too Funny to Fail: The Life and Death of The Dana Carvey Show (2017)
9644,181659,1,2.5,3.2,Craig Ferguson: Tickle Fight (2017)
9645,181719,1,3.5,3.28,Serving in Silence: The Margarethe Cammermeyer Story (1995)
9646,182293,1,4.0,3.33,Hare-um Scare-um (1939)
9647,182297,1,4.0,3.33,Porky in Wackyland (1938)
9648,182299,1,4.0,3.33,Porky's Hare Hunt (1938)
9649,182639,1,4.0,3.33,The Second Renaissance Part II (2003)
9650,182715,3,3.8333333333333335,3.39,Annihilation (2018)
9651,182727,1,2.0,3.15,A Christmas Story Live! (2017)
9652,182731,1,4.5,3.37,Pixel Perfect (2004)
9653,182749,1,2.5,3.2,Judd Apatow: The Return (2017)
9654,182793,1,3.5,3.28,The Purple Sea (2009)
9655,182823,4,2.875,3.15,Bright (2017)
9656,183011,1,1.5,3.11,The Commuter (2018)
9657,183197,1,3.5,3.28,Dave Chappelle: Equanimity (2017)
9658,183199,1,4.0,3.33,Quest (2017)
9659,183227,1,3.5,3.28,Dave Chappelle: The Bird Revelation (2017)
9660,183295,1,3.5,3.28,Insidious: The Last Key (2018)
9661,183301,1,3.0,3.24,The Tale of the Bunny Picnic (1986)
9662,183317,1,4.5,3.37,Patti Rocks (1988)
9663,183611,1,4.0,3.33,Game Night (2018)
9664,183635,1,3.5,3.28,Maze Runner: The Death Cure (2018)
9665,183897,5,3.5,3.34,Isle of Dogs (2018)
9666,183911,1,1.5,3.11,The Clapper (2018)
9667,183959,1,4.5,3.37,Tom Segura: Disgraceful (2018)
9668,184015,2,3.5,3.3,When We First Met (2018)
9669,184053,1,2.0,3.15,Battle Planet (2008)
9670,184245,1,5.0,3.42,De platte jungle (1978)
9671,184253,2,2.25,3.1,The Cloverfield Paradox (2018)
9672,184257,1,4.0,3.33,Making a Murderer (2015)
9673,184349,1,3.5,3.28,Elsa & Fred (2005)
9674,184471,4,2.5,3.05,Tomb Raider (2018)
9675,184641,1,0.5,3.02,Fullmetal Alchemist 2018 (2017)
9676,184721,1,4.0,3.33,First Reformed (2017)
9677,184791,2,3.25,3.26,Fred Armisen: Standup for Drummers (2018)
9678,184931,1,4.0,3.33,Death Wish (2018)
9679,184987,1,3.0,3.24,A Wrinkle in Time (2018)
9680,184997,1,4.0,3.33,"Love, Simon (2018)"
9681,185029,4,2.75,3.12,A Quiet Place (2018)
9682,185031,1,4.5,3.37,Alpha (2018)
9683,185033,1,2.0,3.15,I Kill Giants (2018)
9684,185135,2,4.75,3.5,Sherlock - A Study in Pink (2010)
9685,185435,1,3.0,3.24,"Game Over, Man! (2018)"
9686,185473,1,3.0,3.24,Blockers (2018)
9687,185585,2,2.75,3.18,Pacific Rim: Uprising (2018)
9688,186587,1,3.0,3.24,Rampage (2018)
9689,187031,2,3.25,3.26,Jurassic World: Fallen Kingdom (2018)
9690,187541,4,3.0,3.19,Incredibles 2 (2018)
9691,187593,12,3.875,3.59,Deadpool 2 (2018)
9692,187595,5,3.9,3.47,Solo: A Star Wars Story (2018)
9693,187717,1,5.0,3.42,Won't You Be My Neighbor? (2018)
9694,188189,1,4.5,3.37,Sorry to Bother You (2018)
9695,188301,3,3.6666666666666665,3.35,Ant-Man and the Wasp (2018)
9696,188675,1,3.5,3.28,Dogman (2018)
9697,188751,1,4.5,3.37,Mamma Mia: Here We Go Again! (2018)
9698,188797,1,4.0,3.33,Tag (2018)
9699,188833,1,4.5,3.37,The Man Who Killed Don Quixote (2018)
9700,189043,1,2.5,3.2,Boundaries (2018)
9701,189111,1,3.0,3.24,Spiral (2018)
9702,189333,2,3.75,3.34,Mission: Impossible - Fallout (2018)
9703,189381,1,2.5,3.2,SuperFly (2018)
9704,189547,1,1.0,3.06,Iron Soldier (2010)
9705,189713,1,2.5,3.2,BlacKkKlansman (2018)
9706,190183,1,3.5,3.28,The Darkest Minds (2018)
9707,190207,1,1.5,3.11,Tilt (2011)
9708,190209,1,4.0,3.33,Jeff Ross Roasts the Border (2017)
9709,190213,1,1.0,3.06,John From (2015)
9710,190215,1,1.5,3.11,Liquid Truth (2017)
9711,190219,1,1.0,3.06,Bunny (1998)
9712,190221,1,1.0,3.06,Hommage à Zgougou (et salut à Sabine Mamou) (2002)
9713,191005,1,4.5,3.37,Gintama (2017)
9714,193565,1,3.5,3.28,Gintama: The Movie (2010)
9715,193567,1,3.0,3.24,anohana: The Flower We Saw That Day - The Movie (2013)
9716,193571,1,4.0,3.33,Silver Spoon (2014)
9717,193573,1,4.0,3.33,Love Live! The School Idol Movie (2015)
9718,193579,1,3.5,3.28,Jon Stewart Has Left the Building (2015)
9719,193581,1,4.0,3.33,Black Butler: Book of the Atlantic (2017)
9720,193583,1,3.5,3.28,No Game No Life: Zero (2017)
9721,193585,1,3.5,3.28,Flint (2017)
9722,193587,1,3.5,3.28,Bungo Stray Dogs: Dead Apple (2018)
9723,193609,1,4.0,3.33,Andrew Dice Clay: Dice Rules (1991)
